station,index,x,xeff,Rex,Ue,y,eta,u_over_Ue,blasius_fp,residual
x030,212,0.29981233243967831,0.98924301343967835,98919.478711298842,0.99995124926227963,0,0,0,0,0
x030,212,0.29981233243967831,0.98924301343967835,98919.478711298842,0.99995124926227963,0.00014173998044965787,0.045064056871271838,0.014947721279946501,0.014963841209360366,-1.6119929413865516e-05
x030,212,0.29981233243967831,0.98924301343967835,98919.478711298842,0.99995124926227963,0.00028347996089931574,0.090128113742543675,0.029895960639462902,0.029927549787161799,-3.1589147698896786e-05
x030,212,0.29981233243967831,0.98924301343967835,98919.478711298842,0.99995124926227963,0.00042521994134897361,0.13519217061381553,0.044844302937028326,0.04489078470216145,-4.648176513312452e-05
x030,212,0.29981233243967831,0.98924301343967835,98919.478711298842,0.99995124926227963,0.00056695992179863148,0.18025622748508735,0.059792169848855901,0.059852977627498027,-6.0807778642125998e-05
x030,212,0.29981233243967831,0.98924301343967835,98919.478711298842,0.99995124926227963,0.00070869990224828934,0.2253202843563592,0.074738746134018985,0.0748133330673309,-7.4586933311915349e-05
x030,212,0.29981233243967831,0.98924301343967835,98919.478711298842,0.99995124926227963,0.00085043988269794721,0.27038434122763105,0.089683005890099282,0.089770828597387581,-8.7822707288298663e-05
x030,212,0.29981233243967831,0.98924301343967835,98919.478711298842,0.99995124926227963,0.00099217986314760519,0.3154483980989029,0.10462369729425014,0.10472421525725684,-0.00010051796300669658
x030,212,0.29981233243967831,0.98924301343967835,98919.478711298842,0.99995124926227963,0.001133919843597263,0.3605124549701747,0.11955934592506599,0.11967201813210271,-0.00011267220703671532
x030,212,0.29981233243967831,0.98924301343967835,98919.478711298842,0.99995124926227963,0.0012756598240469209,0.40557651184144661,0.13448825161655059,0.1346125371612204,-0.00012428554466981101
x030,212,0.29981233243967831,0.98924301343967835,98919.478711298842,0.99995124926227963,0.0014173998044965787,0.4506405687127184,0.14940848970134427,0.14954384807464016,-0.00013535837329589628
x030,212,0.29981233243967831,0.98924301343967835,98919.478711298842,0.99995124926227963,0.0015591397849462367,0.49570462558399025,0.16431791153440223,0.16446380402189997,-0.00014589248749774519
x030,212,0.29981233243967831,0.98924301343967835,98919.478711298842,0.99995124926227963,0.0017008797653958944,0.54076868245526211,0.17921414635533833,0.17937003722870559,-0.00015589087336725926
x030,212,0.29981233243967831,0.98924301343967835,98919.478711298842,0.99995124926227963,0.0018426197458455524,0.58583273932653401,0.1940946033731456,0.19425996094704351,-0.00016535757389790628
x030,212,0.29981233243967831,0.98924301343967835,98919.478711298842,0.99995124926227963,0.0019843597262952104,0.63089679619780581,0.20895647445431006,0.20913077200573835,-0.00017429755142828185
x030,212,0.29981233243967831,0.98924301343967835,98919.478711298842,0.99995124926227963,0.0021260997067448681,0.67596085306907761,0.22379673718474133,0.22397945373602551,-0.0001827165512841844
x030,212,0.29981233243967831,0.98924301343967835,98919.478711298842,0.99995124926227963,0.0022678396871945259,0.7210249099403494,0.23861215839985223,0.23880277936756369,-0.00019062096771146897
x030,212,0.29981233243967831,0.98924301343967835,98919.478711298842,0.99995124926227963,0.0024095796676441837,0.76608896681162131,0.2533992981642274,0.25359731592492896,-0.00019801776070155208
x030,212,0.29981233243967831,0.98924301343967835,98919.478711298842,0.99995124926227963,0.0025513196480938419,0.81115302368289321,0.26815451425154951,0.26835942865280182,-0.00020491440125230964
x030,212,0.29981233243967831,0.98924301343967835,98919.478711298842,0.99995124926227963,0.0026930596285434996,0.85621708055416501,0.2828739671516009,0.28308528579279735,-0.00021131864119644517
x030,212,0.29981233243967831,0.98924301343967835,98919.478711298842,0.99995124926227963,0.0028347996089931574,0.90128113742543681,0.29755362564173293,0.29777086409209619,-0.00021723845036325518
x030,212,0.29981233243967831,0.98924301343967835,98919.478711298842,0.99995124926227963,0.0029765395894428151,0.9463451942967086,0.31218927295077842,0.31241195616429907,-0.00022268321352064691
x030,212,0.29981233243967831,0.98924301343967835,98919.478711298842,0.99995124926227963,0.0031182795698924733,0.99140925116798051,0.32677651354077103,0.32700417581438335,-0.00022766227361231683
x030,212,0.29981233243967831,0.98924301343967835,98919.478711298842,0.99995124926227963,0.0032600195503421311,1.0364733080392523,0.34131078052530867,0.34154296595189626,-0.00023218542658759445
x030,212,0.29981233243967831,0.98924301343967835,98919.478711298842,0.99995124926227963,0.0034017595307917889,1.0815373649105242,0.35578734373866894,0.35602360664642635,-0.00023626290775741188
x030,212,0.29981233243967831,0.98924301343967835,98919.478711298842,0.99995124926227963,0.0035434995112414466,1.1266014217817959,0.37020131846450705,0.37044122383664591,-0.00023990537213885998
x030,212,0.29981233243967831,0.98924301343967835,98919.478711298842,0.99995124926227963,0.0036852394916911048,1.171665478653068,0.38454767482835567,0.38479079869731725,-0.00024312386896158111
x030,212,0.29981233243967831,0.98924301343967835,98919.478711298842,0.99995124926227963,0.0038269794721407626,1.2167295355243397,0.39882124785347661,0.39906717766456162,-0.00024592981108501055
x030,212,0.29981233243967831,0.98924301343967835,98919.478711298842,0.99995124926227963,0.0039687194525904208,1.2617935923956116,0.41301674817513712,0.41326508311538412,-0.00024833494024700808
x030,212,0.29981233243967831,0.98924301343967835,98919.478711298842,0.99995124926227963,0.0041104594330400781,1.3068576492668833,0.42712877340381661,0.42737912317122484,-0.00025034976740823112
x030,212,0.29981233243967831,0.98924301343967835,98919.478711298842,0.99995124926227963,0.0042521994134897363,1.3519217061381552,0.44115182012325294,0.44140380785145827,-0.00025198772820533843
x030,212,0.29981233243967831,0.98924301343967835,98919.478711298842,0.99995124926227963,0.0043939393939393936,1.3969857630094269,0.4550802965045091,0.4553335579741819,-0.00025326146967280527
x030,212,0.29981233243967831,0.98924301343967835,98919.478711298842,0.99995124926227963,0.0045356793743890518,1.4420498198806988,0.46890853551243683,0.46916271916038699,-0.00025418364795015691
x030,212,0.29981233243967831,0.98924301343967835,98919.478711298842,0.99995124926227963,0.00467741935483871,1.4871138767519709,0.48263080867599029,0.48288557572074342,-0.00025476704475313472
x030,212,0.29981233243967831,0.98924301343967835,98919.478711298842,0.99995124926227963,0.0048191593352883673,1.5321779336232426,0.49624134038892859,0.49649636491454752,-0.00025502452561892985
x030,212,0.29981233243967831,0.98924301343967835,98919.478711298842,0.99995124926227963,0.0049608993157380255,1.5772419904945145,0.50973432270244645,0.50998929170165896,-0.00025496899921251259
x030,212,0.29981233243967831,0.98924301343967835,98919.478711298842,0.99995124926227963,0.0051026392961876837,1.6223060473657864,0.52310393056639715,0.52335854394453085,-0.00025461337813370566
x030,212,0.29981233243967831,0.98924301343967835,98919.478711298842,0.99995124926227963,0.005244379276637341,1.6673701042370581,0.5363443374709238,0.53659830801256592,-0.0002539705416421123
x030,212,0.29981233243967831,0.98924301343967835,98919.478711298842,0.99995124926227963,0.0053861192570869992,1.71243416110833,0.54944973143564824,0.5497027833126179,-0.00025305187696966769
x030,212,0.29981233243967831,0.98924301343967835,98919.478711298842,0.99995124926227963,0.0055278592375366566,1.7574982179796017,0.56241433128908003,0.56266620139526724,-0.00025187010618721306
x030,212,0.29981233243967831,0.98924301343967835,98919.478711298842,0.99995124926227963,0.0056695992179863148,1.8025622748508736,0.57523240317666746,0.57548284218422241,-0.00025043900755494786
x030,212,0.29981233243967831,0.98924301343967835,98919.478711298842,0.99995124926227963,0.0058113391984359729,1.8476263317221455,0.58789827723198118,0.58814704824057362,-0.00024877100859244106
x030,212,0.29981233243967831,0.98924301343967835,98919.478711298842,0.99995124926227963,0.0059530791788856303,1.8926903885934172,0.60040636434191741,0.60065324269957909,-0.00024687835766168398
x030,212,0.29981233243967831,0.98924301343967835,98919.478711298842,0.99995124926227963,0.0060948191593352885,1.9377544454646891,0.6127511729336127,0.61299594603733765,-0.00024477310372494898
x030,212,0.29981233243967831,0.98924301343967835,98919.478711298842,0.99995124926227963,0.0062365591397849467,1.982818502335961,0.62492732570800358,0.62516979278731311,-0.00024246707930952738
x030,212,0.29981233243967831,0.98924301343967835,98919.478711298842,0.99995124926227963,0.006378299120234604,2.0278825592072329,0.63692957624267521,0.6371695481293046,-0.00023997188662938651
x030,212,0.29981233243967831,0.98924301343967835,98919.478711298842,0.99995124926227963,0.0065200391006842622,2.0729466160785046,0.64875282538490553,0.64899012427166802,-0.00023729888676249367
x030,212,0.29981233243967831,0.98924301343967835,98919.478711298842,0.99995124926227963,0.0066617790811339195,2.1180106729497763,0.66039213735458446,0.66062659595074569,-0.00023445859616122444
x030,212,0.29981233243967831,0.98924301343967835,98919.478711298842,0.99995124926227963,0.0068035190615835777,2.1630747298210484,0.67184275547612926,0.67207421486494012,-0.00023145938881086181
x030,212,0.29981233243967831,0.98924301343967835,98919.478711298842,0.99995124926227963,0.0069452590420332359,2.2081387866923201,0.68310011745843835,0.68332843223944539,-0.00022831478100704405
x030,212,0.29981233243967831,0.98924301343967835,98919.478711298842,0.99995124926227963,0.0070869990224828932,2.2532028435635918,0.69415987014267655,0.69438490527093488,-0.00022503512825833294
x030,212,0.29981233243967831,0.98924301343967835,98919.478711298842,0.99995124926227963,0.0072287390029325514,2.2982669004348639,0.70501788363888529,0.70523951416945541,-0.00022163053057011606
x030,212,0.29981233243967831,0.98924301343967835,98919.478711298842,0.99995124926227963,0.0073704789833822096,2.3433309573061361,0.71567026477440998,0.71588837560956331,-0.00021811083515332896
x030,212,0.29981233243967831,0.98924301343967835,98919.478711298842,0.99995124926227963,0.0075122189638318669,2.3883950141774077,0.72611336977972885,0.72632785542007461,-0.0002144856403457629
x030,212,0.29981233243967831,0.98924301343967835,98919.478711298842,0.99995124926227963,0.0076539589442815251,2.4334590710486794,0.73634381614052669,0.73655458044094668,-0.00021076430041999661
x030,212,0.29981233243967831,0.98924301343967835,98919.478711298842,0.99995124926227963,0.0077956989247311825,2.4785231279199511,0.74635849354875927,0.74656544947970893,-0.00020695593094965936
x030,212,0.29981233243967831,0.98924301343967835,98919.478711298842,0.99995124926227963,0.0079374389051808415,2.5235871847912232,0.756154573889944,0.75635764330438815,-0.00020306941444414583
x030,212,0.29981233243967831,0.98924301343967835,98919.478711298842,0.99995124926227963,0.0080791788856304989,2.5686512416624949,0.76572952020902241,0.76592863023194591,-0.00019911002292349878
x030,212,0.29981233243967831,0.98924301343967835,98919.478711298842,0.99995124926227963,0.0082209188660801562,2.6137152985337666,0.7750810946027763,0.77527618326358172,-0.00019508866080542031
x030,212,0.29981233243967831,0.98924301343967835,98919.478711298842,0.99995124926227963,0.0083626588465298135,2.6587793554050383,0.78420736499290566,0.78439837939189727,-0.00019101439899160688
x030,212,0.29981233243967831,0.98924301343967835,98919.478711298842,0.99995124926227963,0.0085043988269794726,2.7038434122763104,0.79310671074049599,0.79329360599844634,-0.000186895257950348
x030,212,0.29981233243967831,0.98924301343967835,98919.478711298842,0.99995124926227963,0.0086461388074291299,2.7489074691475821,0.80177782706959877,0.80196056611816269,-0.00018273904856391798
x030,212,0.29981233243967831,0.98924301343967835,98919.478711298842,0.99995124926227963,0.0087878787878787872,2.7939715260188538,0.81021972827493582,0.81039828164934335,-0.00017855337440753072
x030,212,0.29981233243967831,0.98924301343967835,98919.478711298842,0.99995124926227963,0.0089296187683284463,2.8390355828901259,0.81843174969639942,0.81860609532942086,-0.00017434563302143324
x030,212,0.29981233243967831,0.98924301343967835,98919.478711298842,0.99995124926227963,0.0090713587487781036,2.8840996397613976,0.8264135484507672,0.82658367146692213,-0.00017012301615493275
x030,212,0.29981233243967831,0.98924301343967835,98919.478711298842,0.99995124926227963,0.0092130987292277609,2.9291636966326693,0.83416510291898882,0.83433099542798628,-0.00016589250899745611
x030,212,0.29981233243967831,0.98924301343967835,98919.478711298842,0.99995124926227963,0.00935483870967742,2.9742277535039419,0.84168671099537407,0.8418483700031395,-0.00016165900776543563
x030,212,0.29981233243967831,0.98924301343967835,98919.478711298842,0.99995124926227963,0.0094965786901270773,3.0192918103752135,0.84897898711295205,0.84913641563726405,-0.00015742852431199772
x030,212,0.29981233243967831,0.98924301343967835,98919.478711298842,0.99995124926227963,0.0096383186705767347,3.0643558672464852,0.85604285806709213,0.85619606796141823,-0.00015320989432610066
x030,212,0.29981233243967831,0.98924301343967835,98919.478711298842,0.99995124926227963,0.0097800586510263937,3.1094199241177574,0.8628795576671463,0.86302856693495089,-0.00014900926780458956
x030,212,0.29981233243967831,0.98924301343967835,98919.478711298842,0.99995124926227963,0.009921798631476051,3.154483980989029,0.86949062025329027,0.86963545282423138,-0.00014483257094111135
x030,212,0.29981233243967831,0.98924301343967835,98919.478711298842,0.99995124926227963,0.010063538611925708,3.1995480378603007,0.87587787312275078,0.87601855862367395,-0.00014068550092316556
x030,212,0.29981233243967831,0.98924301343967835,98919.478711298842,0.99995124926227963,0.010205278592375367,3.2446120947315729,0.88204342791634216,0.88218000143679354,-0.00013657352045137738
x030,212,0.29981233243967831,0.98924301343967835,98919.478711298842,0.99995124926227963,0.010347018572825025,3.2896761516028445,0.88798967102243331,0.88812217287456174,-0.00013250185212843046
x030,212,0.29981233243967831,0.98924301343967835,98919.478711298842,0.99995124926227963,0.010488758553274682,3.3347402084741162,0.89371925306115274,0.8938477285340295,-0.00012847547287675454
x030,212,0.29981233243967831,0.98924301343967835,98919.478711298842,0.99995124926227963,0.010630498533724339,3.3798042653453879,0.89923507751680976,0.89935957635993535,-0.00012449884312559778
x030,212,0.29981233243967831,0.98924301343967835,98919.478711298842,0.99995124926227963,0.010772238514173998,3.42486832221666,0.90454028859100399,0.90466086163686388,-0.00012057304585988415
x030,212,0.29981233243967831,0.98924301343967835,98919.478711298842,0.99995124926227963,0.010913978494623656,3.4699323790879317,0.90963825835284362,0.90975496443038795,-0.00011670607754432627
x030,212,0.29981233243967831,0.98924301343967835,98919.478711298842,0.99995124926227963,0.011055718475073313,3.5149964359592034,0.91453257326578263,0.91464547515857531,-0.00011290189279267171
x030,212,0.29981233243967831,0.98924301343967835,98919.478711298842,0.99995124926227963,0.011197458455522972,3.5600604928304755,0.91922702017328606,0.91933618434954179,-0.00010916417625572716
x030,212,0.29981233243967831,0.98924301343967835,98919.478711298842,0.99995124926227963,0.01133919843597263,3.6051245497017472,0.92372557182719262,0.92383106816685201,-0.00010549633965939442
x030,212,0.29981233243967831,0.98924301343967835,98919.478711298842,0.99995124926227963,0.011480938416422287,3.6501886065730189,0.92803237204381406,0.9281342735634448,-0.00010190151963074268
x030,212,0.29981233243967831,0.98924301343967835,98919.478711298842,0.99995124926227963,0.011622678396871946,3.695252663444291,0.93215172057326379,0.93225010314959733,-9.8382576333544414e-05
x030,212,0.29981233243967831,0.98924301343967835,98919.478711298842,0.99995124926227963,0.011764418377321603,3.7403167203155627,0.93608805776714976,0.93618299986014608,-9.4942092996319616e-05
x030,212,0.29981233243967831,0.98924301343967835,98919.478711298842,0.99995124926227963,0.011906158357771261,3.7853807771868344,0.93984594912885333,0.93993753150521819,-9.1582376364862661e-05
x030,212,0.29981233243967831,0.98924301343967835,98919.478711298842,0.99995124926227963,0.01204789833822092,3.8304448340581065,0.9434300698290421,0.94351837304943009,-8.8303220387997428e-05
x030,212,0.29981233243967831,0.98924301343967835,98919.478711298842,0.99995124926227963,0.012189638318670577,3.8755088909293782,0.94684518926684469,0.94693029708490362,-8.5107818058927087e-05
x030,212,0.29981233243967831,0.98924301343967835,98919.478711298842,0.99995124926227963,0.012331378299120234,3.9205729478006499,0.9500961557543105,0.95017815440327369,-8.1998648963188536e-05
x030,212,0.29981233243967831,0.98924301343967835,98919.478711298842,0.99995124926227963,0.012473118279569893,3.965637004671922,0.95318788139860355,0.9532668583384265,-7.8976939822950065e-05
x030,212,0.29981233243967831,0.98924301343967835,98919.478711298842,0.99995124926227963,0.012614858260019551,4.0107010615431937,0.95612532725244614,0.95620137090863744,-7.6043656191293607e-05
x030,212,0.29981233243967831,0.98924301343967835,98919.478711298842,0.99995124926227963,0.012756598240469208,4.0557651184144659,0.95891348879927851,0.95898668830781886,-7.3199508540344738e-05
x030,212,0.29981233243967831,0.98924301343967835,98919.478711298842,0.99995124926227963,0.012898338220918865,4.1008291752857371,0.96155738183497064,0.96162782679417846,-7.0444959207827118e-05
x030,212,0.29981233243967831,0.98924301343967835,98919.478711298842,0.99995124926227963,0.013040078201368524,4.1458932321570092,0.96406202880304781,0.96412980903322743,-6.7780230179614875e-05
x030,212,0.29981233243967831,0.98924301343967835,98919.478711298842,0.99995124926227963,0.013181818181818182,4.1909572890282814,0.96643244563529607,0.96649765094692397,-6.5205311627902773e-05
x030,212,0.29981233243967831,0.98924301343967835,98919.478711298842,0.99995124926227963,0.013323558162267839,4.2360213458995526,0.96867362914427346,0.96873634833227085,-6.2719187997384296e-05
x030,212,0.29981233243967831,0.98924301343967835,98919.478711298842,0.99995124926227963,0.013465298142717498,4.2810854027708247,0.97079054500877437,0.97085086576318413,-6.0320754409759481e-05
x030,212,0.29981233243967831,0.98924301343967835,98919.478711298842,0.99995124926227963,0.013607038123167155,4.3261494596420969,0.97278811638779838,0.97284612737806353,-5.8010990265144891e-05
x030,212,0.29981233243967831,0.98924301343967835,98919.478711298842,0.99995124926227963,0.013748778103616813,4.3712135165133681,0.97467121319294148,0.97472700224628017,-5.5789053338695105e-05
x030,212,0.29981233243967831,0.98924301343967835,98919.478711298842,0.99995124926227963,0.013890518084066472,4.4162775733846402,0.97644464204364068,0.97649829596445903,-5.3653920818352852e-05
x030,212,0.29981233243967831,0.98924301343967835,98919.478711298842,0.99995124926227963,0.014032258064516129,4.4613416302559123,0.97811313692417501,0.97816474132528164,-5.1604401106630782e-05
x030,212,0.29981233243967831,0.98924301343967835,98919.478711298842,0.99995124926227963,0.014173998044965786,4.5064056871271836,0.97968135055605721,0.97973098970191841,-4.9639145861202216e-05
x030,212,0.29981233243967831,0.98924301343967835,98919.478711298842,0.99995124926227963,0.014315738025415446,4.5514697439984557,0.98115384649415738,0.98120160315640392,-4.7756662246545289e-05
x030,212,0.29981233243967831,0.98924301343967835,98919.478711298842,0.99995124926227963,0.014457478005865103,4.5965338008697278,0.98253509195001243,0.98258104727529583,-4.5955325283397741e-05
x030,212,0.29981233243967831,0.98924301343967835,98919.478711298842,0.99995124926227963,0.01459921798631476,4.6415978577409991,0.98382945134096578,0.98387368473119563,-4.4233390229853065e-05
x030,212,0.29981233243967831,0.98924301343967835,98919.478711298842,0.99995124926227963,0.014740957966764419,4.6866619146122721,0.98504118055933221,0.98508376812993304,-4.2587570600827185e-05
x030,212,0.29981233243967831,0.98924301343967835,98919.478711298842,0.99995124926227963,0.014882697947214077,4.7317259714835433,0.98617442195156291,0.9862154394047975,-4.1017453234593049e-05
x030,212,0.29981233243967831,0.98924301343967835,98919.478711298842,0.99995124926227963,0.015024437927663734,4.7767900283548155,0.98723319999354153,0.98727272104650377,-3.9521052962232517e-05
x030,212,0.29981233243967831,0.98924301343967835,98919.478711298842,0.99995124926227963,0.015166177908113391,4.8218540852260867,0.98822141764455473,0.98825951390534028,-3.8096260785547287e-05
x030,212,0.29981233243967831,0.98924301343967835,98919.478711298842,0.99995124926227963,0.01530791788856305,4.8669181420973588,0.98914285335929764,0.98917959426696966,-3.67409076720282e-05
x030,212,0.29981233243967831,0.98924301343967835,98919.478711298842,0.99995124926227963,0.015449657869012708,4.911982198968631,0.99000115873437755,0.990036611510142,-3.5452775764444056e-05
x030,212,0.29981233243967831,0.98924301343967835,98919.478711298842,0.99995124926227963,0.015591397849462365,4.9570462558399022,0.99079985676331506,0.99083408637248105,-3.4229609165992159e-05
x030,212,0.29981233243967831,0.98924301343967835,98919.478711298842,0.99995124926227963,0.015733137829912022,5.0021103127111743,0.991542340671828,0.99157540979612335,-3.3069124295348473e-05
x030,212,0.29981233243967831,0.98924301343967835,98919.478711298842,0.99995124926227963,0.015874877810361683,5.0471743695824465,0.9922318733034089,0.99226384232314868,-3.1969019739785942e-05
x030,212,0.29981233243967831,0.98924301343967835,98919.478711298842,0.99995124926227963,0.01601661779081134,5.0922384264537186,0.99287158702367706,0.99290251347851088,-3.0926454833823946e-05
x030,212,0.29981233243967831,0.98924301343967835,98919.478711298842,0.99995124926227963,0.016158357771260998,5.1373024833249898,0.99346448411094646,0.99349442349454586,-2.9939383599408842e-05
x030,212,0.29981233243967831,0.98924301343967835,98919.478711298842,0.99995124926227963,0.016300097751710655,5.182366540196262,0.99401343759947136,0.99404244347405224,-2.9005874580878555e-05
x030,212,0.29981233243967831,0.98924301343967835,98919.478711298842,0.99995124926227963,0.016441837732160312,5.2274305970675332,0.99452119254145543,0.9945493161774619,-2.8123636006460728e-05
x030,212,0.29981233243967831,0.98924301343967835,98919.478711298842,0.99995124926227963,0.01658357771260997,5.2724946539388053,0.99499036765356086,0.99501765805322728,-2.7290399666424214e-05
x030,212,0.29981233243967831,0.98924301343967835,98919.478711298842,0.99995124926227963,0.016725317693059627,5.3175587108100766,0.99542345731374826,0.99544996124120932,-2.6503927461063448e-05
x030,212,0.29981233243967831,0.98924301343967835,98919.478711298842,0.99995124926227963,0.016867057673509288,5.3626227676813496,0.99582283387451875,0.99584859589189212,-2.5762017373365254e-05
x030,212,0.29981233243967831,0.98924301343967835,98919.478711298842,0.99995124926227963,0.017008797653958945,5.4076868245526208,0.99619075025912995,0.99621581276799354,-2.5062508863582522e-05
x030,212,0.29981233243967831,0.98924301343967835,98919.478711298842,0.99995124926227963,0.017150537634408602,5.452750881423893,0.99652934280810468,0.99655374609578373,-2.440328767905342e-05
x030,212,0.29981233243967831,0.98924301343967835,98919.478711298842,0.99995124926227963,0.01729227761485826,5.4978149382951642,0.99684063434418479,0.99686441652244517,-2.378217826037865e-05
x030,212,0.29981233243967831,0.98924301343967835,98919.478711298842,0.99995124926227963,0.017434017595307917,5.5428789951664363,0.99712653742498714,0.99714973438224797,-2.3196957260829265e-05
x030,212,0.29981233243967831,0.98924301343967835,98919.478711298842,0.99995124926227963,0.017575757575757574,5.5879430520377076,0.99738885775377861,0.99741150381605392,-2.2646062275311074e-05
x030,212,0.29981233243967831,0.98924301343967835,98919.478711298842,0.99995124926227963,0.017717497556207235,5.6330071089089806,0.9976292977201221,0.9976514253159493,-2.2127595827203805e-05
x030,212,0.29981233243967831,0.98924301343967835,98919.478711298842,0.99995124926227963,0.017859237536656893,5.6780711657802518,0.99784946004356545,0.9978710997666117,-2.1639723046251724e-05
x030,212,0.29981233243967831,0.98924301343967835,98919.478711298842,0.99995124926227963,0.01800097751710655,5.723135222651524,0.99805085149498196,0.99807203216841822,-2.1180673436260733e-05
x030,212,0.29981233243967831,0.98924301343967835,98919.478711298842,0.99995124926227963,0.018142717497556207,5.7681992795227952,0.99823488667183335,0.9982556354139982,-2.0748742164844458e-05
x030,212,0.29981233243967831,0.98924301343967835,98919.478711298842,0.99995124926227963,0.018284457478005865,5.8132633363940673,0.99840289180509012,0.99842323409607237,-2.0342290982244826e-05
x030,212,0.29981233243967831,0.98924301343967835,98919.478711298842,0.99995124926227963,0.018426197458455522,5.8583273932653386,0.99855610857728461,0.99857606832601753,-1.9959748732922833e-05
x030,212,0.29981233243967831,0.98924301343967835,98919.478711298842,0.99995124926227963,0.018567937438905179,5.9033914501366107,0.99869569793271062,0.99871529754423871,-1.9599611528087202e-05
x030,212,0.29981233243967831,0.98924301343967835,98919.478711298842,0.99995124926227963,0.01870967741935484,5.9484555070078837,0.99882274386246794,0.99884200411632784,-1.9260253859898491e-05
x030,212,0.29981233243967831,0.98924301343967835,98919.478711298842,0.99995124926227963,0.018851417399804497,5.993519563879155,0.99893825714865925,0.99895719764708235,-1.8940498423103413e-05
x030,212,0.29981233243967831,0.98924301343967835,98919.478711298842,0.99995124926227963,0.018993157380254155,6.0385836207504271,0.99904317905356432,0.99906181812248218,-1.8639068917858381e-05
x030,212,0.29981233243967831,0.98924301343967835,98919.478711298842,0.99995124926227963,0.019134897360703812,6.0836476776216983,0.99913838494126184,0.99915673966392082,-1.8354722658986411e-05
x030,212,0.29981233243967831,0.98924301343967835,98919.478711298842,0.99995124926227963,0.019276637341153469,6.1287117344929705,0.99922468782056095,0.99924277410156903,-1.8086281008078409e-05
x030,212,0.29981233243967831,0.98924301343967835,98919.478711298842,0.99995124926227963,0.019418377321603127,6.1737757913642417,0.9993028417996046,0.99932067442760175,-1.7832627997149686e-05
x030,212,0.29981233243967831,0.98924301343967835,98919.478711298842,0.99995124926227963,0.019560117302052787,6.2188398482355147,0.99937354544388501,0.99939113815265079,-1.7592708765779008e-05
x030,212,0.29981233243967831,0.98924301343967835,98919.478711298842,0.99995124926227963,0.019701857282502445,6.263903905106786,0.99943744503065179,0.99945481055853558,-1.7365527883783649e-05
x030,212,0.29981233243967831,0.98924301343967835,98919.478711298842,0.99995124926227963,0.019843597262952102,6.3089679619780581,0.99949513769401588,0.99951228784155188,-1.7150147536004745e-05
x030,212,0.29981233243967831,0.98924301343967835,98919.478711298842,0.99995124926227963,0.019985337243401759,6.3540320188493293,0.99954717445616381,0.99956412009318996,-1.6945637026144489e-05
x030,212,0.29981233243967831,0.98924301343967835,98919.478711298842,0.99995124926227963,0.020127077223851417,6.3990960757206015,0.99959406314116428,0.99961081432230647,-1.6751181142193872e-05
x030,212,0.29981233243967831,0.98924301343967835,98919.478711298842,0.99995124926227963,0.020268817204301074,6.4441601325918727,0.99963627116890164,0.99965283722327591,-1.6566054374278494e-05
x030,212,0.29981233243967831,0.98924301343967835,98919.478711298842,0.99995124926227963,0.020410557184750735,6.4892241894631457,0.99967422822755425,0.99969061775512591,-1.6389527571658569e-05
x030,212,0.29981233243967831,0.98924301343967835,98919.478711298842,0.99995124926227963,0.020552297165200392,6.534288246334417,0.99970832882390015,0.99972454974310554,-1.6220919205389706e-05
x030,212,0.29981233243967831,0.98924301343967835,98919.478711298842,0.99995124926227963,0.02069403714565005,6.5793523032056891,0.99973893471149933,0.99975499430471748,-1.6059593218153978e-05
x030,212,0.29981233243967831,0.98924301343967835,98919.478711298842,0.99995124926227963,0.020835777126099707,6.6244163600769603,0.9997663771974854,0.99978228215436515,-1.5904956879753129e-05
x030,212,0.29981233243967831,0.98924301343967835,98919.478711298842,0.99995124926227963,0.020977517106549364,6.6694804169482325,0.99979095932932793,0.99980671578797864,-1.5756458650706406e-05
x030,212,0.29981233243967831,0.98924301343967835,98919.478711298842,0.99995124926227963,0.021119257086999021,6.7145444738195037,0.99981295796347758,0.99982857154954385,-1.5613586066276497e-05
x030,212,0.29981233243967831,0.98924301343967835,98919.478711298842,0.99995124926227963,0.021260997067448679,6.7596085306907758,0.99983262571825371,0.99984810157663717,-1.5475858383462437e-05
x030,212,0.29981233243967831,0.98924301343967835,98919.478711298842,0.99995124926227963,0.02140273704789834,6.804672587562048,0.99985019281380416,0.99986553562429392,-1.5342810489760161e-05
x030,212,0.29981233243967831,0.98924301343967835,98919.478711298842,0.99995124926227963,0.021544477028347997,6.8497366444333201,0.99986586880224892,0.99988108287411404,-1.521407186511059e-05
x030,212,0.29981233243967831,0.98924301343967835,98919.478711298842,0.99995124926227963,0.021686217008797654,6.8948007013045913,0.99987984419149178,0.99989493345650127,-1.5089265009482489e-05
x030,212,0.29981233243967831,0.98924301343967835,98919.478711298842,0.99995124926227963,0.021827956989247312,6.9398647581758635,0.99989229196633789,0.9999072600080241,-1.4968041686214129e-05
x030,212,0.29981233243967831,0.98924301343967835,98919.478711298842,0.99995124926227963,0.021969696969696969,6.9849288150471347,0.99990336901083776,0.99991821909192691,-1.4850081089146094e-05
x030,212,0.29981233243967831,0.98924301343967835,98919.478711298842,0.99995124926227963,0.022111436950146626,7.0299928719184068,0.99991321743582096,0.99992795252391975,-1.473508809879398e-05
x030,212,0.29981233243967831,0.98924301343967835,98919.478711298842,0.99995124926227963,0.022253176930596287,7.0750569287896798,0.99992196581579817,0.99993658860738399,-1.4622791585816586e-05
x030,212,0.29981233243967831,0.98924301343967835,98919.478711298842,0.99995124926227963,0.022394916911045944,7.1201209856609511,0.99992973033935739,0.99994424328216069,-1.4512942803301954e-05
x030,212,0.29981233243967831,0.98924301343967835,98919.478711298842,0.99995124926227963,0.022536656891495602,7.1651850425322232,0.99993661587730087,0.99995102119113999,-1.4405313839116474e-05
x030,212,0.29981233243967831,0.98924301343967835,98919.478711298842,0.99995124926227963,0.022678396871945259,7.2102490994034945,0.99994271697270543,0.99995701665875358,-1.4299686048158122e-05
x030,212,0.29981233243967831,0.98924301343967835,98919.478711298842,0.99995124926227963,0.022820136852394916,7.2553131562747666,0.99994811875709422,0.99996231463554475,-1.4195878450529165e-05
x030,212,0.29981233243967831,0.98924301343967835,98919.478711298842,0.99995124926227963,0.022961876832844574,7.3003772131460378,0.99995289779684071,0.99996699151699686,-1.4093720156149736e-05
x030,212,0.29981233243967831,0.98924301343967835,98919.478711298842,0.99995124926227963,0.023103616813294231,7.34544127001731,0.99995712287383975,0.9999711159261202,-1.3993052280447671e-05
x030,212,0.29981233243967831,0.98924301343967835,98919.478711298842,0.99995124926227963,0.023245356793743892,7.3905053268885821,0.9999608557043953,0.99997474943461984,-1.3893730224534551e-05
x030,212,0.29981233243967831,0.98924301343967835,98919.478711298842,0.99995124926227963,0.023387096774193549,7.4355693837598542,0.99996415160018148,0.99997794722273559,-1.3795622554102493e-05
x030,212,0.29981233243967831,0.98924301343967835,98919.478711298842,0.99995124926227963,0.023528836754643206,7.4806334406311255,0.99996706007497227,0.99998075868492797,-1.3698609955703489e-05
x030,212,0.29981233243967831,0.98924301343967835,98919.478711298842,0.99995124926227963,0.023670576735092864,7.5256974975023976,0.99996962540073897,0.99998322798499895,-1.3602584259975181e-05
x030,212,0.29981233243967831,0.98924301343967835,98919.478711298842,0.99995124926227963,0.023812316715542521,7.5707615543736688,0.99997188711655793,0.9999853945640832,-1.3507447525262783e-05
x030,212,0.29981233243967831,0.98924301343967835,98919.478711298842,0.99995124926227963,0.023954056695992178,7.615825611244941,0.99997388049362423,0.99998729360301997,-1.341310939573237e-05
x030,212,0.29981233243967831,0.98924301343967835,98919.478711298842,0.99995124926227963,0.024095796676441839,7.6608896681162131,0.99997563695951974,0.99998895644924168,-1.3319489721941302e-05
x030,212,0.29981233243967831,0.98924301343967835,98919.478711298842,0.99995124926227963,0.024237536656891497,7.7059537249874852,0.99997718448473316,0.99999041100393549,-1.3226519202325093e-05
x030,212,0.29981233243967831,0.98924301343967835,98919.478711298842,0.99995124926227963,0.024379276637341154,7.7510177818587565,0.99997854793426211,0.99999168206694078,-1.3134132678671584e-05
x030,212,0.29981233243967831,0.98924301343967835,98919.478711298842,0.99995124926227963,0.024521016617790811,7.7960818387300286,0.99997974938699896,0.99999279165852439,-1.3042271525431914e-05
x030,212,0.29981233243967831,0.98924301343967835,98919.478711298842,0.99995124926227963,0.024662756598240469,7.8411458956012998,0.99998080842541259,0.99999375930847945,-1.2950883066853436e-05
x030,212,0.29981233243967831,0.98924301343967835,98919.478711298842,0.99995124926227963,0.024804496578690126,7.8862099524725719,0.9999817423979297,0.99999460231795811,-1.2859920028418514e-05
x030,212,0.29981233243967831,0.98924301343967835,98919.478711298842,0.99995124926227963,0.024946236559139787,7.9312740093438441,0.99998256665624119,0.99999533599627566,-1.2769340034468613e-05
x030,212,0.29981233243967831,0.98924301343967835,98919.478711298842,0.99995124926227963,0.025087976539589444,7.9763380662151162,0.99998329476961789,0.99999597387476802,-1.2679105150126269e-05
x030,212,0.29981233243967831,0.98924301343967835,98919.478711298842,0.99995124926227963,0.025229716520039101,8.0214021230863874,0.99998393871820856,0.99999652789961735,-1.2589181408784178e-05
x030,212,0.29981233243967831,0.98924301343967835,98919.478711298842,0.99995124926227963,0.025371456500488759,8.0664661799576596,0.99998450906712388,0.999997008604529,-1.2499537405119554e-05
x030,212,0.29981233243967831,0.98924301343967835,98919.478711298842,0.99995124926227963,0.025513196480938416,8.1115302368289317,0.99998501512299964,0.99999742527058899,-1.2410147589347886e-05
x030,212,0.29981233243967831,0.98924301343967835,98919.478711298842,0.99995124926227963,0.025654936461388073,8.1565942937002021,0.99998546507462693,0.99999778606245715,-1.2320987830216623e-05
x030,212,0.29981233243967831,0.98924301343967835,98919.478711298842,0.99995124926227963,0.025796676441837731,8.2016583505714742,0.99998586611906259,0.99999809815572704,-1.2232036664450163e-05
x030,212,0.29981233243967831,0.98924301343967835,98919.478711298842,0.99995124926227963,0.025938416422287391,8.2467224074427481,0.99998622457460284,0.99999836784962004,-1.2143275017195698e-05
x030,212,0.29981233243967831,0.98924301343967835,98919.478711298842,0.99995124926227963,0.026080156402737049,8.2917864643140184,0.99998654598183101,0.99999860066778878,-1.2054685957774147e-05
x030,212,0.29981233243967831,0.98924301343967835,98919.478711298842,0.99995124926227963,0.026221896383186706,8.3368505211852906,0.99998683519387277,0.99999880144835318,-1.1966254480411109e-05
x030,212,0.29981233243967831,0.98924301343967835,98919.478711298842,0.99995124926227963,0.026363636363636363,8.3819145780565627,0.9999870964569243,0.99999897442421992,-1.1877967295625957e-05
x030,212,0.29981233243967831,0.98924301343967835,98919.478711298842,0.99995124926227963,0.026505376344086021,8.4269786349278348,0.99998733348198443,0.99999912329463669,-1.1789812652263088e-05
x030,212,0.29981233243967831,0.98924301343967835,98919.478711298842,0.99995124926227963,0.026647116324535678,8.4720426917991052,0.99998754950867996,0.99999925128862277,-1.1701779942807633e-05
x030,212,0.29981233243967831,0.98924301343967835,98919.478711298842,0.99995124926227963,0.026788856304985339,8.5171067486703791,0.99998774736197493,0.99999936122217581,-1.1613860200876402e-05
x030,212,0.29981233243967831,0.98924301343967835,98919.478711298842,0.99995124926227963,0.026930596285434996,8.5621708055416494,0.99998792950249593,0.9999994555479681,-1.1526045472165514e-05
x030,212,0.29981233243967831,0.98924301343967835,98919.478711298842,0.99995124926227963,0.027072336265884654,8.6072348624129216,0.99998809807113009,0.99999953639976868,-1.1438328638591067e-05
x030,212,0.29981233243967831,0.98924301343967835,98919.478711298842,0.99995124926227963,0.027214076246334311,8.6522989192841937,0.99998825492850096,0.99999960563194445,-1.1350703443491206e-05
x030,212,0.29981233243967831,0.98924301343967835,98919.478711298842,0.99995124926227963,0.027355816226783968,8.6973629761554658,0.9999884016898537,0.99999966485424896,-1.1263164395258762e-05
x030,212,0.29981233243967831,0.98924301343967835,98919.478711298842,0.99995124926227963,0.027497556207233625,8.7424270330267362,0.99998853975586188,0.99999971546254041,-1.1175706678523412e-05
x030,212,0.29981233243967831,0.98924301343967835,98919.478711298842,0.99995124926227963,0.027639296187683283,8.7874910898980083,0.99998867033978067,0.99999975866585644,-1.1088326075769928e-05
x030,212,0.29981233243967831,0.98924301343967835,98919.478711298842,0.99995124926227963,0.027781036168132944,8.8325551467692804,0.99998879449136535,0.9999997955102603,-1.1001018894951642e-05
x030,212,0.29981233243967831,0.98924301343967835,98919.478711298842,0.99995124926227963,0.027922776148582601,8.8776192036405526,0.9999889131178914,0.9999998268997794,-1.0913781888000074e-05
x030,212,0.29981233243967831,0.98924301343967835,98919.478711298842,0.99995124926227963,0.028064516129032258,8.9226832605118247,0.99998902700263503,0.99999985361485377,-1.0826612218739484e-05
x030,212,0.29981233243967831,0.98924301343967835,98919.478711298842,0.99995124926227963,0.028206256109481916,8.9677473173830968,0.99998913682106483,0.9999998763285679,-1.073950750307695e-05
x030,212,0.29981233243967831,0.98924301343967835,98919.478711298842,0.99995124926227963,0.028347996089931573,9.0128113742543672,0.99998924315504567,0.99999989562064395,-1.0652465598282035e-05
x030,212,0.29981233243967831,0.98924301343967835,98919.478711298842,0.99995124926227963,0.02848973607038123,9.0578754311256393,0.9999893465052534,0.99999991198989568,-1.0565484642288681e-05
x030,212,0.29981233243967831,0.98924301343967835,98919.478711298842,0.99995124926227963,0.028631476050830891,9.1029394879969114,0.99998944730202777,0.99999992586504705,-1.0478563019278297e-05
x030,212,0.29981233243967831,0.98924301343967835,98919.478711298842,0.99995124926227963,0.028773216031280548,9.1480035448681836,0.9999895459148519,0.99999993761417572,-1.0391699323819559e-05
x030,212,0.29981233243967831,0.98924301343967835,98919.478711298842,0.99995124926227963,0.028914956011730206,9.1930676017394557,0.99998964266060431,0.99999994755294552,-1.0304892341217453e-05
x030,212,0.29981233243967831,0.98924301343967835,98919.478711298842,0.99995124926227963,0.029056695992179863,9.2381316586107278,0.99998973781075906,0.9999999559517726,-1.021814101354046e-05
x030,212,0.29981233243967831,0.98924301343967835,98919.478711298842,0.99995124926227963,0.02919843597262952,9.2831957154819982,0.99998983159762567,0.9999999630420574,-1.0131444431737968e-05
x030,212,0.29981233243967831,0.98924301343967835,98919.478711298842,0.99995124926227963,0.029340175953079178,9.3282597723532703,0.99998992421979072,0.99999996902158106,-1.0044801790343172e-05
x030,212,0.29981233243967831,0.98924301343967835,98919.478711298842,0.99995124926227963,0.029481915933528838,9.3733238292245442,0.99999001584682234,0.99999997405925256,-9.9582124302166619e-06
x030,212,0.29981233243967831,0.98924301343967835,98919.478711298842,0.99995124926227963,0.029623655913978496,9.4183878860958146,0.99999010662335885,0.99999997829911924,-9.8716757603867222e-06
x030,212,0.29981233243967831,0.98924301343967835,98919.478711298842,0.99995124926227963,0.029765395894428153,9.4634519429670867,0.99999019667263056,0.99999998186390626,-9.7851912757018766e-06
x030,212,0.29981233243967831,0.98924301343967835,98919.478711298842,0.99995124926227963,0.02990713587487781,9.5085159998383588,0.99999028609952201,0.99999998485805985,-9.698758537846075e-06
x030,212,0.29981233243967831,0.98924301343967835,98919.478711298842,0.99995124926227963,0.030048875855327468,9.553580056709631,0.99999037499320376,0.99999998737037199,-9.6123771682332659e-06
x030,212,0.29981233243967831,0.98924301343967835,98919.478711298842,0.99995124926227963,0.030190615835777125,9.5986441135809013,0.99999046342940312,0.99999998947624447,-9.5260468413460586e-06
x030,212,0.29981233243967831,0.98924301343967835,98919.478711298842,0.99995124926227963,0.030332355816226782,9.6437081704521734,0.99999055147236171,0.99999999123964023,-9.4397672785184739e-06
x030,212,0.29981233243967831,0.98924301343967835,98919.478711298842,0.99995124926227963,0.030474095796676443,9.6887722273234456,0.99999063917652031,0.99999999271475659,-9.3535382362786024e-06
x030,212,0.29981233243967831,0.98924301343967835,98919.478711298842,0.99995124926227963,0.030615835777126101,9.7338362841947177,0.99999072658796373,0.9999999939474673,-9.2673595035730472e-06
x030,212,0.29981233243967831,0.98924301343967835,98919.478711298842,0.99995124926227963,0.030757575757575758,9.7789003410659898,0.99999081374566068,0.99999999497656211,-9.1812309014338567e-06
x030,212,0.29981233243967831,0.98924301343967835,98919.478711298842,0.99995124926227963,0.030899315738025415,9.8239643979372619,0.99999090068252838,0.99999999583480315,-9.0951522747628744e-06
x030,212,0.29981233243967831,0.98924301343967835,98919.478711298842,0.99995124926227963,0.031041055718475073,9.8690284548085323,0.99999098742634285,0.99999999654983029,-9.0091234874467574e-06
x030,212,0.29981233243967831,0.98924301343967835,98919.478711298842,0.99995124926227963,0.03118279569892473,9.9140925116798044,0.99999107400051623,0.99999999714493648,-8.9231444202475529e-06
x030,212,0.29981233243967831,0.98924301343967835,98919.478711298842,0.99995124926227963,0.031324535679374391,9.9591565685510766,0.99999116042476066,0.9999999976397318,-8.837214971135765e-06
x030,212,0.29981233243967831,0.98924301343967835,98919.478711298842,0.99995124926227963,0.031466275659824045,10.004220625422349,0.99999124671565931,0.99999999805070683,-8.7513350475187934e-06
x030,212,0.29981233243967831,0.98924301343967835,98919.478711298842,0.99995124926227963,0.031608015640273705,10.049284682293621,0.99999133288714803,0.99999999839171516,-8.665504567129112e-06
x030,212,0.29981233243967831,0.98924301343967835,98919.478711298842,0.99995124926227963,0.031749755620723366,10.094348739164893,0.99999141895091992,0.99999999867438116,-8.5797234612439155e-06
x030,212,0.29981233243967831,0.98924301343967835,98919.478711298842,0.99995124926227963,0.03189149560117302,10.139412796036163,0.99999150491678579,0.99999999890844815,-8.493991662361644e-06
x030,212,0.29981233243967831,0.98924301343967835,98919.478711298842,0.99995124926227963,0.032033235581622681,10.184476852907437,0.99999159079296251,0.99999999910207493,-8.4083091124176335e-06
x030,212,0.29981233243967831,0.98924301343967835,98919.478711298842,0.99995124926227963,0.032174975562072335,10.229540909778708,0.99999167658632682,0.99999999926208594,-8.3226757591203793e-06
x030,212,0.29981233243967831,0.98924301343967835,98919.478711298842,0.99995124926227963,0.032316715542521995,10.27460496664998,0.99999176230262998,0.99999999939418394,-8.2370915539531353e-06
x030,212,0.29981233243967831,0.98924301343967835,98919.478711298842,0.99995124926227963,0.032458455522971649,10.31966902352125,0.99999184794667695,0.99999999950312646,-8.1515564495093784e-06
x030,212,0.29981233243967831,0.98924301343967835,98919.478711298842,0.99995124926227963,0.03260019550342131,10.364733080392524,0.99999193352247939,0.99999999959288199,-8.0660704026014329e-06
x030,212,0.29981233243967831,0.98924301343967835,98919.478711298842,0.99995124926227963,0.032741935483870971,10.409797137263796,0.99999201903338153,0.99999999966675457,-7.9806333730392254e-06
x030,212,0.29981233243967831,0.98924301343967835,98919.478711298842,0.99995124926227963,0.032883675464320625,10.454861194135066,0.99999210448217157,0.99999999972749276,-7.8952453211877938e-06
x030,212,0.29981233243967831,0.98924301343967835,98919.478711298842,0.99995124926227963,0.033025415444770286,10.49992525100634,0.99999218987117255,0.99999999977738185,-7.8099062092995553e-06
x030,212,0.29981233243967831,0.98924301343967835,98919.478711298842,0.99995124926227963,0.033167155425219939,10.544989307877611,0.99999227520231804,0.99999999981831744,-7.7246159994048824e-06
x030,212,0.29981233243967831,0.98924301343967835,98919.478711298842,0.99995124926227963,0.0333088954056696,10.590053364748883,0.99999236047721807,0.99999999985187249,-7.6393746544223262e-06
x030,212,0.29981233243967831,0.98924301343967835,98919.478711298842,0.99995124926227963,0.033450635386119254,10.635117421620153,0.99999244569721057,0.99999999987934984,-7.5541821392688391e-06
x030,212,0.29981233243967831,0.98924301343967835,98919.478711298842,0.99995124926227963,0.033592375366568915,10.680181478491427,0.99999253086340989,0.99999999990182775,-7.4690384178621727e-06
x030,212,0.29981233243967831,0.98924301343967835,98919.478711298842,0.99995124926227963,0.033734115347018576,10.725245535362699,0.99999261597674394,0.99999999992019661,-7.3839434526767889e-06
x030,212,0.29981233243967831,0.98924301343967835,98919.478711298842,0.99995124926227963,0.033875855327468229,10.77030959223397,0.99999270103798388,0.99999999993519229,-7.2988972084075954e-06
x030,212,0.29981233243967831,0.98924301343967835,98919.478711298842,0.99995124926227963,0.03401759530791789,10.815373649105242,0.99999278604777253,0.99999999994742272,-7.2138996501935893e-06
x030,212,0.29981233243967831,0.98924301343967835,98919.478711298842,0.99995124926227963,0.034159335288367544,10.860437705976512,0.99999287100664791,0.9999999999573872,-7.1289507392879869e-06
x030,212,0.29981233243967831,0.98924301343967835,98919.478711298842,0.99995124926227963,0.034301075268817205,10.905501762847786,0.99999295591505843,0.99999999996549693,-7.0440504384983171e-06
x030,212,0.29981233243967831,0.98924301343967835,98919.478711298842,0.99995124926227963,0.034442815249266859,10.950565819719056,0.99999304077337814,0.99999999997209066,-6.9591987125194876e-06
x030,212,0.29981233243967831,0.98924301343967835,98919.478711298842,0.99995124926227963,0.03458455522971652,10.995629876590328,0.99999312558192577,0.99999999997744693,-6.8743955211614249e-06
x030,212,0.29981233243967831,0.98924301343967835,98919.478711298842,0.99995124926227963,0.03472629521016618,11.040693933461602,0.99999321034096766,0.99999999998179312,-6.7896408254553009e-06
x030,212,0.29981233243967831,0.98924301343967835,98919.478711298842,0.99995124926227963,0.034868035190615834,11.085757990332873,0.99999329505072809,0.99999999998531608,-6.7049345879865996e-06
x030,212,0.29981233243967831,0.98924301343967835,98919.478711298842,0.99995124926227963,0.035009775171065495,11.130822047204145,0.99999337971140156,0.99999999998817002,-6.6202767684542252e-06
x030,212,0.29981233243967831,0.98924301343967835,98919.478711298842,0.99995124926227963,0.035151515151515149,11.175886104075415,0.99999346432315295,0.99999999999047762,-6.5356673246697028e-06
x030,212,0.29981233243967831,0.98924301343967835,98919.478711298842,0.99995124926227963,0.03529325513196481,11.220950160946689,0.99999354888612479,0.99999999999234246,-6.4511062176642042e-06
x030,212,0.29981233243967831,0.98924301343967835,98919.478711298842,0.99995124926227963,0.03543499511241447,11.266014217817961,0.99999363340044412,0.99999999999384803,-6.3665934039169869e-06
x030,212,0.29981233243967831,0.98924301343967835,98919.478711298842,0.99995124926227963,0.035576735092864124,11.311078274689232,0.99999371786621971,0.99999999999506228,-6.2821288425718436e-06
x030,212,0.29981233243967831,0.98924301343967835,98919.478711298842,0.99995124926227963,0.035718475073313785,11.356142331560504,0.99999380228355095,0.99999999999604028,-6.1977124893308755e-06
x030,212,0.29981233243967831,0.98924301343967835,98919.478711298842,0.99995124926227963,0.035860215053763439,11.401206388431776,0.99999388665252686,0.99999999999682765,-6.1133443007843624e-06
x030,212,0.29981233243967831,0.98924301343967835,98919.478711298842,0.99995124926227963,0.0360019550342131,11.446270445303048,0.99999397097322618,0.99999999999746059,-6.0290242344107625e-06
x030,212,0.29981233243967831,0.98924301343967835,98919.478711298842,0.99995124926227963,0.036143695014662754,11.491334502174318,0.99999405524572527,0.99999999999796907,-5.9447522438027534e-06
x030,212,0.29981233243967831,0.98924301343967835,98919.478711298842,0.99995124926227963,0.036285434995112414,11.53639855904559,0.99999413947009441,0.99999999999837696,-5.8605282825530125e-06
x030,212,0.29981233243967831,0.98924301343967835,98919.478711298842,0.99995124926227963,0.036427174975562075,11.581462615916864,0.99999422364639823,0.99999999999870393,-5.7763523056975075e-06
x030,212,0.29981233243967831,0.98924301343967835,98919.478711298842,0.99995124926227963,0.036568914956011729,11.626526672788135,0.99999430777470011,0.99999999999896583,-5.6922242657186928e-06
x030,212,0.29981233243967831,0.98924301343967835,98919.478711298842,0.99995124926227963,0.03671065493646139,11.671590729659407,0.99999439185505912,0.99999999999917555,-5.6081441164312906e-06
x030,212,0.29981233243967831,0.98924301343967835,98919.478711298842,0.99995124926227963,0.036852394916911044,11.716654786530677,0.99999447588753365,0.99999999999934286,-5.5241118092075325e-06
x030,212,0.29981233243967831,0.98924301343967835,98919.478711298842,0.99995124926227963,0.036994134897360705,11.761718843401951,0.999994559872181,0.99999999999947642,-5.44012729541965e-06
x030,212,0.29981233243967831,0.98924301343967835,98919.478711298842,0.99995124926227963,0.037135874877810358,11.806782900273221,0.99999464380905723,0.99999999999958333,-5.3561905261068077e-06
x030,212,0.29981233243967831,0.98924301343967835,98919.478711298842,0.99995124926227963,0.037277614858260019,11.851846957144494,0.99999472769821685,0.99999999999966804,-5.2723014511979471e-06
x030,212,0.29981233243967831,0.98924301343967835,98919.478711298842,0.99995124926227963,0.03741935483870968,11.896911014015767,0.99999481153971526,0.99999999999973577,-5.1884600205109876e-06
x030,212,0.29981233243967831,0.98924301343967835,98919.478711298842,0.99995124926227963,0.037561094819159334,11.941975070887038,0.9999948953336053,0.9999999999997895,-5.1046661841969154e-06
x030,212,0.29981233243967831,0.98924301343967835,98919.478711298842,0.99995124926227963,0.037702834799608995,11.98703912775831,0.9999949790799425,0.99999999999983269,-5.0209198901862706e-06
x066,465,0.6593029490616622,1.3487336300616621,134860.75706560924,0.99990653498751725,0,0,0,0,0
x066,465,0.6593029490616622,1.3487336300616621,134860.75706560924,0.99990653498751725,0.00014173998044965787,0.038593039024856092,0.012805841219804224,0.012815096637527421,-9.2554177231977258e-06
x066,465,0.6593029490616622,1.3487336300616621,134860.75706560924,0.99990653498751725,0.00028347996089931574,0.077186078049712184,0.025612066622793823,0.02563012192925148,-1.8055306457657322e-05
x066,465,0.6593029490616622,1.3487336300616621,134860.75706560924,0.99990653498751725,0.00042521994134897361,0.11577911707456827,0.038418387400990565,0.038444892440630193,-2.650503963962797e-05
x066,465,0.6593029490616622,1.3487336300616621,134860.75706560924,0.99990653498751725,0.00056695992179863148,0.15437215609942437,0.051224442541675415,0.051259102407472848,-3.4659865797433131e-05
x066,465,0.6593029490616622,1.3487336300616621,134860.75706560924,0.99990653498751725,0.00070869990224828934,0.19296519512428045,0.064029762984559022,0.064072323893188163,-4.2560908629141192e-05
x066,465,0.6593029490616622,1.3487336300616621,134860.75706560924,0.99990653498751725,0.00085043988269794721,0.23155823414913654,0.076833778121814286,0.076884006820631318,-5.0228698817031403e-05
x066,465,0.6593029490616622,1.3487336300616621,134860.75706560924,0.99990653498751725,0.00099217986314760519,0.27015127317399268,0.089635804306528649,0.089693478920420622,-5.7674613891972593e-05
x066,465,0.6593029490616622,1.3487336300616621,134860.75706560924,0.99990653498751725,0.001133919843597263,0.30874431219884874,0.10243504252454927,0.10249994630245401,-6.4903777904745663e-05
x066,465,0.6593029490616622,1.3487336300616621,134860.75706560924,0.99990653498751725,0.0012756598240469209,0.34733735122370485,0.11523057434078321,0.11530249354461815,-7.1919203834938661e-05
x066,465,0.6593029490616622,1.3487336300616621,134860.75706560924,0.99990653498751725,0.0014173998044965787,0.38593039024856091,0.12802136078481702,0.12810008369489548,-7.8722910078460329e-05
x066,465,0.6593029490616622,1.3487336300616621,134860.75706560924,0.99990653498751725,0.0015591397849462367,0.42452342927341702,0.14080624167012765,0.14089155941491566,-8.5317744788010463e-05
x066,465,0.6593029490616622,1.3487336300616621,134860.75706560924,0.99990653498751725,0.0017008797653958944,0.46311646829827308,0.15358393599168443,0.15367564333401029,-9.1707342325858532e-05
x066,465,0.6593029490616622,1.3487336300616621,134860.75706560924,0.99990653498751725,0.0018426197458455524,0.50170950732312924,0.16635304268201537,0.16645093807988187,-9.7895397866504252e-05
x066,465,0.6593029490616622,1.3487336300616621,134860.75706560924,0.99990653498751725,0.0019843597262952104,0.54030254634798536,0.17911204172768969,0.17921592806532122,-0.00010388633763153132
x066,465,0.6593029490616622,1.3487336300616621,134860.75706560924,0.99990653498751725,0.0021260997067448681,0.57889558537284136,0.19185929543630409,0.19196898047806576,-0.00010968504176167571
x066,465,0.6593029490616622,1.3487336300616621,134860.75706560924,0.99990653498751725,0.0022678396871945259,0.61748862439769747,0.20459304983568,0.20470834522844594,-0.00011529539276594614
x066,465,0.6593029490616622,1.3487336300616621,134860.75706560924,0.99990653498751725,0.0024095796676441837,0.65608166342255347,0.21731143617108256,0.21743215736169091,-0.00012072119060835274
x066,465,0.6593029490616622,1.3487336300616621,134860.75706560924,0.99990653498751725,0.0025513196480938419,0.6946747024474097,0.2300124725184331,0.2301384392102295,-0.00012596669179640307
x066,465,0.6593029490616622,1.3487336300616621,134860.75706560924,0.99990653498751725,0.0026930596285434996,0.7332677414722657,0.2426940655322444,0.24282510005894917,-0.00013103452670476523
x066,465,0.6593029490616622,1.3487336300616621,134860.75706560924,0.99990653498751725,0.0028347996089931574,0.77186078049712181,0.2553540123561685,0.25548993907503681,-0.00013592671886830665
x066,465,0.6593029490616622,1.3487336300616621,134860.75706560924,0.99990653498751725,0.0029765395894428151,0.81045381952197793,0.26799000272028273,0.26813064929626179,-0.00014064657597906427
x066,465,0.6593029490616622,1.3487336300616621,134860.75706560924,0.99990653498751725,0.0031182795698924733,0.84904685854683404,0.28059962124648008,0.2807448167259311,-0.00014519547945102129
x066,465,0.6593029490616622,1.3487336300616621,134860.75706560924,0.99990653498751725,0.0032600195503421311,0.88763989757169015,0.29318034997836245,0.29332992358085253,-0.00014957360249007179
x066,465,0.6593029490616622,1.3487336300616621,134860.75706560924,0.99990653498751725,0.0034017595307917889,0.92623293659654615,0.30572957114805471,0.30588335492260083,-0.00015378377454611236
x066,465,0.6593029490616622,1.3487336300616621,134860.75706560924,0.99990653498751725,0.0035434995112414466,0.96482597562140227,0.31824457018879421,0.3184023968061796,-0.00015782661738539261
x066,465,0.6593029490616622,1.3487336300616621,134860.75706560924,0.99990653498751725,0.0036852394916911048,1.0034190146462585,0.33072253899955439,0.33088423955593332,-0.00016170055637892977
x066,465,0.6593029490616622,1.3487336300616621,134860.75706560924,0.99990653498751725,0.0038269794721407626,1.0420120536711144,0.34316057946594225,0.34332598796215191,-0.00016540849620966247
x066,465,0.6593029490616622,1.3487336300616621,134860.75706560924,0.99990653498751725,0.0039687194525904208,1.0806050926959707,0.35555570724016267,0.35572465802174963,-0.00016895078158696286
x066,465,0.6593029490616622,1.3487336300616621,134860.75706560924,0.99990653498751725,0.0041104594330400781,1.1191981317208266,0.36790485578163251,0.36807717986384686,-0.00017232408221434792
x066,465,0.6593029490616622,1.3487336300616621,134860.75706560924,0.99990653498751725,0.0042521994134897363,1.1577911707456827,0.38020488065880692,0.38038041252642002,-0.00017553186761309902
x066,465,0.6593029490616622,1.3487336300616621,134860.75706560924,0.99990653498751725,0.0043939393939393936,1.1963842097705386,0.39245256411176288,0.39263113839157637,-0.00017857427981349261
x066,465,0.6593029490616622,1.3487336300616621,134860.75706560924,0.99990653498751725,0.0045356793743890518,1.2349772487953949,0.40464461987403932,0.4048260670741502,-0.00018144720011087356
x066,465,0.6593029490616622,1.3487336300616621,134860.75706560924,0.99990653498751725,0.00467741935483871,1.2735702878202511,0.41677769825111233,0.41696185230872262,-0.00018415405761029735
x066,465,0.6593029490616622,1.3487336300616621,134860.75706560924,0.99990653498751725,0.0048191593352883673,1.3121633268451069,0.42884839145167963,0.42903508674742513,-0.00018669529574549815
x066,465,0.6593029490616622,1.3487336300616621,134860.75706560924,0.99990653498751725,0.0049608993157380255,1.3507563658699633,0.44085323916663544,0.44104230582905424,-0.00018906666241880199
x066,465,0.6593029490616622,1.3487336300616621,134860.75706560924,0.99990653498751725,0.0051026392961876837,1.3893494048948194,0.45278873438927675,0.45298000558784174,-0.00019127119856499064
x066,465,0.6593029490616622,1.3487336300616621,134860.75706560924,0.99990653498751725,0.005244379276637341,1.4279424439196753,0.46465132946886334,0.46484463960997313,-0.00019331014110979261
x066,465,0.6593029490616622,1.3487336300616621,134860.75706560924,0.99990653498751725,0.0053861192570869992,1.4665354829445314,0.47643744238821939,0.4766326218665769,-0.00019517947835751004
x066,465,0.6593029490616622,1.3487336300616621,134860.75706560924,0.99990653498751725,0.0055278592375366566,1.5051285219693875,0.48814346325460573,0.48834034499971501,-0.00019688174510928969
x066,465,0.6593029490616622,1.3487336300616621,134860.75706560924,0.99990653498751725,0.0056695992179863148,1.5437215609942436,0.49976576099162051,0.49996418034493134,-0.00019841935331083027
x066,465,0.6593029490616622,1.3487336300616621,134860.75706560924,0.99990653498751725,0.0058113391984359729,1.5823146000190997,0.51130069021841518,0.51150047910978014,-0.00019978889136496036
x066,465,0.6593029490616622,1.3487336300616621,134860.75706560924,0.99990653498751725,0.0059530791788856303,1.6209076390439559,0.52274459830109021,0.52294559051338485,-0.00020099221229463726
x066,465,0.6593029490616622,1.3487336300616621,134860.75706560924,0.99990653498751725,0.0060948191593352885,1.659500678068812,0.53409383255968745,0.53429586580914323,-0.00020203324945577972
x066,465,0.6593029490616622,1.3487336300616621,134860.75706560924,0.99990653498751725,0.0062365591397849467,1.6980937170936681,0.54534474761284468,0.545547657131638,-0.00020290951879331498
x066,465,0.6593029490616622,1.3487336300616621,134860.75706560924,0.99990653498751725,0.006378299120234604,1.736686756118524,0.55649371284083282,0.55669733479900951,-0.00020362195817669182
x066,465,0.6593029490616622,1.3487336300616621,134860.75706560924,0.99990653498751725,0.0065200391006842622,1.7752797951433803,0.56753711994643297,0.56774129626355874,-0.00020417631712577045
x066,465,0.6593029490616622,1.3487336300616621,134860.75706560924,0.99990653498751725,0.0066617790811339195,1.8138728341682362,0.57847139059192276,0.5786759619116546,-0.00020457131973183884
x066,465,0.6593029490616622,1.3487336300616621,134860.75706560924,0.99990653498751725,0.0068035190615835777,1.8524658731930923,0.58929298408930619,0.58949779079282938,-0.00020480670352318597
x066,465,0.6593029490616622,1.3487336300616621,134860.75706560924,0.99990653498751725,0.0069452590420332359,1.8910589122179484,0.59999840511992775,0.60020329538531203,-0.00020489026538428323
x066,465,0.6593029490616622,1.3487336300616621,134860.75706560924,0.99990653498751725,0.0070869990224828932,1.9296519512428045,0.61058421145867381,0.61078903362003678,-0.00020482216136297193
x066,465,0.6593029490616622,1.3487336300616621,134860.75706560924,0.99990653498751725,0.0072287390029325514,1.9682449902676606,0.6210470216771633,0.62125162228080155,-0.00020460060363824972
x066,465,0.6593029490616622,1.3487336300616621,134860.75706560924,0.99990653498751725,0.0073704789833822096,2.006838029292517,0.63138352279966781,0.63158775839689407,-0.0002042355972262655
x066,465,0.6593029490616622,1.3487336300616621,134860.75706560924,0.99990653498751725,0.0075122189638318669,2.0454310683173729,0.64159047788492207,0.64179420677705667,-0.00020372889213460255
x066,465,0.6593029490616622,1.3487336300616621,134860.75706560924,0.99990653498751725,0.0076539589442815251,2.0840241073422288,0.65166473350661158,0.65186781033432928,-0.00020307682771769642
x066,465,0.6593029490616622,1.3487336300616621,134860.75706560924,0.99990653498751725,0.0077956989247311825,2.1226171463670851,0.66160322710503638,0.66180551881061922,-0.00020229170558283549
x066,465,0.6593029490616622,1.3487336300616621,134860.75706560924,0.99990653498751725,0.0079374389051808415,2.1612101853919414,0.67140299418236793,0.67160437115190641,-0.00020137696953848039
x066,465,0.6593029490616622,1.3487336300616621,134860.75706560924,0.99990653498751725,0.0080791788856304989,2.1998032244167973,0.68106117531394927,0.6812615020515278,-0.0002003267375785267
x066,465,0.6593029490616622,1.3487336300616621,134860.75706560924,0.99990653498751725,0.0082209188660801562,2.2383962634416532,0.69057502294832307,0.69077417857483381,-0.00019915562651073859
x066,465,0.6593029490616622,1.3487336300616621,134860.75706560924,0.99990653498751725,0.0083626588465298135,2.2769893024665091,0.69994190796903999,0.70013977613948652,-0.00019786817044653571
x066,465,0.6593029490616622,1.3487336300616621,134860.75706560924,0.99990653498751725,0.0085043988269794726,2.3155823414913654,0.70915932599186127,0.70935578386569043,-0.00019645787382915891
x066,465,0.6593029490616622,1.3487336300616621,134860.75706560924,0.99990653498751725,0.0086461388074291299,2.3541753805162213,0.71822490337168088,0.71841984306082829,-0.00019493968914741089
x066,465,0.6593029490616622,1.3487336300616621,134860.75706560924,0.99990653498751725,0.0087878787878787872,2.3927684195410772,0.72713640289438053,0.72732972206945179,-0.0001933191750712604
x066,465,0.6593029490616622,1.3487336300616621,134860.75706560924,0.99990653498751725,0.0089296187683284463,2.431361458565934,0.73589172912986889,0.73608332016862177,-0.00019159103875288075
x066,465,0.6593029490616622,1.3487336300616621,134860.75706560924,0.99990653498751725,0.0090713587487781036,2.4699544975907899,0.7444889334237782,0.74467870179317641,-0.00018976836939821329
x066,465,0.6593029490616622,1.3487336300616621,134860.75706560924,0.99990653498751725,0.0092130987292277609,2.5085475366156458,0.75292621850663555,0.75311407681437315,-0.00018785830773759837
x066,465,0.6593029490616622,1.3487336300616621,134860.75706560924,0.99990653498751725,0.00935483870967742,2.5471405756405021,0.76120194270084818,0.76138779950429814,-0.00018585680344995748
x066,465,0.6593029490616622,1.3487336300616621,134860.75706560924,0.99990653498751725,0.0094965786901270773,2.585733614665358,0.76931462370745163,0.76949839838535739,-0.00018377467790575697
x066,465,0.6593029490616622,1.3487336300616621,134860.75706560924,0.99990653498751725,0.0096383186705767347,2.6243266536902139,0.77726294195641921,0.77744456255235161,-0.00018162059593240798
x066,465,0.6593029490616622,1.3487336300616621,134860.75706560924,0.99990653498751725,0.0097800586510263937,2.6629196927150707,0.78504574350610756,0.78522513526834103,-0.00017939176223347175
x066,465,0.6593029490616622,1.3487336300616621,134860.75706560924,0.99990653498751725,0.009921798631476051,2.7015127317399266,0.79266204247952798,0.79283913887491153,-0.00017709639538354693
x066,465,0.6593029490616622,1.3487336300616621,134860.75706560924,0.99990653498751725,0.010063538611925708,2.7401057707647825,0.80011102302713,0.80028576762471459,-0.00017474459758459737
x066,465,0.6593029490616622,1.3487336300616621,134860.75706560924,0.99990653498751725,0.010205278592375367,2.7786988097896388,0.80739204080799254,0.80756437562505923,-0.0001723348170666883
x066,465,0.6593029490616622,1.3487336300616621,134860.75706560924,0.99990653498751725,0.010347018572825025,2.8172918488144947,0.81450462398355983,0.81467449640227096,-0.00016987241871113667
x066,465,0.6593029490616622,1.3487336300616621,134860.75706560924,0.99990653498751725,0.010488758553274682,2.8558848878393506,0.82144847372027574,0.82161584255075715,-0.00016736883048140694
x066,465,0.6593029490616622,1.3487336300616621,134860.75706560924,0.99990653498751725,0.010630498533724339,2.8944779268642065,0.82822346419986825,0.82838828791049646,-0.00016482371062820356
x066,465,0.6593029490616622,1.3487336300616621,134860.75706560924,0.99990653498751725,0.010772238514173998,2.9330709658890628,0.83482964213826205,0.83499188155039195,-0.00016223941212989423
x066,465,0.6593029490616622,1.3487336300616621,134860.75706560924,0.99990653498751725,0.010913978494623656,2.9716640049139191,0.84126722581651214,0.84142685437145492,-0.00015962855494278116
x066,465,0.6593029490616622,1.3487336300616621,134860.75706560924,0.99990653498751725,0.011055718475073313,3.010257043938775,0.84753660362938288,0.84769359558215873,-0.00015699195277585343
x066,465,0.6593029490616622,1.3487336300616621,134860.75706560924,0.99990653498751725,0.011197458455522972,3.0488500829636314,0.8536383321595109,0.85379266104359974,-0.00015432888408883905
x066,465,0.6593029490616622,1.3487336300616621,134860.75706560924,0.99990653498751725,0.01133919843597263,3.0874431219884872,0.85957313378730271,0.85972478679436326,-0.00015165300706054818
x066,465,0.6593029490616622,1.3487336300616621,134860.75706560924,0.99990653498751725,0.011480938416422287,3.1260361610133431,0.86534189384885973,0.86549086006462417,-0.00014896621576443447
x066,465,0.6593029490616622,1.3487336300616621,134860.75706560924,0.99990653498751725,0.011622678396871946,3.1646292000381995,0.87094565735630081,0.8710919221013057,-0.00014626474500489817
x066,465,0.6593029490616622,1.3487336300616621,134860.75706560924,0.99990653498751725,0.011764418377321603,3.2032222390630554,0.87638562529685349,0.87652918841647387,-0.00014356311962038237
x066,465,0.6593029490616622,1.3487336300616621,134860.75706560924,0.99990653498751725,0.011906158357771261,3.2418152780879117,0.88166315052892263,0.88180401474827064,-0.00014086421934800253
x066,465,0.6593029490616622,1.3487336300616621,134860.75706560924,0.99990653498751725,0.01204789833822092,3.280408317112768,0.88677973329509574,0.88691789464851023,-0.00013816135341448987
x066,465,0.6593029490616622,1.3487336300616621,134860.75706560924,0.99990653498751725,0.012189638318670577,3.3190013561376239,0.89173701637369296,0.891872486100587,-0.00013546972689404413
x066,465,0.6593029490616622,1.3487336300616621,134860.75706560924,0.99990653498751725,0.012331378299120234,3.3575943951624798,0.89653677989190295,0.89666957263329528,-0.00013279274139232911
x066,465,0.6593029490616622,1.3487336300616621,134860.75706560924,0.99990653498751725,0.012473118279569893,3.3961874341873362,0.90118093582487546,0.90131105785531296,-0.00013012203043749615
x066,465,0.6593029490616622,1.3487336300616621,134860.75706560924,0.99990653498751725,0.012614858260019551,3.434780473212192,0.90567152220632796,0.9057989944343936,-0.00012747222806563929
x066,465,0.6593029490616622,1.3487336300616621,134860.75706560924,0.99990653498751725,0.012756598240469208,3.4733735122370479,0.91001069707717952,0.91013554367053207,-0.00012484659335254555
x066,465,0.6593029490616622,1.3487336300616621,134860.75706560924,0.99990653498751725,0.012898338220918865,3.5119665512619038,0.9142007321995852,0.91432297021135545,-0.00012223801177024818
x066,465,0.6593029490616622,1.3487336300616621,134860.75706560924,0.99990653498751725,0.013040078201368524,3.5505595902867606,0.91824400656437755,0.91836366424195437,-0.00011965767757682322
x066,465,0.6593029490616622,1.3487336300616621,134860.75706560924,0.99990653498751725,0.013181818181818182,3.5891526293116165,0.92214299972039904,0.9222601093058802,-0.00011710958548116768
x066,465,0.6593029490616622,1.3487336300616621,134860.75706560924,0.99990653498751725,0.013323558162267839,3.6277456683364724,0.92590028495452248,0.92601487276010808,-0.00011458780558559756
x066,465,0.6593029490616622,1.3487336300616621,134860.75706560924,0.99990653498751725,0.013465298142717498,3.6663387073613287,0.92951852235129562,0.92963062262264962,-0.00011210027135399869
x066,465,0.6593029490616622,1.3487336300616621,134860.75706560924,0.99990653498751725,0.013607038123167155,3.7049317463861846,0.93300045176104984,0.93311010334993438,-0.00010965158888454063
x066,465,0.6593029490616622,1.3487336300616621,134860.75706560924,0.99990653498751725,0.013748778103616813,3.7435247854110405,0.93634888570518016,0.93645612263162314,-0.00010723692644298843
x066,465,0.6593029490616622,1.3487336300616621,134860.75706560924,0.99990653498751725,0.013890518084066472,3.7821178244358968,0.93956670224686911,0.93967156344616598,-0.00010486119929686843
x066,465,0.6593029490616622,1.3487336300616621,134860.75706560924,0.99990653498751725,0.014032258064516129,3.8207108634607532,0.94265683785503429,0.94275936734863586,-0.00010252949360156638
x066,465,0.6593029490616622,1.3487336300616621,134860.75706560924,0.99990653498751725,0.014173998044965786,3.8593039024856091,0.94562228028857787,0.94572251826341547,-0.00010023797483760255
x066,465,0.6593029490616622,1.3487336300616621,134860.75706560924,0.99990653498751725,0.014315738025415446,3.8978969415104654,0.94846606152723922,0.94856405035983116,-9.7988832591933139e-05
x066,465,0.6593029490616622,1.3487336300616621,134860.75706560924,0.99990653498751725,0.014457478005865103,3.9364899805353213,0.95119125077435074,0.95128703827388128,-9.5787499530541886e-05
x066,465,0.6593029490616622,1.3487336300616621,134860.75706560924,0.99990653498751725,0.01459921798631476,3.9750830195601772,0.95380094755578615,0.95389457858352411,-9.3631027737961503e-05
x066,465,0.6593029490616622,1.3487336300616621,134860.75706560924,0.99990653498751725,0.014740957966764419,4.013676058585034,0.9562982749381933,0.95638979414736069,-9.1519209167389981e-05
x066,465,0.6593029490616622,1.3487336300616621,134860.75706560924,0.99990653498751725,0.014882697947214077,4.0522690976098898,0.95868637288830794,0.95877583058014637,-8.9457691838434883e-05
x066,465,0.6593029490616622,1.3487336300616621,134860.75706560924,0.99990653498751725,0.015024437927663734,4.0908621366347457,0.96096839179384375,0.96105583609270839,-8.744429886464733e-05
x066,465,0.6593029490616622,1.3487336300616621,134860.75706560924,0.99990653498751725,0.015166177908113391,4.1294551756596016,0.96314748616496548,0.96323296293868521,-8.5476773719728172e-05
x066,465,0.6593029490616622,1.3487336300616621,134860.75706560924,0.99990653498751725,0.01530791788856305,4.1680482146844575,0.96522680853390219,0.96531036938902726,-8.3560855125064393e-05
x066,465,0.6593029490616622,1.3487336300616621,134860.75706560924,0.99990653498751725,0.015449657869012708,4.2066412537093134,0.96720950356869506,0.96729119858970281,-8.169502100774384e-05
x066,465,0.6593029490616622,1.3487336300616621,134860.75706560924,0.99990653498751725,0.015591397849462365,4.2452342927341702,0.969098702415503,0.96917857773836369,-7.9875322860689657e-05
x066,465,0.6593029490616622,1.3487336300616621,134860.75706560924,0.99990653498751725,0.015733137829912022,4.2838273317590261,0.97089751728229579,0.97097562475774746,-7.8107475451671959e-05
x066,465,0.6593029490616622,1.3487336300616621,134860.75706560924,0.99990653498751725,0.015874877810361683,4.3224203707838829,0.97260903627513096,0.97268542677358294,-7.6390498451983646e-05
x066,465,0.6593029490616622,1.3487336300616621,134860.75706560924,0.99990653498751725,0.01601661779081134,4.3610134098087387,0.97423631849663539,0.97431103759941251,-7.4719102777121016e-05
x066,465,0.6593029490616622,1.3487336300616621,134860.75706560924,0.99990653498751725,0.016158357771260998,4.3996064488335946,0.97578238941465711,0.97585548829201496,-7.3098877357846703e-05
x066,465,0.6593029490616622,1.3487336300616621,134860.75706560924,0.99990653498751725,0.016300097751710655,4.4381994878584505,0.9772502365075123,0.97732176576885943,-7.1529261347125228e-05
x066,465,0.6593029490616622,1.3487336300616621,134860.75706560924,0.99990653498751725,0.016441837732160312,4.4767925268833064,0.97864280519067048,0.97871280919793291,-7.0004007262425283e-05
x066,465,0.6593029490616622,1.3487336300616621,134860.75706560924,0.99990653498751725,0.01658357771260997,4.5153855659081623,0.9799629950282297,0.98003152347274369,-6.8528444513993314e-05
x066,465,0.6593029490616622,1.3487336300616621,134860.75706560924,0.99990653498751725,0.016725317693059627,4.5539786049330182,0.98121365623104073,0.98128075803678061,-6.7101805739877562e-05
x066,465,0.6593029490616622,1.3487336300616621,134860.75706560924,0.99990653498751725,0.016867057673509288,4.592571643957875,0.98239758644195729,0.98246330526914982,-6.5718827192529083e-05
x066,465,0.6593029490616622,1.3487336300616621,134860.75706560924,0.99990653498751725,0.017008797653958945,4.6311646829827309,0.98351752780729229,0.98358191068399892,-6.438287670662568e-05
x066,465,0.6593029490616622,1.3487336300616621,134860.75706560924,0.99990653498751725,0.017150537634408602,4.6697577220075868,0.98457616433236306,0.98463925790455298,-6.3093572189920621e-05
x066,465,0.6593029490616622,1.3487336300616621,134860.75706560924,0.99990653498751725,0.01729227761485826,4.7083507610324427,0.98557611951768798,0.98563796602568643,-6.1846507998453149e-05
x066,465,0.6593029490616622,1.3487336300616621,134860.75706560924,0.99990653498751725,0.017434017595307917,4.7469438000572985,0.9865199542713573,0.98658059771306483,-6.0643441707530776e-05
x066,465,0.6593029490616622,1.3487336300616621,134860.75706560924,0.99990653498751725,0.017575757575757574,4.7855368390821544,0.98741016509202328,0.98746964937893233,-5.948428690905061e-05
x066,465,0.6593029490616622,1.3487336300616621,134860.75706560924,0.99990653498751725,0.017717497556207235,4.8241298781070121,0.98824918251595606,0.98830754789386999,-5.8365377913927041e-05
x066,465,0.6593029490616622,1.3487336300616621,134860.75706560924,0.99990653498751725,0.017859237536656893,4.862722917131868,0.98903936982077678,0.9890966570077131,-5.7287186936316736e-05
x066,465,0.6593029490616622,1.3487336300616621,134860.75706560924,0.99990653498751725,0.01800097751710655,4.9013159561567239,0.98978302197766965,0.98983927182218323,-5.6249844513578395e-05
x066,465,0.6593029490616622,1.3487336300616621,134860.75706560924,0.99990653498751725,0.018142717497556207,4.9399089951815798,0.99048236484315189,0.99053761515936345,-5.5250316211563621e-05
x066,465,0.6593029490616622,1.3487336300616621,134860.75706560924,0.99990653498751725,0.018284457478005865,4.9785020342064357,0.99113955458088088,0.99119384266311994,-5.4288082239062341e-05
x066,465,0.6593029490616622,1.3487336300616621,134860.75706560924,0.99990653498751725,0.018426197458455522,5.0170950732312916,0.99175667730343375,0.99181004072630241,-5.3363422868657473e-05
x066,465,0.6593029490616622,1.3487336300616621,134860.75706560924,0.99990653498751725,0.018567937438905179,5.0556881122561474,0.99233574892356269,0.99238822276045513,-5.2473836892441561e-05
x066,465,0.6593029490616622,1.3487336300616621,134860.75706560924,0.99990653498751725,0.01870967741935484,5.0942811512810042,0.99287871520402649,0.99293033327524338,-5.1618071216896766e-05
x066,465,0.6593029490616622,1.3487336300616621,134860.75706560924,0.99990653498751725,0.018851417399804497,5.1328741903058601,0.99338745199485257,0.99343824849507467,-5.0796500222105578e-05
x066,465,0.6593029490616622,1.3487336300616621,134860.75706560924,0.99990653498751725,0.018993157380254155,5.171467229330716,0.99386376564666001,0.99391377271578674,-5.0007069126722925e-05
x066,465,0.6593029490616622,1.3487336300616621,134860.75706560924,0.99990653498751725,0.019134897360703812,5.2100602683555719,0.99430939358852366,0.99435864160278475,-4.9248014261094042e-05
x066,465,0.6593029490616622,1.3487336300616621,134860.75706560924,0.99990653498751725,0.019276637341153469,5.2486533073804278,0.99472600505882236,0.99477452481843698,-4.8519759614618074e-05
x066,465,0.6593029490616622,1.3487336300616621,134860.75706560924,0.99990653498751725,0.019418377321603127,5.2872463464052837,0.99511520197749415,0.99516302259874001,-4.7820621245864281e-05
x066,465,0.6593029490616622,1.3487336300616621,134860.75706560924,0.99990653498751725,0.019560117302052787,5.3258393854301413,0.99547851994819947,0.99552566846008439,-4.7148511884920197e-05
x066,465,0.6593029490616622,1.3487336300616621,134860.75706560924,0.99990653498751725,0.019701857282502445,5.3644324244549972,0.99581742937900508,0.9958639332498912,-4.6503870886116516e-05
x066,465,0.6593029490616622,1.3487336300616621,134860.75706560924,0.99990653498751725,0.019843597262952102,5.4030254634798531,0.99613333671037874,0.99617922203070719,-4.5885320328453716e-05
x066,465,0.6593029490616622,1.3487336300616621,134860.75706560924,0.99990653498751725,0.019985337243401759,5.441618502504709,0.99642758573952339,0.99647287634156845,-4.5290602045056083e-05
x066,465,0.6593029490616622,1.3487336300616621,134860.75706560924,0.99990653498751725,0.020127077223851417,5.4802115415295649,0.99670145903031415,0.99674617917593999,-4.4720145625842811e-05
x066,465,0.6593029490616622,1.3487336300616621,134860.75706560924,0.99990653498751725,0.020268817204301074,5.5188045805544208,0.99695617939844727,0.99700035222278216,-4.4172824334887117e-05
x066,465,0.6593029490616622,1.3487336300616621,134860.75706560924,0.99990653498751725,0.020410557184750735,5.5573976195792776,0.99719291146172917,0.99723655779171527,-4.3646329986102295e-05
x066,465,0.6593029490616622,1.3487336300616621,134860.75706560924,0.99990653498751725,0.020552297165200392,5.5959906586041335,0.9974127632458093,0.99745590431089659,-4.3141065087293207e-05
x066,465,0.6593029490616622,1.3487336300616621,134860.75706560924,0.99990653498751725,0.02069403714565005,5.6345836976289894,0.99761678783607377,0.99765944384712635,-4.2656011052577547e-05
x066,465,0.6593029490616622,1.3487336300616621,134860.75706560924,0.99990653498751725,0.020835777126099707,5.6731767366538453,0.99780598506681384,0.99784817426030659,-4.2189193492747634e-05
x066,465,0.6593029490616622,1.3487336300616621,134860.75706560924,0.99990653498751725,0.020977517106549364,5.7117697756787011,0.99798130323924772,0.99802304392456365,-4.174068531592745e-05
x066,465,0.6593029490616622,1.3487336300616621,134860.75706560924,0.99990653498751725,0.021119257086999021,5.750362814703557,0.99814364086040508,0.99818495050888967,-4.1309648484588735e-05
x066,465,0.6593029490616622,1.3487336300616621,134860.75706560924,0.99990653498751725,0.021260997067448679,5.7889558537284129,0.9982938483953725,0.99833474286559887,-4.0894470226371382e-05
x066,465,0.6593029490616622,1.3487336300616621,134860.75706560924,0.99990653498751725,0.02140273704789834,5.8275488927532697,0.99843273002582134,0.99847322495311541,-4.0494927294076888e-05
x066,465,0.6593029490616622,1.3487336300616621,134860.75706560924,0.99990653498751725,0.021544477028347997,5.8661419317781256,0.9985610454082734,0.99860115576197106,-4.0110353697664358e-05
x066,465,0.6593029490616622,1.3487336300616621,134860.75706560924,0.99990653498751725,0.021686217008797654,5.9047349708029824,0.99867951142597799,0.99871925086297275,-3.9739436994756794e-05
x066,465,0.6593029490616622,1.3487336300616621,134860.75706560924,0.99990653498751725,0.021827956989247312,5.9433280098278383,0.99878880392877034,0.99882818569155241,-3.9381762782064733e-05
x066,465,0.6593029490616622,1.3487336300616621,134860.75706560924,0.99990653498751725,0.021969696969696969,5.9819210488526942,0.99888955945573732,0.99892859625859254,-3.9036802855219044e-05
x066,465,0.6593029490616622,1.3487336300616621,134860.75706560924,0.99990653498751725,0.022111436950146626,6.02051408787755,0.99898237693598102,0.99902108042901672,-3.8703493035696646e-05
x066,465,0.6593029490616622,1.3487336300616621,134860.75706560924,0.99990653498751725,0.022253176930596287,6.0591071269024068,0.99906781936319822,0.99910620067179678,-3.8381308598567365e-05
x066,465,0.6593029490616622,1.3487336300616621,134860.75706560924,0.99990653498751725,0.022394916911045944,6.0977001659272627,0.99914641544025318,0.99918448527144443,-3.8069831191256398e-05
x066,465,0.6593029490616622,1.3487336300616621,134860.75706560924,0.99990653498751725,0.022536656891495602,6.1362932049521186,0.99921866119031399,0.99925642939130199,-3.7768200987997602e-05
x066,465,0.6593029490616622,1.3487336300616621,134860.75706560924,0.99990653498751725,0.022678396871945259,6.1748862439769745,0.99928502153154986,0.99932249737481771,-3.747584326785347e-05
x066,465,0.6593029490616622,1.3487336300616621,134860.75706560924,0.99990653498751725,0.022820136852394916,6.2134792830018304,0.9993459318127661,0.9993831242397283,-3.7192426962207037e-05
x066,465,0.6593029490616622,1.3487336300616621,134860.75706560924,0.99990653498751725,0.022961876832844574,6.2520723220266863,0.99940179930772688,0.99943871656751515,-3.691725978827165e-05
x066,465,0.6593029490616622,1.3487336300616621,134860.75706560924,0.99990653498751725,0.023103616813294231,6.2906653610515422,0.99945300466627129,0.99948965442665316,-3.664976038186829e-05
x066,465,0.6593029490616622,1.3487336300616621,134860.75706560924,0.99990653498751725,0.023245356793743892,6.3292584000763989,0.99949990332065219,0.99953629298750879,-3.6389666856595504e-05
x066,465,0.6593029490616622,1.3487336300616621,134860.75706560924,0.99990653498751725,0.023387096774193549,6.3678514391012548,0.99954282684586993,0.99957896326964724,-3.6136423777310966e-05
x066,465,0.6593029490616622,1.3487336300616621,134860.75706560924,0.99990653498751725,0.023528836754643206,6.4064444781261107,0.99958208427303508,0.99961797374581363,-3.5889472778549703e-05
x066,465,0.6593029490616622,1.3487336300616621,134860.75706560924,0.99990653498751725,0.023670576735092864,6.4450375171509666,0.9996179633550929,0.99965361196181446,-3.5648606721561116e-05
x066,465,0.6593029490616622,1.3487336300616621,134860.75706560924,0.99990653498751725,0.023812316715542521,6.4836305561758234,0.99965073178450403,0.99968614516606025,-3.5413381556215207e-05
x066,465,0.6593029490616622,1.3487336300616621,134860.75706560924,0.99990653498751725,0.023954056695992178,6.5222235952006793,0.99968063836268595,0.99971582164343742,-3.5183280751471813e-05
x066,465,0.6593029490616622,1.3487336300616621,134860.75706560924,0.99990653498751725,0.024095796676441839,6.5608166342255361,0.99970791412126769,0.99974287226173664,-3.4958140468943633e-05
x066,465,0.6593029490616622,1.3487336300616621,134860.75706560924,0.99990653498751725,0.024237536656891497,6.599409673250392,0.99973277339540478,0.99976751100240824,-3.4737607003454407e-05
x066,465,0.6593029490616622,1.3487336300616621,134860.75706560924,0.99990653498751725,0.024379276637341154,6.6380027122752479,0.99975541484955122,0.99978993606579469,-3.4521216243477149e-05
x066,465,0.6593029490616622,1.3487336300616621,134860.75706560924,0.99990653498751725,0.024521016617790811,6.6765957513001037,0.99977602245631025,0.99981033129490671,-3.4308838596452951e-05
x066,465,0.6593029490616622,1.3487336300616621,134860.75706560924,0.99990653498751725,0.024662756598240469,6.7151887903249596,0.99979476642905574,0.99982886661476145,-3.410018570570994e-05
x066,465,0.6593029490616622,1.3487336300616621,134860.75706560924,0.99990653498751725,0.024804496578690126,6.7537818293498155,0.99981180410922554,0.99984569898263453,-3.3894873408990556e-05
x066,465,0.6593029490616622,1.3487336300616621,134860.75706560924,0.99990653498751725,0.024946236559139787,6.7923748683746723,0.99982728080922556,0.99986097358539583,-3.3692776170268779e-05
x066,465,0.6593029490616622,1.3487336300616621,134860.75706560924,0.99990653498751725,0.025087976539589444,6.8309679073995282,0.99984133061205105,0.99987482427507746,-3.3493663026407106e-05
x066,465,0.6593029490616622,1.3487336300616621,134860.75706560924,0.99990653498751725,0.025229716520039101,6.8695609464243841,0.9998540771287614,0.99988737436298747,-3.3297234226070671e-05
x066,465,0.6593029490616622,1.3487336300616621,134860.75706560924,0.99990653498751725,0.025371456500488759,6.90815398544924,0.99986563421505303,0.99989873757340941,-3.3103358356378898e-05
x066,465,0.6593029490616622,1.3487336300616621,134860.75706560924,0.99990653498751725,0.025513196480938416,6.9467470244740959,0.9998761066482138,0.99990901850477876,-3.2911856564954434e-05
x066,465,0.6593029490616622,1.3487336300616621,134860.75706560924,0.99990653498751725,0.025654936461388073,6.9853400634989518,0.99988559076579331,0.9999183132618864,-3.2722496093096076e-05
x066,465,0.6593029490616622,1.3487336300616621,134860.75706560924,0.99990653498751725,0.025796676441837731,7.0239331025238076,0.99989417506736999,0.99992671021725454,-3.2535149884549419e-05
x066,465,0.6593029490616622,1.3487336300616621,134860.75706560924,0.99990653498751725,0.025938416422287391,7.0625261415486653,0.99990194078080363,0.99993429046084081,-3.2349680037180306e-05
x066,465,0.6593029490616622,1.3487336300616621,134860.75706560924,0.99990653498751725,0.026080156402737049,7.1011191805735212,0.99990896239439109,0.99994112830109094,-3.2165906699854752e-05
x066,465,0.6593029490616622,1.3487336300616621,134860.75706560924,0.99990653498751725,0.026221896383186706,7.1397122195983771,0.9999153081563551,0.99994729186957376,-3.1983713218664001e-05
x066,465,0.6593029490616622,1.3487336300616621,134860.75706560924,0.99990653498751725,0.026363636363636363,7.178305258623233,0.99992104054307074,0.99995284353679792,-3.1802993727181317e-05
x066,465,0.6593029490616622,1.3487336300616621,134860.75706560924,0.99990653498751725,0.026505376344086021,7.2168982976480889,0.99992621669746407,0.99995784030740964,-3.1623609945574671e-05
x066,465,0.6593029490616622,1.3487336300616621,134860.75706560924,0.99990653498751725,0.026647116324535678,7.2554913366729448,0.99993088883897674,0.99996233429768089,-3.1445458704149054e-05
x066,465,0.6593029490616622,1.3487336300616621,134860.75706560924,0.99990653498751725,0.026788856304985339,7.2940843756978015,0.99993510464647961,0.99996637310556502,-3.1268459085409539e-05
x066,465,0.6593029490616622,1.3487336300616621,134860.75706560924,0.99990653498751725,0.026930596285434996,7.3326774147226574,0.99993890761549042,0.99997000012080328,-3.1092505312857455e-05
x066,465,0.6593029490616622,1.3487336300616621,134860.75706560924,0.99990653498751725,0.027072336265884654,7.3712704537475133,0.99994233739105376,0.99997325489979771,-3.0917508743955047e-05
x066,465,0.6593029490616622,1.3487336300616621,134860.75706560924,0.99990653498751725,0.027214076246334311,7.4098634927723692,0.99994543007753445,0.99997617348534595,-3.0743407811506529e-05
x066,465,0.6593029490616622,1.3487336300616621,134860.75706560924,0.99990653498751725,0.027355816226783968,7.4484565317972251,0.99994821852664251,0.99997878864866019,-3.0570122017681278e-05
x066,465,0.6593029490616622,1.3487336300616621,134860.75706560924,0.99990653498751725,0.027497556207233625,7.487049570822081,0.99995073260488476,0.99998113018186863,-3.0397576983864916e-05
x066,465,0.6593029490616622,1.3487336300616621,134860.75706560924,0.99990653498751725,0.027639296187683283,7.5256426098469369,0.99995299944163518,0.99998322516771165,-3.022572607647156e-05
x066,465,0.6593029490616622,1.3487336300616621,134860.75706560924,0.99990653498751725,0.027781036168132944,7.5642356488717937,0.99995504365897747,0.99998509816733661,-3.0054508359134147e-05
x066,465,0.6593029490616622,1.3487336300616621,134860.75706560924,0.99990653498751725,0.027922776148582601,7.6028286878966505,0.99995688758442713,0.99998677144708303,-2.9883862655899485e-05
x066,465,0.6593029490616622,1.3487336300616621,134860.75706560924,0.99990653498751725,0.028064516129032258,7.6414217269215063,0.99995855144756884,0.99998826520138095,-2.971375381211061e-05
x066,465,0.6593029490616622,1.3487336300616621,134860.75706560924,0.99990653498751725,0.028206256109481916,7.6800147659463622,0.99996005356165718,0.99998959769759976,-2.9544135942582983e-05
x066,465,0.6593029490616622,1.3487336300616621,134860.75706560924,0.99990653498751725,0.028347996089931573,7.7186078049712181,0.99996141049113019,0.99999078545073328,-2.9374959603090112e-05
x066,465,0.6593029490616622,1.3487336300616621,134860.75706560924,0.99990653498751725,0.02848973607038123,7.757200843996074,0.99996263720595446,0.9999918434043743,-2.9206198419839957e-05
x066,465,0.6593029490616622,1.3487336300616621,134860.75706560924,0.99990653498751725,0.028631476050830891,7.7957938830209308,0.99996374722371906,0.99999278504149003,-2.9037817770971586e-05
x066,465,0.6593029490616622,1.3487336300616621,134860.75706560924,0.99990653498751725,0.028773216031280548,7.8343869220457867,0.99996475274026597,0.99999362251934831,-2.8869779082341118e-05
x066,465,0.6593029490616622,1.3487336300616621,134860.75706560924,0.99990653498751725,0.028914956011730206,7.8729799610706426,0.99996566474969706,0.99999436681158738,-2.8702061890317765e-05
x066,465,0.6593029490616622,1.3487336300616621,134860.75706560924,0.99990653498751725,0.029056695992179863,7.9115730000954985,0.99996649315447816,0.99999502779452976,-2.8534640051591786e-05
x066,465,0.6593029490616622,1.3487336300616621,134860.75706560924,0.99990653498751725,0.02919843597262952,7.9501660391203544,0.99996724686636829,0.99999561435148887,-2.8367485120583957e-05
x066,465,0.6593029490616622,1.3487336300616621,134860.75706560924,0.99990653498751725,0.029340175953079178,7.9887590781452102,0.99996793389883165,0.99999613447887192,-2.8200580040271817e-05
x066,465,0.6593029490616622,1.3487336300616621,134860.75706560924,0.99990653498751725,0.029481915933528838,8.0273521171700679,0.99996856145157653,0.99999659535722407,-2.8033905647539825e-05
x066,465,0.6593029490616622,1.3487336300616621,134860.75706560924,0.99990653498751725,0.029623655913978496,8.0659451561949229,0.99996913598779913,0.99999700342888609,-2.7867441086959488e-05
x066,465,0.6593029490616622,1.3487336300616621,134860.75706560924,0.99990653498751725,0.029765395894428153,8.1045381952197797,0.99996966330470605,0.99999736447719545,-2.7701172489402737e-05
x066,465,0.6593029490616622,1.3487336300616621,134860.75706560924,0.99990653498751725,0.02990713587487781,8.1431312342446347,0.99997014859781663,0.99999768368370312,-2.7535085886487565e-05
x066,465,0.6593029490616622,1.3487336300616621,134860.75706560924,0.99990653498751725,0.030048875855327468,8.1817242732694915,0.99997059651955378,0.9999979656856236,-2.7369166069823869e-05
x066,465,0.6593029490616622,1.3487336300616621,134860.75706560924,0.99990653498751725,0.030190615835777125,8.2203173122943465,0.99997101123256604,0.9999982146345614,-2.720340199535709e-05
x066,465,0.6593029490616622,1.3487336300616621,134860.75706560924,0.99990653498751725,0.030332355816226782,8.2589103513192033,0.99997139645820465,0.99999843424173795,-2.7037783533301329e-05
x066,465,0.6593029490616622,1.3487336300616621,134860.75706560924,0.99990653498751725,0.030474095796676443,8.29750339034406,0.99997175552056317,0.99999862782021776,-2.6872299654590037e-05
x066,465,0.6593029490616622,1.3487336300616621,134860.75706560924,0.99990653498751725,0.030615835777126101,8.336096429368915,0.99997209138642995,0.99999879832815608,-2.6706941726128974e-05
x066,465,0.6593029490616622,1.3487336300616621,134860.75706560924,0.99990653498751725,0.030757575757575758,8.3746894683937718,0.99997240670152632,0.9999989484039622,-2.6541702435878278e-05
x066,465,0.6593029490616622,1.3487336300616621,134860.75706560924,0.99990653498751725,0.030899315738025415,8.4132825074186268,0.99997270382330017,0.99999908039713303,-2.6376573832864736e-05
x066,465,0.6593029490616622,1.3487336300616621,134860.75706560924,0.99990653498751725,0.031041055718475073,8.4518755464434836,0.99997298485061747,0.99999919639988344,-2.6211549265964251e-05
x066,465,0.6593029490616622,1.3487336300616621,134860.75706560924,0.99990653498751725,0.03118279569892473,8.4904685854683404,0.9999732516505897,0.99999929827408107,-2.6046623491371435e-05
x066,465,0.6593029490616622,1.3487336300616621,134860.75706560924,0.99990653498751725,0.031324535679374391,8.5290616244931972,0.99997350588280642,0.99999938767360907,-2.5881790802650961e-05
x066,465,0.6593029490616622,1.3487336300616621,134860.75706560924,0.99990653498751725,0.031466275659824045,8.5676546635180522,0.99997374902118852,0.99999946606733991,-2.5717046151396694e-05
x066,465,0.6593029490616622,1.3487336300616621,134860.75706560924,0.99990653498751725,0.031608015640273705,8.6062477025429089,0.99997398237369539,0.99999953475948467,-2.5552385789273657e-05
x066,465,0.6593029490616622,1.3487336300616621,134860.75706560924,0.99990653498751725,0.031749755620723366,8.6448407415677657,0.99997420710006368,0.99999959490570811,-2.5387805644427885e-05
x066,465,0.6593029490616622,1.3487336300616621,134860.75706560924,0.99990653498751725,0.03189149560117302,8.6834337805926207,0.99997442422776206,0.99999964752969295,-2.5223301930887843e-05
x066,465,0.6593029490616622,1.3487336300616621,134860.75706560924,0.99990653498751725,0.032033235581622681,8.7220268196174775,0.99997463466633874,0.99999969353832419,-2.5058871985450537e-05
x066,465,0.6593029490616622,1.3487336300616621,134860.75706560924,0.99990653498751725,0.032174975562072335,8.7606198586423325,0.99997483922030539,0.99999973373321693,-2.4894512911544098e-05
x066,465,0.6593029490616622,1.3487336300616621,134860.75706560924,0.99990653498751725,0.032316715542521995,8.7992128976671893,0.99997503860067516,0.99999976882258057,-2.4730221905411298e-05
x066,465,0.6593029490616622,1.3487336300616621,134860.75706560924,0.99990653498751725,0.032458455522971649,8.8378059366920443,0.99997523343533379,0.99999979943240946,-2.4565997075676194e-05
x066,465,0.6593029490616622,1.3487336300616621,134860.75706560924,0.99990653498751725,0.03260019550342131,8.8763989757169011,0.99997542427830111,0.99999982611467741,-2.4401836376308772e-05
x066,465,0.6593029490616622,1.3487336300616621,134860.75706560924,0.99990653498751725,0.032741935483870971,8.9149920147417578,0.99997561161802673,0.99999984935577479,-2.4237737748067367e-05
x066,465,0.6593029490616622,1.3487336300616621,134860.75706560924,0.99990653498751725,0.032883675464320625,8.9535850537666128,0.99997579588480456,0.99999986958465548,-2.4073699850912789e-05
x066,465,0.6593029490616622,1.3487336300616621,134860.75706560924,0.99990653498751725,0.033025415444770286,8.9921780927914696,0.99997597745738642,0.9999998871786121,-2.3909721225678915e-05
x066,465,0.6593029490616622,1.3487336300616621,134860.75706560924,0.99990653498751725,0.033167155425219939,9.0307711318163246,0.99997615666889261,0.99999990246932202,-2.3745800429408881e-05
x066,465,0.6593029490616622,1.3487336300616621,134860.75706560924,0.99990653498751725,0.0333088954056696,9.0693641708411814,0.99997633381207185,0.99999991574852976,-2.3581936457905961e-05
x066,465,0.6593029490616622,1.3487336300616621,134860.75706560924,0.99990653498751725,0.033450635386119254,9.1079572098660364,0.99997650914398484,0.9999999272722756,-2.3418128290764173e-05
x066,465,0.6593029490616622,1.3487336300616621,134860.75706560924,0.99990653498751725,0.033592375366568915,9.1465502488908932,0.99997668289017561,0.99999993726509517,-2.3254374919567944e-05
x066,465,0.6593029490616622,1.3487336300616621,134860.75706560924,0.99990653498751725,0.033734115347018576,9.18514328791575,0.9999768552483802,0.99999994592397767,-2.3090675597470245e-05
x066,465,0.6593029490616622,1.3487336300616621,134860.75706560924,0.99990653498751725,0.033875855327468229,9.223736326940605,0.99997702639180952,0.99999995342142023,-2.2927029610708693e-05
x066,465,0.6593029490616622,1.3487336300616621,134860.75706560924,0.99990653498751725,0.03401759530791789,9.2623293659654617,0.99997719647207661,0.99999995990832935,-2.2763436252737357e-05
x066,465,0.6593029490616622,1.3487336300616621,134860.75706560924,0.99990653498751725,0.034159335288367544,9.3009224049903167,0.99997736562177986,0.99999996551675352,-2.2599894973662771e-05
x066,465,0.6593029490616622,1.3487336300616621,134860.75706560924,0.99990653498751725,0.034301075268817205,9.3395154440151735,0.99997753395679845,0.99999997036206867,-2.2436405270220838e-05
x066,465,0.6593029490616622,1.3487336300616621,134860.75706560924,0.99990653498751725,0.034442815249266859,9.3781084830400285,0.999977701578318,0.99999997454496359,-2.2272966645586756e-05
x066,465,0.6593029490616622,1.3487336300616621,134860.75706560924,0.99990653498751725,0.03458455522971652,9.4167015220648853,0.99997786857462423,0.99999997815331843,-2.2109578694196053e-05
x066,465,0.6593029490616622,1.3487336300616621,134860.75706560924,0.99990653498751725,0.03472629521016618,9.4552945610897421,0.99997803502268756,0.99999998126374678,-2.1946241059223048e-05
x066,465,0.6593029490616622,1.3487336300616621,134860.75706560924,0.99990653498751725,0.034868035190615834,9.4938876001145971,0.99997820098956069,0.99999998394294831,-2.1782953387616821e-05
x066,465,0.6593029490616622,1.3487336300616621,134860.75706560924,0.99990653498751725,0.035009775171065495,9.5324806391394556,0.99997836653360905,0.999999986248989,-2.1619715379950222e-05
x066,465,0.6593029490616622,1.3487336300616621,134860.75706560924,0.99990653498751725,0.035151515151515149,9.5710736781643089,0.99997853170559914,0.99999998823237746,-2.1456526778318441e-05
x066,465,0.6593029490616622,1.3487336300616621,134860.75706560924,0.99990653498751725,0.03529325513196481,9.6096667171891674,0.99997869654965166,0.99999998993698058,-2.1293387328924496e-05
x066,465,0.6593029490616622,1.3487336300616621,134860.75706560924,0.99990653498751725,0.03543499511241447,9.6482597562140242,0.99997886110408196,0.99999999140088991,-2.1130296807947424e-05
x066,465,0.6593029490616622,1.3487336300616621,134860.75706560924,0.99990653498751725,0.035576735092864124,9.6868527952388792,0.99997902540214123,0.99999999265716477,-2.0967255023540687e-05
x066,465,0.6593029490616622,1.3487336300616621,134860.75706560924,0.99990653498751725,0.035718475073313785,9.725445834263736,0.99997918947265874,0.99999999373444959,-2.0804261790852152e-05
x066,465,0.6593029490616622,1.3487336300616621,134860.75706560924,0.99990653498751725,0.035860215053763439,9.764038873288591,0.99997935334061561,0.99999999465755329,-2.0641316937686227e-05
x066,465,0.6593029490616622,1.3487336300616621,134860.75706560924,0.99990653498751725,0.0360019550342131,9.8026319123134478,0.9999795170276401,0.99999999544796048,-2.0478420320380053e-05
x066,465,0.6593029490616622,1.3487336300616621,134860.75706560924,0.99990653498751725,0.036143695014662754,9.8412249513383028,0.99997968055244579,0.99999999612424151,-2.031557179571486e-05
x066,465,0.6593029490616622,1.3487336300616621,134860.75706560924,0.99990653498751725,0.036285434995112414,9.8798179903631596,0.99997984393120765,0.99999999670243955,-2.0152771231907174e-05
x066,465,0.6593029490616622,1.3487336300616621,134860.75706560924,0.99990653498751725,0.036427174975562075,9.9184110293880163,0.99998000717790336,0.99999999719641641,-1.9990018513049712e-05
x066,465,0.6593029490616622,1.3487336300616621,134860.75706560924,0.99990653498751725,0.036568914956011729,9.9570040684128713,0.99998017030459674,0.99999999761812586,-1.9827313529119373e-05
x066,465,0.6593029490616622,1.3487336300616621,134860.75706560924,0.99990653498751725,0.03671065493646139,9.9955971074377281,0.999980333321698,0.99999999797786809,-1.9664656170093053e-05
x066,465,0.6593029490616622,1.3487336300616621,134860.75706560924,0.99990653498751725,0.036852394916911044,10.034190146462583,0.99998049623818108,0.99999999828452446,-1.9502046343378154e-05
x066,465,0.6593029490616622,1.3487336300616621,134860.75706560924,0.99990653498751725,0.036994134897360705,10.07278318548744,0.9999806590617768,0.99999999854573363,-1.9339483956826165e-05
x066,465,0.6593029490616622,1.3487336300616621,134860.75706560924,0.99990653498751725,0.037135874877810358,10.111376224512295,0.99998082179914372,0.99999999876806278,-1.9176968919065729e-05
x066,465,0.6593029490616622,1.3487336300616621,134860.75706560924,0.99990653498751725,0.037277614858260019,10.149969263537152,0.99998098445600991,0.99999999895716063,-1.9014501150715901e-05
x066,465,0.6593029490616622,1.3487336300616621,134860.75706560924,0.99990653498751725,0.03741935483870968,10.188562302562008,0.99998114703730379,0.99999999911787407,-1.8852080570286311e-05
x066,465,0.6593029490616622,1.3487336300616621,134860.75706560924,0.99990653498751725,0.037561094819159334,10.227155341586863,0.9999813095472595,0.99999999925436089,-1.8689707101393616e-05
x066,465,0.6593029490616622,1.3487336300616621,134860.75706560924,0.99990653498751725,0.037702834799608995,10.26574838061172,0.99998147198951826,0.99999999937018802,-1.8527380669763893e-05
x066,465,0.6593029490616622,1.3487336300616621,134860.75706560924,0.99990653498751725,0.037844574780058648,10.304341419636575,0.99998163436720522,0.99999999946840934,-1.8365101204120826e-05
x066,465,0.6593029490616622,1.3487336300616621,134860.75706560924,0.99990653498751725,0.037986314760508309,10.342934458661432,0.99998179668300302,0.99999999955163821,-1.8202868635186498e-05
x066,465,0.6593029490616622,1.3487336300616621,134860.75706560924,0.99990653498751725,0.03812805474095797,10.381527497686289,0.99998195893921615,0.99999999962211128,-1.8040682895126281e-05
x066,465,0.6593029490616622,1.3487336300616621,134860.75706560924,0.99990653498751725,0.038269794721407624,10.420120536711144,0.99998212113782181,0.99999999968173903,-1.7878543917215772e-05
x066,465,0.6593029490616622,1.3487336300616621,134860.75706560924,0.99990653498751725,0.038411534701857285,10.458713575736001,0.99998228328051697,0.99999999973215248,-1.7716451635507724e-05
x066,465,0.6593029490616622,1.3487336300616621,134860.75706560924,0.99990653498751725,0.038553274682306939,10.497306614760856,0.99998244536875602,0.99999999977474441,-1.7554405988384758e-05
x066,465,0.6593029490616622,1.3487336300616621,134860.75706560924,0.99990653498751725,0.038695014662756599,10.535899653785712,0.99998260740379219,0.99999999981070131,-1.7392406909122471e-05
x066,465,0.6593029490616622,1.3487336300616621,134860.75706560924,0.99990653498751725,0.038836754643206253,10.574492692810567,0.99998276938669672,0.99999999984103383,-1.7230454337102685e-05
x066,465,0.6593029490616622,1.3487336300616621,134860.75706560924,0.99990653498751725,0.038978494623655914,10.613085731835424,0.99998293131839233,0.99999999986660293,-1.7068548210597001e-05
x066,465,0.6593029490616622,1.3487336300616621,134860.75706560924,0.99990653498751725,0.039120234604105575,10.651678770860283,0.99998309319967371,0.99999999988814092,-1.6906688467210884e-05
x066,465,0.6593029490616622,1.3487336300616621,134860.75706560924,0.99990653498751725,0.039261974584555229,10.690271809885138,0.99998325503122221,0.99999999990626964,-1.6744875047436381e-05
x066,465,0.6593029490616622,1.3487336300616621,134860.75706560924,0.99990653498751725,0.03940371456500489,10.728864848909994,0.99998341681362812,0.99999999992151667,-1.6583107888545889e-05
x066,465,0.6593029490616622,1.3487336300616621,134860.75706560924,0.99990653498751725,0.039545454545454543,10.767457887934849,0.99998357854740028,0.99999999993433131,-1.6421386931031456e-05
x066,465,0.6593029490616622,1.3487336300616621,134860.75706560924,0.99990653498751725,0.039687194525904204,10.806050926959706,0.99998374023297765,0.9999999999450937,-1.6259712116051261e-05
x066,465,0.6593029490616622,1.3487336300616621,134860.75706560924,0.99990653498751725,0.039828934506353858,10.844643965984561,0.99998390187074426,0.99999999995412547,-1.609808338121077e-05
x066,465,0.6593029490616622,1.3487336300616621,134860.75706560924,0.99990653498751725,0.039970674486803519,10.883237005009418,0.99998406346102975,0.99999999996169908,-1.5936500669333498e-05
x066,465,0.6593029490616622,1.3487336300616621,134860.75706560924,0.99990653498751725,0.04011241446725318,10.921830044034275,0.99998422500412865,0.99999999996804567,-1.5774963917025708e-05
x066,465,0.6593029490616622,1.3487336300616621,134860.75706560924,0.99990653498751725,0.040254154447702833,10.96042308305913,0.99998438650029231,0.99999999997335953,-1.5613473067221939e-05
x066,465,0.6593029490616622,1.3487336300616621,134860.75706560924,0.99990653498751725,0.040395894428152494,10.999016122083987,0.99998454794974623,0.99999999997780598,-1.5452028059748102e-05
x066,465,0.6593029490616622,1.3487336300616621,134860.75706560924,0.99990653498751725,0.040537634408602148,11.037609161108842,0.99998470935268891,0.99999999998152389,-1.529062883498522e-05
x066,465,0.6593029490616622,1.3487336300616621,134860.75706560924,0.99990653498751725,0.040679374389051809,11.076202200133698,0.99998487070929887,0.99999999998462985,-1.512927533098285e-05
x066,465,0.6593029490616622,1.3487336300616621,134860.75706560924,0.99990653498751725,0.04082111436950147,11.114795239158555,0.99998503201973288,0.99999999998722366,-1.4967967490786549e-05
x066,465,0.6593029490616622,1.3487336300616621,134860.75706560924,0.99990653498751725,0.040962854349951124,11.15338827818341,0.9999851932841356,0.99999999998938682,-1.4806705251224628e-05
x066,465,0.6593029490616622,1.3487336300616621,134860.75706560924,0.99990653498751725,0.041104594330400784,11.191981317208267,0.99998535450263526,0.99999999999118994,-1.4645488554676511e-05
x066,465,0.6593029490616622,1.3487336300616621,134860.75706560924,0.99990653498751725,0.041246334310850438,11.230574356233122,0.99998551567535077,0.99999999999269173,-1.4484317340968111e-05
x066,465,0.6593029490616622,1.3487336300616621,134860.75706560924,0.99990653498751725,0.041388074291300099,11.269167395257979,0.99998567680239392,0.99999999999394173,-1.4323191547815917e-05
x066,465,0.6593029490616622,1.3487336300616621,134860.75706560924,0.99990653498751725,0.041529814271749753,11.307760434282834,0.99998583788386464,0.99999999999498157,-1.4162111116933218e-05
x066,465,0.6593029490616622,1.3487336300616621,134860.75706560924,0.99990653498751725,0.041671554252199414,11.346353473307691,0.99998599891985862,0.99999999999584543,-1.400107598681366e-05
x066,465,0.6593029490616622,1.3487336300616621,134860.75706560924,0.99990653498751725,0.041813294232649074,11.384946512332547,0.99998615991046547,0.99999999999656319,-1.3840086097727244e-05
x066,465,0.6593029490616622,1.3487336300616621,134860.75706560924,0.99990653498751725,0.041955034213098728,11.423539551357402,0.99998632085576944,0.99999999999715861,-1.3679141389166816e-05
x066,465,0.6593029490616622,1.3487336300616621,134860.75706560924,0.99990653498751725,0.042096774193548389,11.462132590382259,0.9999864817558537,0.99999999999765232,-1.3518241798626818e-05
x066,465,0.6593029490616622,1.3487336300616621,134860.75706560924,0.99990653498751725,0.042238514173998043,11.500725629407114,0.99998664261079362,0.99999999999806155,-1.3357387267931564e-05
x066,465,0.6593029490616622,1.3487336300616621,134860.75706560924,0.99990653498751725,0.042380254154447704,11.539318668431971,0.99998680342066704,0.99999999999840028,-1.3196577733243231e-05
x066,465,0.6593029490616622,1.3487336300616621,134860.75706560924,0.99990653498751725,0.042521994134897358,11.577911707456826,0.99998696418554633,0.99999999999868083,-1.3035813134498753e-05
x066,465,0.6593029490616622,1.3487336300616621,134860.75706560924,0.99990653498751725,0.042663734115347018,11.616504746481683,0.99998712490550101,0.99999999999891265,-1.2875093411635063e-05
x066,465,0.6593029490616622,1.3487336300616621,134860.75706560924,0.99990653498751725,0.042805474095796679,11.655097785506539,0.9999872855806009,0.99999999999910427,-1.2714418503367853e-05
x066,465,0.6593029490616622,1.3487336300616621,134860.75706560924,0.99990653498751725,0.042947214076246333,11.693690824531394,0.99998744621091629,0.99999999999926226,-1.2553788345970318e-05
x066,465,0.6593029490616622,1.3487336300616621,134860.75706560924,0.99990653498751725,0.043088954056695994,11.732283863556251,0.99998760679651422,0.99999999999939282,-1.2393202878602239e-05
x066,465,0.6593029490616622,1.3487336300616621,134860.75706560924,0.99990653498751725,0.043230694037145648,11.770876902581106,0.99998776733745964,0.99999999999950029,-1.2232662040645437e-05
x066,465,0.6593029490616622,1.3487336300616621,134860.75706560924,0.99990653498751725,0.043372434017595309,11.809469941605965,0.99998792783381918,0.99999999999958888,-1.2072165769705379e-05
x066,465,0.6593029490616622,1.3487336300616621,134860.75706560924,0.99990653498751725,0.043514173998044962,11.84806298063082,0.99998808828565811,0.9999999999996616,-1.1911714003498552e-05
x066,465,0.6593029490616622,1.3487336300616621,134860.75706560924,0.99990653498751725,0.043655913978494623,11.886656019655677,0.99998824869304059,0.99999999999972189,-1.1751306681295759e-05
x066,465,0.6593029490616622,1.3487336300616621,134860.75706560924,0.99990653498751725,0.043797653958944284,11.925249058680533,0.99998840905603148,0.99999999999977085,-1.1590943739370196e-05
x066,465,0.6593029490616622,1.3487336300616621,134860.75706560924,0.99990653498751725,0.043939393939393938,11.963842097705388,0.9999885693746966,0.99999999999981126,-1.1430625114661197e-05
x103,726,1.0301608579088473,1.7195915389088472,171940.33750098437,0.99989057639867041,0,0,0,0,0
x103,726,1.0301608579088473,1.7195915389088472,171940.33750098437,0.99989057639867041,0.00014173998044965787,0.034178732760687704,0.011345587522877804,0.011349295820737961,-3.7082978601565147e-06
x103,726,1.0301608579088473,1.7195915389088472,171940.33750098437,0.99989057639867041,0.00028347996089931574,0.068357465521375407,0.02269146521299913,0.022698547753395883,-7.082540396753656e-06
x103,726,1.0301608579088473,1.7195915389088472,171940.33750098437,0.99989057639867041,0.00042521994134897361,0.1025361982820631,0.034037410507055006,0.03404764294645124,-1.0232439396233584e-05
x103,726,1.0301608579088473,1.7195915389088472,171940.33750098437,0.99989057639867041,0.00056695992179863148,0.13671493104275081,0.045383168190194979,0.045396393322688848,-1.3225132493868696e-05
x103,726,1.0301608579088473,1.7195915389088472,171940.33750098437,0.99989057639867041,0.00070869990224828934,0.17089366380343851,0.056728431683579023,0.056744535597486448,-1.6103913907425382e-05
x103,726,1.0301608579088473,1.7195915389088472,171940.33750098437,0.99989057639867041,0.00085043988269794721,0.20507239656412621,0.068072841498233783,0.068091731313552992,-1.888981531920908e-05
x103,726,1.0301608579088473,1.7195915389088472,171940.33750098437,0.99989057639867041,0.00099217986314760519,0.23925112932481393,0.079415975480984821,0.079437566897595721,-2.1591416610899916e-05
x103,726,1.0301608579088473,1.7195915389088472,171940.33750098437,0.99989057639867041,0.001133919843597263,0.27342986208550163,0.090757343994910214,0.090781553744380933,-2.4209749470718855e-05
x103,726,1.0301608579088473,1.7195915389088472,171940.33750098437,0.99989057639867041,0.0012756598240469209,0.30760859484618935,0.10209638536052404,0.10212312833363964,-2.6742973115598256e-05
x103,726,1.0301608579088473,1.7195915389088472,171940.33750098437,0.99989057639867041,0.0014173998044965787,0.34178732760687702,0.11343246363197035,0.11346165238524362,-2.9188753273276524e-05
x103,726,1.0301608579088473,1.7195915389088472,171940.33750098437,0.99989057639867041,0.0015591397849462367,0.37596606036756475,0.12476486736532448,0.12479641305804892,-3.1545692724441188e-05
x103,726,1.0301608579088473,1.7195915389088472,171940.33750098437,0.99989057639867041,0.0017008797653958944,0.41014479312825242,0.13609280943343616,0.13612662319776353,-3.3813764327372819e-05
x103,726,1.0301608579088473,1.7195915389088472,171940.33750098437,0.99989057639867041,0.0018426197458455524,0.44432352588894014,0.14741542734056778,0.14745142163914404,-3.5994298576258466e-05
x103,726,1.0301608579088473,1.7195915389088472,171940.33750098437,0.99989057639867041,0.0019843597262952104,0.47850225864962787,0.1587317838703923,0.15876987356776773,-3.8089697375426335e-05
x103,726,1.0301608579088473,1.7195915389088472,171940.33750098437,0.99989057639867041,0.0021260997067448681,0.51268099141031553,0.17004086785767242,0.17008097094654814,-4.010308887572589e-05
x103,726,1.0301608579088473,1.7195915389088472,171940.33750098437,0.99989057639867041,0.0022678396871945259,0.54685972417100326,0.18134159500879679,0.18138363301207563,-4.2038003278843661e-05
x103,726,1.0301608579088473,1.7195915389088472,171940.33750098437,0.99989057639867041,0.0024095796676441837,0.58103845693169087,0.19263280872382413,0.19267670684576152,-4.3898121937391288e-05
x103,726,1.0301608579088473,1.7195915389088472,171940.33750098437,0.99989057639867041,0.0025513196480938419,0.61521718969237871,0.20391328091955704,0.20395896802464508,-4.5687105088038082e-05
x103,726,1.0301608579088473,1.7195915389088472,171940.33750098437,0.99989057639867041,0.0026930596285434996,0.64939592245306632,0.21518171286633769,0.21522912135658537,-4.7408490247674573e-05
x103,726,1.0301608579088473,1.7195915389088472,171940.33750098437,0.99989057639867041,0.0028347996089931574,0.68357465521375405,0.22643673606118173,0.22648580170440946,-4.9065643227735878e-05
x103,726,1.0301608579088473,1.7195915389088472,171940.33750098437,0.99989057639867041,0.0029765395894428151,0.71775338797444166,0.2376769131592468,0.23772757490341129,-5.0661744164487432e-05
x103,726,1.0301608579088473,1.7195915389088472,171940.33750098437,0.99989057639867041,0.0031182795698924733,0.75193212073512949,0.24890073898308787,0.24895293877640889,-5.2199793321022758e-05
x103,726,1.0301608579088473,1.7195915389088472,171940.33750098437,0.99989057639867041,0.0032600195503421311,0.78611085349581711,0.26010664162462332,0.26016032425035313,-5.3682625729800648e-05
x103,726,1.0301608579088473,1.7195915389088472,171940.33750098437,0.99989057639867041,0.0034017595307917889,0.82028958625650483,0.27129298365062338,0.27134809657825076,-5.511292762738762e-05
x103,726,1.0301608579088473,1.7195915389088472,171940.33750098437,0.99989057639867041,0.0035434995112414466,0.85446831901719245,0.28245806341900248,0.28251455666990782,-5.6493250905342851e-05
x103,726,1.0301608579088473,1.7195915389088472,171940.33750098437,0.99989057639867041,0.0036852394916911048,0.88864705177788028,0.29360011651068402,0.29365794253473121,-5.7826024047191726e-05
x103,726,1.0301608579088473,1.7195915389088472,171940.33750098437,0.99989057639867041,0.0038269794721407626,0.92282578453856801,0.30471731728009088,0.30477643083952222,-5.9113559431334117e-05
x103,726,1.0301608579088473,1.7195915389088472,171940.33750098437,0.99989057639867041,0.0039687194525904208,0.95700451729925573,0.31580778052628872,0.31586813858388552,-6.0358057596798798e-05
x103,726,1.0301608579088473,1.7195915389088472,171940.33750098437,0.99989057639867041,0.0041104594330400781,0.99118325005994334,0.32686956328619937,0.32693112463128954,-6.1561345090166419e-05
x103,726,1.0301608579088473,1.7195915389088472,171940.33750098437,0.99989057639867041,0.0042521994134897363,1.0253619828206311,0.33790066675098179,0.3379633923075685,-6.2725556586706865e-05
x103,726,1.0301608579088473,1.7195915389088472,171940.33750098437,0.99989057639867041,0.0043939393939393936,1.0595407155813186,0.34889903830642277,0.34896289093625998,-6.3852629837213293e-05
x103,726,1.0301608579088473,1.7195915389088472,171940.33750098437,0.99989057639867041,0.0045356793743890518,1.0937194483420065,0.3598625736979934,0.35992751802500611,-6.4944327012705916e-05
x103,726,1.0301608579088473,1.7195915389088472,171940.33750098437,0.99989057639867041,0.00467741935483871,1.1278981811026942,0.3707891193209657,0.37085512162232726,-6.600230136155627e-05
x103,726,1.0301608579088473,1.7195915389088472,171940.33750098437,0.99989057639867041,0.0048191593352883673,1.1620769138633817,0.381676474635681,0.38174350273322988,-6.7028097548882393e-05
x103,726,1.0301608579088473,1.7195915389088472,171940.33750098437,0.99989057639867041,0.0049608993157380255,1.1962556466240695,0.39252239470772354,0.3925904178600832,-6.8023152359653061e-05
x103,726,1.0301608579088473,1.7195915389088472,171940.33750098437,0.99989057639867041,0.0051026392961876837,1.2304343793847574,0.40332459287228739,0.40339358166809275,-6.8988795805358105e-05
x103,726,1.0301608579088473,1.7195915389088472,171940.33750098437,0.99989057639867041,0.005244379276637341,1.2646131121454449,0.41408074352161406,0.414150669774206,-6.9926252591945293e-05
x103,726,1.0301608579088473,1.7195915389088472,171940.33750098437,0.99989057639867041,0.0053861192570869992,1.2987918449061326,0.42478848501384031,0.42485932165778068,-7.0836643940364041e-05
x103,726,1.0301608579088473,1.7195915389088472,171940.33750098437,0.99989057639867041,0.0055278592375366566,1.3329705776668204,0.43544542270109976,0.43551714369082184,-7.1720989722079409e-05
x103,726,1.0301608579088473,1.7195915389088472,171940.33750098437,0.99989057639867041,0.0056695992179863148,1.3671493104275081,0.4460491320741774,0.44612171228506592,-7.2580210888517627e-05
x103,726,1.0301608579088473,1.7195915389088472,171940.33750098437,0.99989057639867041,0.0058113391984359729,1.4013280431881958,0.4565971620204759,0.45667057715264853,-7.3415132172627295e-05
x103,726,1.0301608579088473,1.7195915389088472,171940.33750098437,0.99989057639867041,0.0059530791788856303,1.4355067759488833,0.46708703819149389,0.46716126467654856,-7.4226485054673663e-05
x103,726,1.0301608579088473,1.7195915389088472,171940.33750098437,0.99989057639867041,0.0060948191593352885,1.4696855087095713,0.47751626647547524,0.47759128138645135,-7.5014910976112237e-05
x103,726,1.0301608579088473,1.7195915389088472,171940.33750098437,0.99989057639867041,0.0062365591397849467,1.503864241470259,0.48788233657032815,0.48795811753512103,-7.5780964792881989e-05
x103,726,1.0301608579088473,1.7195915389088472,171940.33750098437,0.99989057639867041,0.006378299120234604,1.5380429742309465,0.49818272565136434,0.49825925076982569,-7.6525118461345798e-05
x103,726,1.0301608579088473,1.7195915389088472,171940.33750098437,0.99989057639867041,0.0065200391006842622,1.5722217069916342,0.50841490212786777,0.50849214989280644,-7.7247764938670471e-05
x103,726,1.0301608579088473,1.7195915389088472,171940.33750098437,0.99989057639867041,0.0066617790811339195,1.6064004397523219,0.51857632948196497,0.5186542787042514,-7.7949222286433084e-05
x103,726,1.0301608579088473,1.7195915389088472,171940.33750098437,0.99989057639867041,0.0068035190615835777,1.6405791725130097,0.5286644701827321,0.52874309992069757,-7.8629737965463242e-05
x103,726,1.0301608579088473,1.7195915389088472,171940.33750098437,0.99989057639867041,0.0069452590420332359,1.6747579052736974,0.53867678966797883,0.53875607916127399,-7.9289493295164881e-05
x103,726,1.0301608579088473,1.7195915389088472,171940.33750098437,0.99989057639867041,0.0070869990224828932,1.7089366380343849,0.54861076038563428,0.54869068899369688,-7.9928608062607154e-05
x103,726,1.0301608579088473,1.7195915389088472,171940.33750098437,0.99989057639867041,0.0072287390029325514,1.7431153707950728,0.55846386588618613,0.5585444130314452,-8.054714525906892e-05
x103,726,1.0301608579088473,1.7195915389088472,171940.33750098437,0.99989057639867041,0.0073704789833822096,1.7772941035557606,0.56823360495717468,0.56831475007308652,-8.1145115911840371e-05
x103,726,1.0301608579088473,1.7195915389088472,171940.33750098437,0.99989057639867041,0.0075122189638318669,1.8114728363164481,0.57791749579029184,0.5779992182742979,-8.1722484006063745e-05
x103,726,1.0301608579088473,1.7195915389088472,171940.33750098437,0.99989057639867041,0.0076539589442815251,1.845651569077136,0.5875130801712638,0.58759535934270923,-8.2279171445431842e-05
x103,726,1.0301608579088473,1.7195915389088472,171940.33750098437,0.99989057639867041,0.0077956989247311825,1.8798303018378235,0.59701792768228512,0.59710074274533576,-8.281506305063413e-05
x103,726,1.0301608579088473,1.7195915389088472,171940.33750098437,0.99989057639867041,0.0079374389051808415,1.9140090345985115,0.60642963990647047,0.60651296991802417,-8.3330011553695016e-05
x103,726,1.0301608579088473,1.7195915389088472,171940.33750098437,0.99989057639867041,0.0080791788856304989,1.948187767359199,0.61574585462346243,0.61582967785128484,-8.3823227822410473e-05
x103,726,1.0301608579088473,1.7195915389088472,171940.33750098437,0.99989057639867041,0.0082209188660801562,1.9823665001198867,0.62496424998509559,0.62504854462188375,-8.4294636788162514e-05
x103,726,1.0301608579088473,1.7195915389088472,171940.33750098437,0.99989057639867041,0.0083626588465298135,2.0165452328805742,0.63408254865979152,0.63416729312916031,-8.4744469368791542e-05
x103,726,1.0301608579088473,1.7195915389088472,171940.33750098437,0.99989057639867041,0.0085043988269794726,2.0507239656412621,0.64309852193417449,0.64318369443501311,-8.5172500838615051e-05
x103,726,1.0301608579088473,1.7195915389088472,171940.33750098437,0.99989057639867041,0.0086461388074291299,2.0849026984019496,0.65200999376031255,0.65209557225901882,-8.5578498706273542e-05
x103,726,1.0301608579088473,1.7195915389088472,171940.33750098437,0.99989057639867041,0.0087878787878787872,2.1190814311626371,0.66081484473685981,0.66090080696408215,-8.5962227222347032e-05
x103,726,1.0301608579088473,1.7195915389088472,171940.33750098437,0.99989057639867041,0.0089296187683284463,2.1532601639233251,0.66951101601242013,0.66959733946412769,-8.6323451707559506e-05
x103,726,1.0301608579088473,1.7195915389088472,171940.33750098437,0.99989057639867041,0.0090713587487781036,2.187438896684013,0.6780965130994081,0.67818317504212722,-8.6661942719112872e-05
x103,726,1.0301608579088473,1.7195915389088472,171940.33750098437,0.99989057639867041,0.0092130987292277609,2.2216176294447005,0.68656940958683499,0.68665638706684717,-8.6977480012184749e-05
x103,726,1.0301608579088473,1.7195915389088472,171940.33750098437,0.99989057639867041,0.00935483870967742,2.2557963622053885,0.69492785074054841,0.69501512059683324,-8.7269856284821756e-05
x103,726,1.0301608579088473,1.7195915389088472,171940.33750098437,0.99989057639867041,0.0094965786901270773,2.289975094966076,0.70317005697965262,0.70325759586035064,-8.7538880698012633e-05
x103,726,1.0301608579088473,1.7195915389088472,171940.33750098437,0.99989057639867041,0.0096383186705767347,2.3241538277267635,0.71129432721809771,0.71138211160025122,-8.7784382153510698e-05
x103,726,1.0301608579088473,1.7195915389088472,171940.33750098437,0.99989057639867041,0.0097800586510263937,2.3583325604874514,0.71929904206072748,0.71938704827303568,-8.8006212308200382e-05
x103,726,1.0301608579088473,1.7195915389088472,171940.33750098437,0.99989057639867041,0.009921798631476051,2.3925112932481389,0.7271826668434207,0.72727087109175437,-8.8204248333667579e-05
x103,726,1.0301608579088473,1.7195915389088472,171940.33750098437,0.99989057639867041,0.010063538611925708,2.4266900260088269,0.73494375450740579,0.73503213290278757,-8.8378395381782937e-05
x103,726,1.0301608579088473,1.7195915389088472,171940.33750098437,0.99989057639867041,0.010205278592375367,2.4608687587695148,0.74258094829824894,0.74266947688703189,-8.8528588782943451e-05
x103,726,1.0301608579088473,1.7195915389088472,171940.33750098437,0.99989057639867041,0.010347018572825025,2.4950474915302023,0.75009298428058135,0.75018163907652125,-8.8654795939890896e-05
x103,726,1.0301608579088473,1.7195915389088472,171940.33750098437,0.99989057639867041,0.010488758553274682,2.5292262242908898,0.75747869366015075,0.75756745067808928,-8.875701793853441e-05
x103,726,1.0301608579088473,1.7195915389088472,171940.33750098437,0.99989057639867041,0.010630498533724339,2.5634049570515773,0.76473700490542207,0.76482584019628108,-8.8835290859012872e-05
x103,726,1.0301608579088473,1.7195915389088472,171940.33750098437,0.99989057639867041,0.010772238514173998,2.5975836898122653,0.77186694566160086,0.77195583534838874,-8.8889686787885225e-05
x103,726,1.0301608579088473,1.7195915389088472,171940.33750098437,0.99989057639867041,0.010913978494623656,2.6317624225729528,0.7788676444506315,0.77895656476517461,-8.8920314543106116e-05
x103,726,1.0301608579088473,1.7195915389088472,171940.33750098437,0.99989057639867041,0.011055718475073313,2.6659411553336407,0.78573833215146172,0.78582725947158483,-8.8927320123111109e-05
x103,726,1.0301608579088473,1.7195915389088472,171940.33750098437,0.99989057639867041,0.011197458455522972,2.7001198880943287,0.79247834325565092,0.79256725414251161,-8.8910886860693594e-05
x103,726,1.0301608579088473,1.7195915389088472,171940.33750098437,0.99989057639867041,0.01133919843597263,2.7342986208550162,0.79908711689414236,0.79917598812947443,-8.8871235332077525e-05
x103,726,1.0301608579088473,1.7195915389088472,171940.33750098437,0.99989057639867041,0.011480938416422287,2.7684773536157037,0.80556419763189668,0.80565300625489278,-8.8808622996094932e-05
x103,726,1.0301608579088473,1.7195915389088472,171940.33750098437,0.99989057639867041,0.011622678396871946,2.8026560863763916,0.81190923602786413,0.81199795937148267,-8.8723343618535289e-05
x103,726,1.0301608579088473,1.7195915389088472,171940.33750098437,0.99989057639867041,0.011764418377321603,2.8368348191370791,0.81812198895869603,0.81821060468515527,-8.8615726459240207e-05
x103,726,1.0301608579088473,1.7195915389088472,171940.33750098437,0.99989057639867041,0.011906158357771261,2.8710135518977666,0.82420231970538482,0.82429080584066039,-8.8486135275567257e-05
x103,726,1.0301608579088473,1.7195915389088472,171940.33750098437,0.99989057639867041,0.01204789833822092,2.9051922846584546,0.83015019780297272,0.83023853224541866,-8.8334442445936467e-05
x103,726,1.0301608579088473,1.7195915389088472,171940.33750098437,0.99989057639867041,0.012189638318670577,2.9393710174191425,0.83596569865428849,0.83605385933708865,-8.8160682800153545e-05
x103,726,1.0301608579088473,1.7195915389088472,171940.33750098437,0.99989057639867041,0.012331378299120234,2.97354975017983,0.84164900290957889,0.84173696915106688,-8.7966241487991148e-05
x103,726,1.0301608579088473,1.7195915389088472,171940.33750098437,0.99989057639867041,0.012473118279569893,3.007728482940518,0.84720039561475413,0.84728814722515167,-8.7751610397535096e-05
x103,726,1.0301608579088473,1.7195915389088472,171940.33750098437,0.99989057639867041,0.012614858260019551,3.0419072157012055,0.85262026513181299,0.85270778244044232,-8.7517308629325719e-05
x103,726,1.0301608579088473,1.7195915389088472,171940.33750098437,0.99989057639867041,0.012756598240469208,3.076085948461893,0.85790910183588998,0.85799636571662097,-8.7263880730992227e-05
x103,726,1.0301608579088473,1.7195915389088472,171940.33750098437,0.99989057639867041,0.012898338220918865,3.1102646812225805,0.86306749659410575,0.86315448848901277,-8.6991894907018086e-05
x103,726,1.0301608579088473,1.7195915389088472,171940.33750098437,0.99989057639867041,0.013040078201368524,3.1444434139832684,0.86809613903228422,0.86818284097345544,-8.6701941171218877e-05
x103,726,1.0301608579088473,1.7195915389088472,171940.33750098437,0.99989057639867041,0.013181818181818182,3.1786221467439564,0.87299581559626782,0.87308221022576871,-8.63946295008855e-05
x103,726,1.0301608579088473,1.7195915389088472,171940.33750098437,0.99989057639867041,0.013323558162267839,3.2128008795046439,0.87776740741535586,0.87785347800332658,-8.6070587970721313e-05
x103,726,1.0301608579088473,1.7195915389088472,171940.33750098437,0.99989057639867041,0.013465298142717498,3.2469796122653318,0.88241188797602454,0.88249761843692442,-8.5730460899879901e-05
x103,726,1.0301608579088473,1.7195915389088472,171940.33750098437,0.99989057639867041,0.013607038123167155,3.2811583450260193,0.88693032061475341,0.8870156955217674,-8.5374907013990864e-05
x103,726,1.0301608579088473,1.7195915389088472,171940.33750098437,0.99989057639867041,0.013748778103616813,3.3153370777867068,0.89132385583937757,0.89140886043699741,-8.5004597619842137e-05
x103,726,1.0301608579088473,1.7195915389088472,171940.33750098437,0.99989057639867041,0.013890518084066472,3.3495158105473948,0.89559372848890673,0.89567834870372143,-8.4620214814701278e-05
x103,726,1.0301608579088473,1.7195915389088472,171940.33750098437,0.99989057639867041,0.014032258064516129,3.3836945433080823,0.89974125474228173,0.89982547719199912,-8.4222449717397119e-05
x103,726,1.0301608579088473,1.7195915389088472,171940.33750098437,0.99989057639867041,0.014173998044965786,3.4178732760687698,0.90376782898694541,0.90385164098767712,-8.3812000731708913e-05
x103,726,1.0301608579088473,1.7195915389088472,171940.33750098437,0.99989057639867041,0.014315738025415446,3.4520520088294582,0.90767492055851207,0.90775831013035191,-8.3389571839842525e-05
x103,726,1.0301608579088473,1.7195915389088472,171940.33750098437,0.99989057639867041,0.014457478005865103,3.4862307415901457,0.91146407036314292,0.91154702623406092,-8.2955870918000052e-05
x103,726,1.0301608579088473,1.7195915389088472,171940.33750098437,0.99989057639867041,0.01459921798631476,3.5204094743508332,0.91513688739448329,0.91521939900257343,-8.2511608090141131e-05
x103,726,1.0301608579088473,1.7195915389088472,171940.33750098437,0.99989057639867041,0.014740957966764419,3.5545882071115211,0.9186950451572633,0.91877710265135915,-8.2057494095844064e-05
x103,726,1.0301608579088473,1.7195915389088472,171940.33750098437,0.99989057639867041,0.014882697947214077,3.5887669398722086,0.92214027800977694,0.92222187224847296,-8.1594238696025556e-05
x103,726,1.0301608579088473,1.7195915389088472,171940.33750098437,0.99989057639867041,0.015024437927663734,3.6229456726328961,0.92547437743758132,0.92555549998667408,-8.1122549092760288e-05
x103,726,1.0301608579088473,1.7195915389088472,171940.33750098437,0.99989057639867041,0.015166177908113391,3.6571244053935836,0.92869918827075404,0.92877983139913578,-8.0643128381741036e-05
x103,726,1.0301608579088473,1.7195915389088472,171940.33750098437,0.99989057639867041,0.01530791788856305,3.691303138154272,0.93181660485706364,0.93189676153108847,-8.0156674024833841e-05
x103,726,1.0301608579088473,1.7195915389088472,171940.33750098437,0.99989057639867041,0.015449657869012708,3.7254818709149595,0.93482856720329377,0.93490823107964072,-7.9663876346947049e-05
x103,726,1.0301608579088473,1.7195915389088472,171940.33750098437,0.99989057639867041,0.015591397849462365,3.759660603675647,0.93773705709683575,0.93781622251391084,-7.916541707508884e-05
x103,726,1.0301608579088473,1.7195915389088472,171940.33750098437,0.99989057639867041,0.015733137829912022,3.7938393364363345,0.9405440942194937,0.94062275618739122,-7.866196789751978e-05
x103,726,1.0301608579088473,1.7195915389088472,171940.33750098437,0.99989057639867041,0.015874877810361683,3.8280180691970229,0.94325173226519188,0.94332988645425475,-7.8154189062873414e-05
x103,726,1.0301608579088473,1.7195915389088472,171940.33750098437,0.99989057639867041,0.01601661779081134,3.8621968019577104,0.94586205507297749,0.94593969764462171,-7.7642571644220837e-05
x103,726,1.0301608579088473,1.7195915389088472,171940.33750098437,0.99989057639867041,0.016158357771260998,3.8963755347183979,0.94837717278642453,0.94845429983502982,-7.7127048605296622e-05
x103,726,1.0301608579088473,1.7195915389088472,171940.33750098437,0.99989057639867041,0.016300097751710655,3.9305542674790859,0.95079921805010426,0.95087582719192276,-7.6609141818506643e-05
x103,726,1.0301608579088473,1.7195915389088472,171940.33750098437,0.99989057639867041,0.016441837732160312,3.9647330002397734,0.95313034225345539,0.95320643170668973,-7.6089453234340354e-05
x103,726,1.0301608579088473,1.7195915389088472,171940.33750098437,0.99989057639867041,0.01658357771260997,3.9989117330004609,0.95537271183185668,0.95544828039884122,-7.556856698454073e-05
x103,726,1.0301608579088473,1.7195915389088472,171940.33750098437,0.99989057639867041,0.016725317693059627,4.0330904657611484,0.95752850463430417,0.95760355168263445,-7.5047048330278976e-05
x103,726,1.0301608579088473,1.7195915389088472,171940.33750098437,0.99989057639867041,0.016867057673509288,4.0672691985218368,0.95959990636651471,0.95967443180921752,-7.4525442702810807e-05
x103,726,1.0301608579088473,1.7195915389088472,171940.33750098437,0.99989057639867041,0.017008797653958945,4.1014479312825243,0.96158910711779066,0.96166311139262139,-7.4004274830730132e-05
x103,726,1.0301608579088473,1.7195915389088472,171940.33750098437,0.99989057639867041,0.017150537634408602,4.1356266640432118,0.96349829797941811,0.96357178202737237,-7.348404795426422e-05
x103,726,1.0301608579088473,1.7195915389088472,171940.33750098437,0.99989057639867041,0.01729227761485826,4.1698053968038993,0.9653296677617732,0.96540263300490881,-7.2965243135603153e-05
x103,726,1.0301608579088473,1.7195915389088472,171940.33750098437,0.99989057639867041,0.017434017595307917,4.2039841295645868,0.96708539981674091,0.96715784813541972,-7.2448318678808299e-05
x103,726,1.0301608579088473,1.7195915389088472,171940.33750098437,0.99989057639867041,0.017575757575757574,4.2381628623252743,0.96876766897146693,0.96883960268110492,-7.1933709637983512e-05
x103,726,1.0301608579088473,1.7195915389088472,171940.33750098437,0.99989057639867041,0.017717497556207235,4.2723415950859627,0.97037863857881568,0.97045006040625714,-7.1421827441464636e-05
x103,726,1.0301608579088473,1.7195915389088472,171940.33750098437,0.99989057639867041,0.017859237536656893,4.3065203278466502,0.9719204576893411,0.97199137074895559,-7.0913059614485796e-05
x103,726,1.0301608579088473,1.7195915389088472,171940.33750098437,0.99989057639867041,0.01800097751710655,4.3406990606073386,0.97339525834894436,0.97346566611854612,-7.0407769601765757e-05
x103,726,1.0301608579088473,1.7195915389088472,171940.33750098437,0.99989057639867041,0.018142717497556207,4.3748777933680261,0.97480515302578086,0.97487505932248175,-6.9906296700894544e-05
x103,726,1.0301608579088473,1.7195915389088472,171940.33750098437,0.99989057639867041,0.018284457478005865,4.4090565261287136,0.97615223216939528,0.9762216411254846,-6.9408956089311857e-05
x103,726,1.0301608579088473,1.7195915389088472,171940.33750098437,0.99989057639867041,0.018426197458455522,4.4432352588894011,0.97743856190446521,0.97750747794341275,-6.8916038947541836e-05
x103,726,1.0301608579088473,1.7195915389088472,171940.33750098437,0.99989057639867041,0.018567937438905179,4.4774139916500886,0.97866618186093823,0.9787346096736127,-6.8427812674465294e-05
x103,726,1.0301608579088473,1.7195915389088472,171940.33750098437,0.99989057639867041,0.01870967741935484,4.511592724410777,0.97983710314180394,0.97990504766300002,-6.7944521196072749e-05
x103,726,1.0301608579088473,1.7195915389088472,171940.33750098437,0.99989057639867041,0.018851417399804497,4.5457714571714645,0.9809533064291851,0.98102077281452527,-6.7466385340164692e-05
x103,726,1.0301608579088473,1.7195915389088472,171940.33750098437,0.99989057639867041,0.018993157380254155,4.579950189932152,0.98201674022888219,0.98208373383219305,-6.6993603310860905e-05
x103,726,1.0301608579088473,1.7195915389088472,171940.33750098437,0.99989057639867041,0.019134897360703812,4.6141289226928395,0.98302931925303805,0.98309584560424468,-6.652635120663053e-05
x103,726,1.0301608579088473,1.7195915389088472,171940.33750098437,0.99989057639867041,0.019276637341153469,4.648307655453527,0.98399292294005136,0.98405898772367273,-6.6064783621366807e-05
x103,726,1.0301608579088473,1.7195915389088472,171940.33750098437,0.99989057639867041,0.019418377321603127,4.6824863882142145,0.98490939411045297,0.98497500314474085,-6.5609034287872348e-05
x103,726,1.0301608579088473,1.7195915389088472,171940.33750098437,0.99989057639867041,0.019560117302052787,4.7166651209749029,0.98578053775697705,0.98584569697375779,-6.5159216780741325e-05
x103,726,1.0301608579088473,1.7195915389088472,171940.33750098437,0.99989057639867041,0.019701857282502445,4.7508438537355904,0.98660811996668707,0.98667283539194461,-6.4715425257544368e-05
x103,726,1.0301608579088473,1.7195915389088472,171940.33750098437,0.99989057639867041,0.019843597262952102,4.7850225864962779,0.98739386697261211,0.98745814470784565,-6.4277735233542188e-05
x103,726,1.0301608579088473,1.7195915389088472,171940.33750098437,0.99989057639867041,0.019985337243401759,4.8192013192569663,0.98813946433199318,0.98820331053638288,-6.3846204389705896e-05
x103,726,1.0301608579088473,1.7195915389088472,171940.33750098437,0.99989057639867041,0.020127077223851417,4.8533800520176538,0.9888465562279215,0.9889099767233378,-6.3420495416299794e-05
x103,726,1.0301608579088473,1.7195915389088472,171940.33750098437,0.99989057639867041,0.020268817204301074,4.8875587847783413,0.98951674489085095,0.98957974590971487,-6.3001018863917402e-05
x103,726,1.0301608579088473,1.7195915389088472,171940.33750098437,0.99989057639867041,0.020410557184750735,4.9217375175390297,0.99015159013619991,0.99021417794483768,-6.2587808637770692e-05
x103,726,1.0301608579088473,1.7195915389088472,171940.33750098437,0.99989057639867041,0.020552297165200392,4.9559162502997172,0.99075260901401818,0.99081478987212868,-6.2180858110494341e-05
x103,726,1.0301608579088473,1.7195915389088472,171940.33750098437,0.99989057639867041,0.02069403714565005,4.9900949830604047,0.99132127556647021,0.99138305571356033,-6.1780147090129134e-05
x103,726,1.0301608579088473,1.7195915389088472,171940.33750098437,0.99989057639867041,0.020835777126099707,5.0242737158210922,0.9918590206887461,0.99192040633142464,-6.1385642678546404e-05
x103,726,1.0301608579088473,1.7195915389088472,171940.33750098437,0.99989057639867041,0.020977517106549364,5.0584524485817797,0.99236723208880417,0.99242822938893904,-6.0997300134868482e-05
x103,726,1.0301608579088473,1.7195915389088472,171940.33750098437,0.99989057639867041,0.021119257086999021,5.0926311813424672,0.99284725434126642,0.99290786940499343,-6.0615063727009755e-05
x103,726,1.0301608579088473,1.7195915389088472,171940.33750098437,0.99989057639867041,0.021260997067448679,5.1268099141031547,0.99330038903066609,0.99336062789822843,-6.0238867562345533e-05
x103,726,1.0301608579088473,1.7195915389088472,171940.33750098437,0.99989057639867041,0.02140273704789834,5.1609886468638431,0.99372789497917757,0.99378776361558752,-5.9868636409943221e-05
x103,726,1.0301608579088473,1.7195915389088472,171940.33750098437,0.99989057639867041,0.021544477028347997,5.1951673796245306,0.99413098855391691,0.99419049284041117,-5.9504286494260761e-05
x103,726,1.0301608579088473,1.7195915389088472,171940.33750098437,0.99989057639867041,0.021686217008797654,5.2293461123852181,0.99451084404887247,0.99456998977513922,-5.914572626675163e-05
x103,726,1.0301608579088473,1.7195915389088472,171940.33750098437,0.99989057639867041,0.021827956989247312,5.2635248451459056,0.99486859413650564,0.99492738699366301,-5.8792857157374812e-05
x103,726,1.0301608579088473,1.7195915389088472,171940.33750098437,0.99989057639867041,0.021969696969696969,5.2977035779065931,0.99520533038410797,0.99526377595840476,-5.8445574296794867e-05
x103,726,1.0301608579088473,1.7195915389088472,171940.33750098437,0.99989057639867041,0.022111436950146626,5.3318823106672815,0.99552210383001816,0.99558020759723487,-5.8103767216710622e-05
x103,726,1.0301608579088473,1.7195915389088472,171940.33750098437,0.99989057639867041,0.022253176930596287,5.3660610434279699,0.99581992561487154,0.99587769293538386,-5.7767320512325249e-05
x103,726,1.0301608579088473,1.7195915389088472,171940.33750098437,0.99989057639867041,0.022394916911045944,5.4002397761886574,0.99609976766311525,0.99615720377759676,-5.7436114481501654e-05
x103,726,1.0301608579088473,1.7195915389088472,171940.33750098437,0.99989057639867041,0.022536656891495602,5.4344185089493449,0.99636256341011653,0.99641967343585391,-5.7110025737383552e-05
x103,726,1.0301608579088473,1.7195915389088472,171940.33750098437,0.99989057639867041,0.022678396871945259,5.4685972417100324,0.99660920857031199,0.99666599749809692,-5.6788927784934273e-05
x103,726,1.0301608579088473,1.7195915389088472,171940.33750098437,0.99989057639867041,0.022820136852394916,5.5027759744707199,0.99684056194193671,0.99689703463350643,-5.6472691569720013e-05
x103,726,1.0301608579088473,1.7195915389088472,171940.33750098437,0.99989057639867041,0.022961876832844574,5.5369547072314074,0.99705744624401504,0.99711360743001254,-5.6161185997494201e-05
x103,726,1.0301608579088473,1.7195915389088472,171940.33750098437,0.99989057639867041,0.023103616813294231,5.5711334399920949,0.99726064898142952,0.99731650325985755,-5.5854278428024706e-05
x103,726,1.0301608579088473,1.7195915389088472,171940.33750098437,0.99989057639867041,0.023245356793743892,5.6053121727527833,0.99745092333405205,0.99750647516918134,-5.5551835129286076e-05
x103,726,1.0301608579088473,1.7195915389088472,171940.33750098437,0.99989057639867041,0.023387096774193549,5.6394909055134708,0.99762898906603914,0.99768424278774981,-5.5253721710668557e-05
x103,726,1.0301608579088473,1.7195915389088472,171940.33750098437,0.99989057639867041,0.023528836754643206,5.6736696382741583,0.99779553345158745,0.99785049325511754,-5.4959803530096885e-05
x103,726,1.0301608579088473,1.7195915389088472,171940.33750098437,0.99989057639867041,0.023670576735092864,5.7078483710348458,0.99795121221361449,0.99800588215967778,-5.4669946063290453e-05
x103,726,1.0301608579088473,1.7195915389088472,171940.33750098437,0.99989057639867041,0.023812316715542521,5.7420271037955333,0.99809665047197227,0.99815103448722786,-5.4384015255592999e-05
x103,726,1.0301608579088473,1.7195915389088472,171940.33750098437,0.99989057639867041,0.023954056695992178,5.7762058365562208,0.99823244369801367,0.99828654557585561,-5.4101877841938872e-05
x103,726,1.0301608579088473,1.7195915389088472,171940.33750098437,0.99989057639867041,0.024095796676441839,5.8103845693169092,0.99835915867248348,0.99841298200649897,-5.3823334015490332e-05
x103,726,1.0301608579088473,1.7195915389088472,171940.33750098437,0.99989057639867041,0.024237536656891497,5.8445633020775976,0.9984773344438963,0.99853088274856083,-5.35483046645302e-05
x103,726,1.0301608579088473,1.7195915389088472,171940.33750098437,0.99989057639867041,0.024379276637341154,5.8787420348382851,0.99858748328473934,0.99864075997166202,-5.3276686922676397e-05
x103,726,1.0301608579088473,1.7195915389088472,171940.33750098437,0.99989057639867041,0.024521016617790811,5.9129207675989726,0.99869009164301215,0.99874309999561561,-5.3008352603467479e-05
x103,726,1.0301608579088473,1.7195915389088472,171940.33750098437,0.99989057639867041,0.024662756598240469,5.9470995003596601,0.99878562108680979,0.99883836426240391,-5.2743175594116565e-05
x103,726,1.0301608579088473,1.7195915389088472,171940.33750098437,0.99989057639867041,0.024804496578690126,5.9812782331203476,0.99887450923979415,0.99892699027183474,-5.2481032040585518e-05
x103,726,1.0301608579088473,1.7195915389088472,171940.33750098437,0.99989057639867041,0.024946236559139787,6.015456965881036,0.99895717070561207,0.99900939250612275,-5.2221800510676708e-05
x103,726,1.0301608579088473,1.7195915389088472,171940.33750098437,0.99989057639867041,0.025087976539589444,6.0496356986417235,0.99903399797946091,0.99908596334159494,-5.1965362134032134e-05
x103,726,1.0301608579088473,1.7195915389088472,171940.33750098437,0.99989057639867041,0.025229716520039101,6.083814431402411,0.99910536234516611,0.9991570739458917,-5.1711600725590223e-05
x103,726,1.0301608579088473,1.7195915389088472,171940.33750098437,0.99989057639867041,0.025371456500488759,6.1179931641630985,0.99917161475630623,0.9992230751592035,-5.1460402897274271e-05
x103,726,1.0301608579088473,1.7195915389088472,171940.33750098437,0.99989057639867041,0.025513196480938416,6.152171896923786,0.99923308670007116,0.99928429835821331,-5.1211658142147343e-05
x103,726,1.0301608579088473,1.7195915389088472,171940.33750098437,0.99989057639867041,0.025654936461388073,6.1863506296844735,0.99929009104267519,0.99934105630159187,-5.0965258916679801e-05
x103,726,1.0301608579088473,1.7195915389088472,171940.33750098437,0.99989057639867041,0.025796676441837731,6.220529362445161,0.99934292285531445,0.99939364395601005,-5.0721100695594323e-05
x103,726,1.0301608579088473,1.7195915389088472,171940.33750098437,0.99989057639867041,0.025938416422287391,6.2547080952058494,0.999391860219773,0.99944233930179571,-5.0479082022714117e-05
x103,726,1.0301608579088473,1.7195915389088472,171940.33750098437,0.99989057639867041,0.026080156402737049,6.2888868279665369,0.99943716501292001,0.99948740411746351,-5.0239104543492452e-05
x103,726,1.0301608579088473,1.7195915389088472,171940.33750098437,0.99989057639867041,0.026221896383186706,6.3230655607272244,0.99947908366947269,0.99952908474250113,-5.000107302843837e-05
x103,726,1.0301608579088473,1.7195915389088472,171940.33750098437,0.99989057639867041,0.026363636363636363,6.3572442934879128,0.99951784792250553,0.99956761281788808,-4.9764895382553576e-05
x103,726,1.0301608579088473,1.7195915389088472,171940.33750098437,0.99989057639867041,0.026505376344086021,6.3914230262486003,0.99955367552130203,0.99960320600395414,-4.9530482652104801e-05
x103,726,1.0301608579088473,1.7195915389088472,171940.33750098437,0.99989057639867041,0.026647116324535678,6.4256017590092878,0.99958677092626835,0.9996360686752741,-4.9297749005750013e-05
x103,726,1.0301608579088473,1.7195915389088472,171940.33750098437,0.99989057639867041,0.026788856304985339,6.4597804917699762,0.99961732598067399,0.99966639259240431,-4.9066611730319565e-05
x103,726,1.0301608579088473,1.7195915389088472,171940.33750098437,0.99989057639867041,0.026930596285434996,6.4939592245306637,0.9996455205591589,0.99969435755035507,-4.8836991196177237e-05
x103,726,1.0301608579088473,1.7195915389088472,171940.33750098437,0.99989057639867041,0.027072336265884654,6.5281379572913512,0.9996715231929505,0.99972013200377563,-4.8608810825134796e-05
x103,726,1.0301608579088473,1.7195915389088472,171940.33750098437,0.99989057639867041,0.027214076246334311,6.5623166900520387,0.99969549167185545,0.99974387366891349,-4.8381997058033477e-05
x103,726,1.0301608579088473,1.7195915389088472,171940.33750098437,0.99989057639867041,0.027355816226783968,6.5964954228127262,0.99971757362317304,0.99976573010247516,-4.8156479302119415e-05
x103,726,1.0301608579088473,1.7195915389088472,171940.33750098437,0.99989057639867041,0.027497556207233625,6.6306741555734137,0.99973790706770216,0.99978583925758757,-4.7932189885413479e-05
x103,726,1.0301608579088473,1.7195915389088472,171940.33750098437,0.99989057639867041,0.027639296187683283,6.6648528883341012,0.99975662095312212,0.99980433001712055,-4.7709063998424561e-05
x103,726,1.0301608579088473,1.7195915389088472,171940.33750098437,0.99989057639867041,0.027781036168132944,6.6990316210947896,0.99977383566504385,0.99982132270468027,-4.7487039636417983e-05
x103,726,1.0301608579088473,1.7195915389088472,171940.33750098437,0.99989057639867041,0.027922776148582601,6.7332103538554771,0.99978966351610532,0.99983692957364001,-4.7266057534689487e-05
x103,726,1.0301608579088473,1.7195915389088472,171940.33750098437,0.99989057639867041,0.028064516129032258,6.7673890866161646,0.99980420921350754,0.99985125526797891,-4.7046054471366894e-05
x103,726,1.0301608579088473,1.7195915389088472,171940.33750098437,0.99989057639867041,0.028206256109481916,6.8015678193768521,0.99981757030545071,0.99986439728374921,-4.6826978298497579e-05
x103,726,1.0301608579088473,1.7195915389088472,171940.33750098437,0.99989057639867041,0.028347996089931573,6.8357465521375396,0.99982983760692745,0.99987644639109408,-4.6608784166624062e-05
x103,726,1.0301608579088473,1.7195915389088472,171940.33750098437,0.99989057639867041,0.02848973607038123,6.869925284898228,0.99984109560541423,0.99988748702830288,-4.6391422888647504e-05
x103,726,1.0301608579088473,1.7195915389088472,171940.33750098437,0.99989057639867041,0.028631476050830891,6.9041040176589163,0.99985142284696349,0.99989759769464304,-4.6174847679547604e-05
x103,726,1.0301608579088473,1.7195915389088472,171940.33750098437,0.99989057639867041,0.028773216031280548,6.9382827504196039,0.99986089230327735,0.99990685131735269,-4.5959014075336313e-05
x103,726,1.0301608579088473,1.7195915389088472,171940.33750098437,0.99989057639867041,0.028914956011730206,6.9724614831802914,0.99986957172031443,0.99991531560017677,-4.5743879862336634e-05
x103,726,1.0301608579088473,1.7195915389088472,171940.33750098437,0.99989057639867041,0.029056695992179863,7.0066402159409789,0.9998775239490395,0.99992305335402942,-4.5529404989919087e-05
x103,726,1.0301608579088473,1.7195915389088472,171940.33750098437,0.99989057639867041,0.02919843597262952,7.0408189487016664,0.9998848072588834,0.99993012281038618,-4.5315551502778106e-05
x103,726,1.0301608579088473,1.7195915389088472,171940.33750098437,0.99989057639867041,0.029340175953079178,7.0749976814623539,0.99989147563455161,0.99993657791800294,-4.5102283451337044e-05
x103,726,1.0301608579088473,1.7195915389088472,171940.33750098437,0.99989057639867041,0.029481915933528838,7.1091764142230423,0.99989757905675025,0.99994246862357439,-4.4889566824135585e-05
x103,726,1.0301608579088473,1.7195915389088472,171940.33750098437,0.99989057639867041,0.029623655913978496,7.1433551469837298,0.99990316376747002,0.99994784113693469,-4.4677369464674044e-05
x103,726,1.0301608579088473,1.7195915389088472,171940.33750098437,0.99989057639867041,0.029765395894428153,7.1775338797444173,0.9999082725204177,0.99995273818141595,-4.4465660998249668e-05
x103,726,1.0301608579088473,1.7195915389088472,171940.33750098437,0.99989057639867041,0.02990713587487781,7.2117126125051048,0.99991294481720194,0.99995719922995985,-4.425441275790476e-05
x103,726,1.0301608579088473,1.7195915389088472,171940.33750098437,0.99989057639867041,0.030048875855327468,7.2458913452657923,0.99991721712987958,0.99996126072758595,-4.4043597706378002e-05
x103,726,1.0301608579088473,1.7195915389088472,171940.33750098437,0.99989057639867041,0.030190615835777125,7.2800700780264798,0.99992112311044001,0.99996495630080795,-4.3833190367936758e-05
x103,726,1.0301608579088473,1.7195915389088472,171940.33750098437,0.99989057639867041,0.030332355816226782,7.3142488107871673,0.99992469378781867,0.99996831695457522,-4.362316675654565e-05
x103,726,1.0301608579088473,1.7195915389088472,171940.33750098437,0.99989057639867041,0.030474095796676443,7.3484275435478557,0.99992795775301468,0.99997137125732105,-4.341350430636659e-05
x103,726,1.0301608579088473,1.7195915389088472,171940.33750098437,0.99989057639867041,0.030615835777126101,7.382606276308544,0.99993094133286042,0.99997414551466268,-4.3204181802258823e-05
x103,726,1.0301608579088473,1.7195915389088472,171940.33750098437,0.99989057639867041,0.030757575757575758,7.4167850090692315,0.9999336687529965,0.99997666393231621,-4.2995179319715859e-05
x103,726,1.0301608579088473,1.7195915389088472,171940.33750098437,0.99989057639867041,0.030899315738025415,7.4509637418299191,0.99993616229059301,0.99997894876874716,-4.278647815414427e-05
x103,726,1.0301608579088473,1.7195915389088472,171940.33750098437,0.99989057639867041,0.031041055718475073,7.4851424745906066,0.99993844241731644,0.99998102047808113,-4.2578060764686398e-05
x103,726,1.0301608579088473,1.7195915389088472,171940.33750098437,0.99989057639867041,0.03118279569892473,7.5193212073512941,0.99994052793306742,0.99998289784377792,-4.2369910710493563e-05
x103,726,1.0301608579088473,1.7195915389088472,171940.33750098437,0.99989057639867041,0.031324535679374391,7.5534999401119824,0.99994243609095812,0.999984598103554,-4.2162012595881038e-05
x103,726,1.0301608579088473,1.7195915389088472,171940.33750098437,0.99989057639867041,0.031466275659824045,7.5876786728726691,0.99994418271401309,0.99998613706602624,-4.1954352013151563e-05
x103,726,1.0301608579088473,1.7195915389088472,171940.33750098437,0.99989057639867041,0.031608015640273705,7.6218574056333575,0.99994578230404041,0.99998752921952838,-4.174691548797238e-05
x103,726,1.0301608579088473,1.7195915389088472,171940.33750098437,0.99989057639867041,0.031749755620723366,7.6560361383940458,0.99994724814311986,0.99998878783354672,-4.1539690426861675e-05
x103,726,1.0301608579088473,1.7195915389088472,171940.33750098437,0.99989057639867041,0.03189149560117302,7.6902148711547325,0.99994859238810885,0.99998992505318274,-4.1332665073889885e-05
x103,726,1.0301608579088473,1.7195915389088472,171940.33750098437,0.99989057639867041,0.032033235581622681,7.7243936039154208,0.99994982615860251,0.99999095198673005,-4.112582812754173e-05
x103,726,1.0301608579088473,1.7195915389088472,171940.33750098437,0.99989057639867041,0.032174975562072335,7.7585723366761075,0.99995095961870217,0.99999187878775331,-4.0919169051134574e-05
x103,726,1.0301608579088473,1.7195915389088472,171940.33750098437,0.99989057639867041,0.032316715542521995,7.7927510694367959,0.99995200205298718,0.99999271473210793,-4.0712679120757933e-05
x103,726,1.0301608579088473,1.7195915389088472,171940.33750098437,0.99989057639867041,0.032458455522971649,7.8269298021974825,0.99995296193702143,0.99999346828645375,-4.0506349432312128e-05
x103,726,1.0301608579088473,1.7195915389088472,171940.33750098437,0.99989057639867041,0.03260019550342131,7.8611085349581717,0.9999538470027588,0.99999414717445489,-4.03001716960949e-05
x103,726,1.0301608579088473,1.7195915389088472,171940.33750098437,0.99989057639867041,0.032741935483870971,7.8952872677188601,0.99995466429914359,0.99999475843734631,-4.0094138202717566e-05
x103,726,1.0301608579088473,1.7195915389088472,171940.33750098437,0.99989057639867041,0.032883675464320625,7.9294660004795468,0.99995542024822626,0.9999953084900135,-3.9888241787244816e-05
x103,726,1.0301608579088473,1.7195915389088472,171940.33750098437,0.99989057639867041,0.033025415444770286,7.9636447332402351,0.99995612069708173,0.99999580317287196,-3.968247579022588e-05
x103,726,1.0301608579088473,1.7195915389088472,171940.33750098437,0.99989057639867041,0.033167155425219939,7.9978234660009218,0.99995677096579849,0.99999624779983187,-3.9476834033380648e-05
x103,726,1.0301608579088473,1.7195915389088472,171940.33750098437,0.99989057639867041,0.0333088954056696,8.0320021987616101,0.99995737589181555,0.99999664720259607,-3.9271310780519819e-05
x103,726,1.0301608579088473,1.7195915389088472,171940.33750098437,0.99989057639867041,0.033450635386119254,8.0661809315222968,0.99995793987083892,0.99999700577155037,-3.906590071145466e-05
x103,726,1.0301608579088473,1.7195915389088472,171940.33750098437,0.99989057639867041,0.033592375366568915,8.1003596642829852,0.9999584668945708,0.99999732749346637,-3.8860598895573695e-05
x103,726,1.0301608579088473,1.7195915389088472,171940.33750098437,0.99989057639867041,0.033734115347018576,8.1345383970436735,0.99995896058548417,0.99999761598624748,-3.8655400763309977e-05
x103,726,1.0301608579088473,1.7195915389088472,171940.33750098437,0.99989057639867041,0.033875855327468229,8.1687171298043602,0.99995942422883943,0.99999787453092304,-3.845030208360356e-05
x103,726,1.0301608579088473,1.7195915389088472,171940.33750098437,0.99989057639867041,0.03401759530791789,8.2028958625650485,0.99995986080213839,0.9999981061010792,-3.8245298940808858e-05
x103,726,1.0301608579088473,1.7195915389088472,171940.33750098437,0.99989057639867041,0.034159335288367544,8.2370745953257352,0.99996027300221191,0.99999831338991929,-3.8040387707383161e-05
x103,726,1.0301608579088473,1.7195915389088472,171940.33750098437,0.99989057639867041,0.034301075268817205,8.2712533280864236,0.99996066327008881,0.99999849883511971,-3.7835565030897023e-05
x103,726,1.0301608579088473,1.7195915389088472,171940.33750098437,0.99989057639867041,0.034442815249266859,8.3054320608471102,0.99996103381383172,0.99999866464164455,-3.7630827812829004e-05
x103,726,1.0301608579088473,1.7195915389088472,171940.33750098437,0.99989057639867041,0.03458455522971652,8.3396107936077986,0.99996138662948564,0.99999881280267089,-3.7426173185250988e-05
x103,726,1.0301608579088473,1.7195915389088472,171940.33750098437,0.99989057639867041,0.03472629521016618,8.3737895263684869,0.99996172352027068,0.99999894511876763,-3.7221598496950392e-05
x103,726,1.0301608579088473,1.7195915389088472,171940.33750098437,0.99989057639867041,0.034868035190615834,8.4079682591291736,0.99996204611415418,0.99999906321545784,-3.7017101303660205e-05
x103,726,1.0301608579088473,1.7195915389088472,171940.33750098437,0.99989057639867041,0.035009775171065495,8.442146991889862,0.99996235587994831,0.99999916855929016,-3.6812679341857724e-05
x103,726,1.0301608579088473,1.7195915389088472,171940.33750098437,0.99989057639867041,0.035151515151515149,8.4763257246505486,0.99996265414201224,0.99999926247253434,-3.6608330522103216e-05
x103,726,1.0301608579088473,1.7195915389088472,171940.33750098437,0.99989057639867041,0.03529325513196481,8.510504457411237,0.99996294209369163,0.99999934614660857,-3.640405291693849e-05
x103,726,1.0301608579088473,1.7195915389088472,171940.33750098437,0.99989057639867041,0.03543499511241447,8.5446831901719253,0.99996322080959521,0.99999942065433833,-3.6199844743123322e-05
x103,726,1.0301608579088473,1.7195915389088472,171940.33750098437,0.99989057639867041,0.035576735092864124,8.578861922932612,0.99996349125678707,0.99999948696114105,-3.5995704353974922e-05
x103,726,1.0301608579088473,1.7195915389088472,171940.33750098437,0.99989057639867041,0.035718475073313785,8.6130406556933004,0.99996375430499262,0.99999954593522156,-3.5791630228931837e-05
x103,726,1.0301608579088473,1.7195915389088472,171940.33750098437,0.99989057639867041,0.035860215053763439,8.6472193884539887,0.99996401073590091,0.99999959835686347,-3.5587620962562738e-05
x103,726,1.0301608579088473,1.7195915389088472,171940.33750098437,0.99989057639867041,0.0360019550342131,8.6813981212146771,0.99996426125162396,0.99999964492687576,-3.5383675251798863e-05
x103,726,1.0301608579088473,1.7195915389088472,171940.33750098437,0.99989057639867041,0.036143695014662754,8.7155768539753637,0.9999645064823991,0.99999968627425562,-3.5179791856521092e-05
x103,726,1.0301608579088473,1.7195915389088472,171940.33750098437,0.99989057639867041,0.036285434995112414,8.7497555867360521,0.99996474699358828,0.99999972296330997,-3.4975969721684486e-05
x103,726,1.0301608579088473,1.7195915389088472,171940.33750098437,0.99989057639867041,0.036427174975562075,8.7839343194967405,0.99996498329203343,0.99999975549985143,-3.4772207818001277e-05
x103,726,1.0301608579088473,1.7195915389088472,171940.33750098437,0.99989057639867041,0.036568914956011729,8.8181130522574271,0.99996521583182407,0.99999978433701875,-3.4568505194676469e-05
x103,726,1.0301608579088473,1.7195915389088472,171940.33750098437,0.99989057639867041,0.03671065493646139,8.8522917850181155,0.99996544501953566,0.99999980988050374,-3.4364860968083555e-05
x103,726,1.0301608579088473,1.7195915389088472,171940.33750098437,0.99989057639867041,0.036852394916911044,8.8864705177788021,0.99996567121896751,0.99999983249328839,-3.4161274320876345e-05
x103,726,1.0301608579088473,1.7195915389088472,171940.33750098437,0.99989057639867041,0.036994134897360705,8.9206492505394905,0.99996589475543973,0.99999985249993428,-3.3957744494550468e-05
x103,726,1.0301608579088473,1.7195915389088472,171940.33750098437,0.99989057639867041,0.037135874877810358,8.9548279833001772,0.99996611591968143,0.99999987019046488,-3.375427078344817e-05
x103,726,1.0301608579088473,1.7195915389088472,171940.33750098437,0.99989057639867041,0.037277614858260019,8.9890067160608655,0.99996633497134235,0.99999988582387744,-3.355085253509138e-05
x103,726,1.0301608579088473,1.7195915389088472,171940.33750098437,0.99989057639867041,0.03741935483870968,9.0231854488215539,0.99996655214217722,0.99999989963131375,-3.3347489136525965e-05
x103,726,1.0301608579088473,1.7195915389088472,171940.33750098437,0.99989057639867041,0.037561094819159334,9.0573641815822405,0.99996676763890457,0.99999991181892689,-3.3144180022315339e-05
x103,726,1.0301608579088473,1.7195915389088472,171940.33750098437,0.99989057639867041,0.037702834799608995,9.0915429143429289,0.99996698164580267,0.99999992257046544,-3.2940924662772098e-05
x103,726,1.0301608579088473,1.7195915389088472,171940.33750098437,0.99989057639867041,0.037844574780058648,9.1257216471036156,0.99996719432704329,0.99999993204960469,-3.2737722561404503e-05
x103,726,1.0301608579088473,1.7195915389088472,171940.33750098437,0.99989057639867041,0.037986314760508309,9.1599003798643039,0.99996740582879262,0.99999994040204787,-3.2534573255249555e-05
x103,726,1.0301608579088473,1.7195915389088472,171940.33750098437,0.99989057639867041,0.03812805474095797,9.1940791126249923,0.99996761628110564,0.99999994775741752,-3.2331476311875385e-05
x103,726,1.0301608579088473,1.7195915389088472,171940.33750098437,0.99989057639867041,0.038269794721407624,9.2282578453856789,0.99996782579963672,0.99999995423095711,-3.2128431320388451e-05
x103,726,1.0301608579088473,1.7195915389088472,171940.33750098437,0.99989057639867041,0.038411534701857285,9.2624365781463673,0.99996803448716176,0.99999995992506197,-3.1925437900204301e-05
x103,726,1.0301608579088473,1.7195915389088472,171940.33750098437,0.99989057639867041,0.038553274682306939,9.296615310907054,0.99996824243496485,0.99999996493065413,-3.1722495689279206e-05
x103,726,1.0301608579088473,1.7195915389088472,171940.33750098437,0.99989057639867041,0.038695014662756599,9.3307940436677423,0.99996844972406984,0.99999996932841717,-3.151960434732981e-05
x103,726,1.0301608579088473,1.7195915389088472,171940.33750098437,0.99989057639867041,0.038836754643206253,9.364972776428429,0.99996865642635391,0.99999997318990386,-3.1316763549948945e-05
x103,726,1.0301608579088473,1.7195915389088472,171940.33750098437,0.99989057639867041,0.038978494623655914,9.3991515091891173,0.99996886260553652,0.9999999765785289,-3.111397299238039e-05
x103,726,1.0301608579088473,1.7195915389088472,171940.33750098437,0.99989057639867041,0.039120234604105575,9.4333302419498057,0.99996906831807664,0.99999997955046083,-3.0911232384189802e-05
x103,726,1.0301608579088473,1.7195915389088472,171940.33750098437,0.99989057639867041,0.039261974584555229,9.4675089747104924,0.99996927361396803,0.99999998215541763,-3.0708541449597782e-05
x103,726,1.0301608579088473,1.7195915389088472,171940.33750098437,0.99989057639867041,0.03940371456500489,9.5016877074711807,0.99996947853745577,0.99999998443738058,-3.0505899924815338e-05
x103,726,1.0301608579088473,1.7195915389088472,171940.33750098437,0.99989057639867041,0.039545454545454543,9.5358664402318674,0.99996968312767331,0.99999998643523103,-3.0303307557710824e-05
x103,726,1.0301608579088473,1.7195915389088472,171940.33750098437,0.99989057639867041,0.039687194525904204,9.5700451729925557,0.99996988741921244,0.9999999881833207,-3.0100764108254019e-05
x103,726,1.0301608579088473,1.7195915389088472,171940.33750098437,0.99989057639867041,0.039828934506353858,9.6042239057532424,0.99997009144263738,0.99999998971198001,-2.9898269342631956e-05
x103,726,1.0301608579088473,1.7195915389088472,171940.33750098437,0.99989057639867041,0.039970674486803519,9.6384026385139325,0.99997029522493108,0.99999999104797355,-2.9695823042463765e-05
x103,726,1.0301608579088473,1.7195915389088472,171940.33750098437,0.99989057639867041,0.04011241446725318,9.6725813712746209,0.99997049878991018,0.99999999221489988,-2.9493424989701644e-05
x103,726,1.0301608579088473,1.7195915389088472,171940.33750098437,0.99989057639867041,0.040254154447702833,9.7067601040353075,0.99997070215858164,0.99999999323356015,-2.9291074978510245e-05
x103,726,1.0301608579088473,1.7195915389088472,171940.33750098437,0.99989057639867041,0.040395894428152494,9.7409388367959959,0.99997090534946265,0.99999999412227436,-2.9088772811713959e-05
x103,726,1.0301608579088473,1.7195915389088472,171940.33750098437,0.99989057639867041,0.040537634408602148,9.7751175695566825,0.99997110837887271,0.99999999489716551,-2.8886518292803309e-05
x103,726,1.0301608579088473,1.7195915389088472,171940.33750098437,0.99989057639867041,0.040679374389051809,9.8092963023173709,0.99997131126118244,0.99999999557241748,-2.8684311235038784e-05
x103,726,1.0301608579088473,1.7195915389088472,171940.33750098437,0.99989057639867041,0.04082111436950147,9.8434750350780593,0.99997151400904194,0.99999999616049928,-2.8482151457343008e-05
x103,726,1.0301608579088473,1.7195915389088472,171940.33750098437,0.99989057639867041,0.040962854349951124,9.8776537678387459,0.99997171663358431,0.99999999667236472,-2.8280038780414962e-05
x103,726,1.0301608579088473,1.7195915389088472,171940.33750098437,0.99989057639867041,0.041104594330400784,9.9118325005994343,0.99997191914459971,0.99999999711763066,-2.8077973030948833e-05
x103,726,1.0301608579088473,1.7195915389088472,171940.33750098437,0.99989057639867041,0.041246334310850438,9.9460112333601209,0.99997212155069504,0.99999999750473734,-2.7875954042300144e-05
x103,726,1.0301608579088473,1.7195915389088472,171940.33750098437,0.99989057639867041,0.041388074291300099,9.9801899661208093,0.99997232385943768,0.99999999784108407,-2.7673981646381129e-05
x103,726,1.0301608579088473,1.7195915389088472,171940.33750098437,0.99989057639867041,0.041529814271749753,10.014368698881496,0.99997252607747478,0.99999999813315643,-2.7472055681654339e-05
x103,726,1.0301608579088473,1.7195915389088472,171940.33750098437,0.99989057639867041,0.041671554252199414,10.048547431642184,0.99997272821064243,0.99999999838663434,-2.7270175991911394e-05
x103,726,1.0301608579088473,1.7195915389088472,171940.33750098437,0.99989057639867041,0.041813294232649074,10.082726164402873,0.99997293026406853,0.99999999860648958,-2.7068342421054936e-05
x103,726,1.0301608579088473,1.7195915389088472,171940.33750098437,0.99989057639867041,0.041955034213098728,10.116904897163559,0.99997313224225426,0.9999999987970698,-2.6866554815541122e-05
x103,726,1.0301608579088473,1.7195915389088472,171940.33750098437,0.99989057639867041,0.042096774193548389,10.151083629924248,0.9999733341491519,0.99999999896217751,-2.6664813025600864e-05
x103,726,1.0301608579088473,1.7195915389088472,171940.33750098437,0.99989057639867041,0.042238514173998043,10.185262362684934,0.99997353598822847,0.99999999910513337,-2.6463116904906769e-05
x103,726,1.0301608579088473,1.7195915389088472,171940.33750098437,0.99989057639867041,0.042380254154447704,10.219441095445623,0.99997373776252874,0.99999999922883709,-2.6261466308352688e-05
x103,726,1.0301608579088473,1.7195915389088472,171940.33750098437,0.99989057639867041,0.042521994134897358,10.253619828206309,0.99997393947472535,0.99999999933581907,-2.605986109371905e-05
x103,726,1.0301608579088473,1.7195915389088472,171940.33750098437,0.99989057639867041,0.042663734115347018,10.287798560966998,0.99997414112716676,0.99999999942828577,-2.5858301119008331e-05
x103,726,1.0301608579088473,1.7195915389088472,171940.33750098437,0.99989057639867041,0.042805474095796679,10.321977293727686,0.99997434272191466,0.99999999950815965,-2.5656786244998564e-05
x103,726,1.0301608579088473,1.7195915389088472,171940.33750098437,0.99989057639867041,0.042947214076246333,10.356156026488373,0.99997454426077981,0.99999999957711538,-2.5455316335576406e-05
x103,726,1.0301608579088473,1.7195915389088472,171940.33750098437,0.99989057639867041,0.043088954056695994,10.390334759249061,0.99997474574535494,0.99999999963661113,-2.5253891256182825e-05
x103,726,1.0301608579088473,1.7195915389088472,171940.33750098437,0.99989057639867041,0.043230694037145648,10.424513492009748,0.99997494717704327,0.99999999968791409,-2.5052510870815503e-05
x103,726,1.0301608579088473,1.7195915389088472,171940.33750098437,0.99989057639867041,0.043372434017595309,10.458692224770436,0.99997514855707781,0.99999999973212683,-2.4851175049023233e-05
x103,726,1.0301608579088473,1.7195915389088472,171940.33750098437,0.99989057639867041,0.043514173998044962,10.492870957531123,0.99997534988654657,0.99999999977020759,-2.4649883661020944e-05
x103,726,1.0301608579088473,1.7195915389088472,171940.33750098437,0.99989057639867041,0.043655913978494623,10.527049690291811,0.9999755511664119,0.99999999980298671,-2.4448636574803118e-05
x103,726,1.0301608579088473,1.7195915389088472,171940.33750098437,0.99989057639867041,0.043797653958944284,10.5612284230525,0.99997575239752157,0.99999999983118648,-2.4247433664914553e-05
x103,726,1.0301608579088473,1.7195915389088472,171940.33750098437,0.99989057639867041,0.043939393939393938,10.595407155813186,0.99997595358062763,0.9999999998554322,-2.404627480456778e-05
x103,726,1.0301608579088473,1.7195915389088472,171940.33750098437,0.99989057639867041,0.044081133919843599,10.629585888573875,0.99997615471639978,0.99999999987626609,-2.3845159866309196e-05
x103,726,1.0301608579088473,1.7195915389088472,171940.33750098437,0.99989057639867041,0.044222873900293252,10.663764621334563,0.99997635580542876,0.99999999989415811,-2.3644088729346535e-05
x103,726,1.0301608579088473,1.7195915389088472,171940.33750098437,0.99989057639867041,0.044364613880742913,10.697943354095251,0.99997655684824682,0.99999999990951449,-2.3443061267669485e-05
x103,726,1.0301608579088473,1.7195915389088472,171940.33750098437,0.99989057639867041,0.044506353861192574,10.73212208685594,0.99997675784532569,0.99999999992268662,-2.3242077360929869e-05
x103,726,1.0301608579088473,1.7195915389088472,171940.33750098437,0.99989057639867041,0.044648093841642228,10.766300819616626,0.9999769587970907,0.9999999999339787,-2.3041136888002356e-05
x103,726,1.0301608579088473,1.7195915389088472,171940.33750098437,0.99989057639867041,0.044789833822091889,10.800479552377315,0.99997715970392487,0.99999999994365385,-2.2840239728982858e-05
x103,726,1.0301608579088473,1.7195915389088472,171940.33750098437,0.99989057639867041,0.044931573802541543,10.834658285138001,0.9999773605661717,0.99999999995193845,-2.2639385766742848e-05
x103,726,1.0301608579088473,1.7195915389088472,171940.33750098437,0.99989057639867041,0.045073313782991203,10.86883701789869,0.99997756138414728,0.99999999995902822,-2.2438574880934148e-05
x103,726,1.0301608579088473,1.7195915389088472,171940.33750098437,0.99989057639867041,0.045215053763440857,10.903015750659376,0.99997776215813505,0.99999999996509181,-2.2237806956759698e-05
x103,726,1.0301608579088473,1.7195915389088472,171940.33750098437,0.99989057639867041,0.045356793743890518,10.937194483420065,0.9999779628883968,0.99999999997027511,-2.2037081878312215e-05
x103,726,1.0301608579088473,1.7195915389088472,171940.33750098437,0.99989057639867041,0.045498533724340179,10.971373216180753,0.99997816357517266,0.9999999999747029,-2.1836399530239525e-05
x103,726,1.0301608579088473,1.7195915389088472,171940.33750098437,0.99989057639867041,0.045640273704789833,11.00555194894144,0.99997836421868491,0.99999999997848343,-2.1635759798521725e-05
x103,726,1.0301608579088473,1.7195915389088472,171940.33750098437,0.99989057639867041,0.045782013685239493,11.039730681702128,0.9999785648191386,0.99999999998170952,-2.1435162570915267e-05
x103,726,1.0301608579088473,1.7195915389088472,171940.33750098437,0.99989057639867041,0.045923753665689147,11.073909414462815,0.9999787653767277,0.99999999998446043,-2.1234607732734112e-05
x103,726,1.0301608579088473,1.7195915389088472,171940.33750098437,0.99989057639867041,0.046065493646138808,11.108088147223503,0.99997896589163016,0.99999999998680611,-2.103409517595356e-05
x103,726,1.0301608579088473,1.7195915389088472,171940.33750098437,0.99989057639867041,0.046207233626588462,11.14226687998419,0.99997916636401574,0.99999999998880318,-2.0833624787441885e-05
x103,726,1.0301608579088473,1.7195915389088472,171940.33750098437,0.99989057639867041,0.046348973607038123,11.176445612744878,0.99997936679404564,0.99999999999050337,-2.0633196457731096e-05
x103,726,1.0301608579088473,1.7195915389088472,171940.33750098437,0.99989057639867041,0.046490713587487784,11.210624345505567,0.99997956718187253,0.99999999999194966,-2.0432810077131158e-05
x103,726,1.0301608579088473,1.7195915389088472,171940.33750098437,0.99989057639867041,0.046632453567937437,11.244803078266253,0.99997976752764017,0.99999999999317979,-2.0232465539615774e-05
x103,726,1.0301608579088473,1.7195915389088472,171940.33750098437,0.99989057639867041,0.046774193548387098,11.278981811026942,0.99997996783148957,0.99999999999422451,-2.0032162734939796e-05
x103,726,1.0301608579088473,1.7195915389088472,171940.33750098437,0.99989057639867041,0.046915933528836752,11.313160543787628,0.99998016809355428,0.99999999999511213,-1.9831901557854081e-05
x103,726,1.0301608579088473,1.7195915389088472,171940.33750098437,0.99989057639867041,0.047057673509286413,11.347339276548317,0.99998036831396375,0.99999999999586542,-1.9631681901666198e-05
x103,726,1.0301608579088473,1.7195915389088472,171940.33750098437,0.99989057639867041,0.047199413489736074,11.381518009309005,0.99998056849284322,0.99999999999650468,-1.943150366146007e-05
x103,726,1.0301608579088473,1.7195915389088472,171940.33750098437,0.99989057639867041,0.047341153470185728,11.415696742069692,0.99998076863031515,0.99999999999704636,-1.9231366731209398e-05
x103,726,1.0301608579088473,1.7195915389088472,171940.33750098437,0.99989057639867041,0.047482893450635388,11.44987547483038,0.99998096872649544,0.99999999999750544,-1.903127100999491e-05
x103,726,1.0301608579088473,1.7195915389088472,171940.33750098437,0.99989057639867041,0.047624633431085042,11.484054207591067,0.99998116878150345,0.99999999999789435,-1.8831216390902128e-05
x103,726,1.0301608579088473,1.7195915389088472,171940.33750098437,0.99989057639867041,0.047766373411534703,11.518232940351755,0.99998136879545019,0.99999999999822331,-1.8631202773122801e-05
x103,726,1.0301608579088473,1.7195915389088472,171940.33750098437,0.99989057639867041,0.047908113391984357,11.552411673112442,0.99998156876844779,0.99999999999850153,-1.8431230053739256e-05
x103,726,1.0301608579088473,1.7195915389088472,171940.33750098437,0.99989057639867041,0.048049853372434018,11.58659040587313,0.99998176870060607,0.9999999999987369,-1.8231298130833018e-05
x103,726,1.0301608579088473,1.7195915389088472,171940.33750098437,0.99989057639867041,0.048191593352883678,11.620769138633818,0.99998196859202959,0.99999999999893552,-1.8031406905927305e-05
x103,726,1.0301608579088473,1.7195915389088472,171940.33750098437,0.99989057639867041,0.048333333333333332,11.654947871394507,0.99998216844282728,0.99999999999910338,-1.7831556276104443e-05
x103,726,1.0301608579088473,1.7195915389088472,171940.33750098437,0.99989057639867041,0.048475073313782993,11.689126604155195,0.99998236825310127,0.99999999999924516,-1.7631746143886851e-05
x103,726,1.0301608579088473,1.7195915389088472,171940.33750098437,0.99989057639867041,0.048616813294232647,11.723305336915882,0.99998256802295604,0.99999999999936462,-1.7431976408577299e-05
x103,726,1.0301608579088473,1.7195915389088472,171940.33750098437,0.99989057639867041,0.048758553274682308,11.75748406967657,0.99998276775249362,0.99999999999946532,-1.7232246971699006e-05
x103,726,1.0301608579088473,1.7195915389088472,171940.33750098437,0.99989057639867041,0.048900293255131962,11.791662802437257,0.99998296744181348,0.99999999999955003,-1.7032557736551546e-05
x103,726,1.0301608579088473,1.7195915389088472,171940.33750098437,0.99989057639867041,0.049042033235581622,11.825841535197945,0.99998316709101542,0.99999999999962164,-1.6832908606212449e-05
x103,726,1.0301608579088473,1.7195915389088472,171940.33750098437,0.99989057639867041,0.049183773216031283,11.860020267958634,0.99998336670020049,0.99999999999968159,-1.663329948109471e-05
x103,726,1.0301608579088473,1.7195915389088472,171940.33750098437,0.99989057639867041,0.049325513196480937,11.89419900071932,0.99998356626946416,0.99999999999973221,-1.6433730268050617e-05
x103,726,1.0301608579088473,1.7195915389088472,171940.33750098437,0.99989057639867041,0.049467253176930598,11.928377733480009,0.99998376579890458,0.9999999999997744,-1.6234200869824633e-05
x103,726,1.0301608579088473,1.7195915389088472,171940.33750098437,0.99989057639867041,0.049608993157380252,11.962556466240695,0.99998396528861888,0.99999999999981015,-1.6034711191270645e-05
x103,726,1.0301608579088473,1.7195915389088472,171940.33750098437,0.99989057639867041,0.049750733137829913,11.996735199001384,0.99998416473870189,0.99999999999984024,-1.5835261138352763e-05
x139,979,1.389651474530831,2.079082155530831,207883.8444666616,0.99988277958926897,0,0,0,0,0
x139,979,1.389651474530831,2.079082155530831,207883.8444666616,0.99988277958926897,0.00014173998044965787,0.031083583958793539,0.01031806252168028,0.010321529944217991,-3.4674225377114704e-06
x139,979,1.389651474530831,2.079082155530831,207883.8444666616,0.99988277958926897,0.00028347996089931574,0.062167167917587078,0.020636467447514937,0.020643029863606933,-6.5624160919958152e-06
x139,979,1.389651474530831,2.079082155530831,207883.8444666616,0.99988277958926897,0.00042521994134897361,0.093250751876380614,0.030955031756312288,0.030964422561067916,-9.3908047556282015e-06
x139,979,1.389651474530831,2.079082155530831,207883.8444666616,0.99988277958926897,0.00056695992179863148,0.12433433583517416,0.041273557300506879,0.041285579382548142,-1.2022082041263094e-05
x139,979,1.389651474530831,2.079082155530831,207883.8444666616,0.99988277958926897,0.00070869990224828934,0.15541791979396768,0.051591820228026455,0.051606320226448579,-1.4499998422123905e-05
x139,979,1.389651474530831,2.079082155530831,207883.8444666616,0.99988277958926897,0.00085043988269794721,0.18650150375276123,0.061909566662259836,0.061926413504784054,-1.6846842524217975e-05
x139,979,1.389651474530831,2.079082155530831,207883.8444666616,0.99988277958926897,0.00099217986314760519,0.2175850877115548,0.072226504382528325,0.072245576287336577,-1.9071904808251605e-05
x139,979,1.389651474530831,2.079082155530831,207883.8444666616,0.99988277958926897,0.001133919843597263,0.24866867167034831,0.082542297414420415,0.082563474280991533,-2.1176866571118169e-05
x139,979,1.389651474530831,2.079082155530831,207883.8444666616,0.99988277958926897,0.0012756598240469209,0.27975225562914185,0.092856561590526118,0.092879721888388847,-2.3160297862728774e-05
x139,979,1.389651474530831,2.079082155530831,207883.8444666616,0.99988277958926897,0.0014173998044965787,0.31083583958793537,0.10316886204255396,0.10319388229494818,-2.5020252394217235e-05
x139,979,1.389651474530831,2.079082155530831,207883.8444666616,0.99988277958926897,0.0015591397849462367,0.34191942354672894,0.11347871183411773,0.11350546741554342,-2.6755581425688679e-05
x139,979,1.389651474530831,2.079082155530831,207883.8444666616,0.99988277958926897,0.0017008797653958944,0.37300300750552245,0.12378557156599175,0.1238139383474888,-2.836678149704952e-05
x139,979,1.389651474530831,2.079082155530831,207883.8444666616,0.99988277958926897,0.0018426197458455524,0.40408659146431603,0.13408884951394795,0.13411870538865034,-2.9855874702389151e-05
x139,979,1.389651474530831,2.079082155530831,207883.8444666616,0.99988277958926897,0.0019843597262952104,0.4351701754231096,0.14438790207935237,0.14441912813454352,-3.1226055191152513e-05
x139,979,1.389651474530831,2.079082155530831,207883.8444666616,0.99988277958926897,0.0021260997067448681,0.46625375938190311,0.15468203435609687,0.15471451575538392,-3.248139928704874e-05
x139,979,1.389651474530831,2.079082155530831,207883.8444666616,0.99988277958926897,0.0022678396871945259,0.49733734334069662,0.16497050072052341,0.16500412699661335,-3.3626276089937512e-05
x139,979,1.389651474530831,2.079082155530831,207883.8444666616,0.99988277958926897,0.0024095796676441837,0.5284209272994902,0.17525250539377307,0.1752871709268819,-3.4665533108824143e-05
x139,979,1.389651474530831,2.079082155530831,207883.8444666616,0.99988277958926897,0.0025513196480938419,0.55950451125828371,0.18552720296776756,0.18556280731565222,-3.5604347884660159e-05
x139,979,1.389651474530831,2.079082155530831,207883.8444666616,0.99988277958926897,0.0026930596285434996,0.59058809521707722,0.19579369890382059,0.1958301465810505,-3.644767722990605e-05
x139,979,1.389651474530831,2.079082155530831,207883.8444666616,0.99988277958926897,0.0028347996089931574,0.62167167917587074,0.20605105002257765,0.20608825040868792,-3.7200386110269879e-05
x139,979,1.389651474530831,2.079082155530831,207883.8444666616,0.99988277958926897,0.0029765395894428151,0.65275526313466425,0.2162982650050751,0.21633613191387677,-3.7866908801670318e-05
x139,979,1.389651474530831,2.079082155530831,207883.8444666616,0.99988277958926897,0.0031182795698924733,0.68383884709345788,0.22653430492242727,0.22657275649589223,-3.8451573464964861e-05
x139,979,1.389651474530831,2.079082155530831,207883.8444666616,0.99988277958926897,0.0032600195503421311,0.71492243105225139,0.23675808380773078,0.23679704314293254,-3.8959335201760315e-05
x139,979,1.389651474530831,2.079082155530831,207883.8444666616,0.99988277958926897,0.0034017595307917889,0.74600601501104491,0.24696846927978325,0.24700786387067658,-3.9394590893332415e-05
x139,979,1.389651474530831,2.079082155530831,207883.8444666616,0.99988277958926897,0.0035434995112414466,0.77708959896983842,0.25716428322489965,0.25720404486909487,-3.9761644195224211e-05
x139,979,1.389651474530831,2.079082155530831,207883.8444666616,0.99988277958926897,0.0036852394916911048,0.80817318292863205,0.26734430254065128,0.26738436696883516,-4.006442818388356e-05
x139,979,1.389651474530831,2.079082155530831,207883.8444666616,0.99988277958926897,0.0038269794721407626,0.83925676688742556,0.27750725994376269,0.2775475662400137,-4.0306296251013674e-05
x139,979,1.389651474530831,2.079082155530831,207883.8444666616,0.99988277958926897,0.0039687194525904208,0.87034035084621919,0.28765184484347933,0.28769233702365821,-4.0492180178874904e-05
x139,979,1.389651474530831,2.079082155530831,207883.8444666616,0.99988277958926897,0.0041104594330400781,0.90142393480501259,0.29777670428126202,0.29781733033334679,-4.0626052084768993e-05
x139,979,1.389651474530831,2.079082155530831,207883.8444666616,0.99988277958926897,0.0042521994134897363,0.93250751876380622,0.30788044393751379,0.30792115574325457,-4.0711805740778484e-05
x139,979,1.389651474530831,2.079082155530831,207883.8444666616,0.99988277958926897,0.0043939393939393936,0.96359110272259962,0.31796162920599508,0.31800238232839628,-4.0753122401204767e-05
x139,979,1.389651474530831,2.079082155530831,207883.8444666616,0.99988277958926897,0.0045356793743890518,0.99467468668139325,0.32801878633662224,0.32805953848031677,-4.0752143694533505e-05
x139,979,1.389651474530831,2.079082155530831,207883.8444666616,0.99988277958926897,0.00467741935483871,1.0257582706401869,0.33805040364731564,0.33809111766847533,-4.0714021159682368e-05
x139,979,1.389651474530831,2.079082155530831,207883.8444666616,0.99988277958926897,0.0048191593352883673,1.0568418545989804,0.348054932805549,0.34809557512088946,-4.0642315340455593e-05
x139,979,1.389651474530831,2.079082155530831,207883.8444666616,0.99988277958926897,0.0049608993157380255,1.0879254385577739,0.35803079018012202,0.35807133068358171,-4.0540503459696176e-05
x139,979,1.389651474530831,2.079082155530831,207883.8444666616,0.99988277958926897,0.0051026392961876837,1.1190090225165674,0.36797635826357061,0.36801677024249985,-4.0411978929233427e-05
x139,979,1.389651474530831,2.079082155530831,207883.8444666616,0.99988277958926897,0.005244379276637341,1.1500926064753609,0.37788998716541555,0.37793024497265404,-4.0257807238486265e-05
x139,979,1.389651474530831,2.079082155530831,207883.8444666616,0.99988277958926897,0.0053861192570869992,1.1811761904341544,0.3877699961762715,0.38781007920654309,-4.0083030271587106e-05
x139,979,1.389651474530831,2.079082155530831,207883.8444666616,0.99988277958926897,0.0055278592375366566,1.212259774392948,0.39761467540258311,0.39765456636365781,-3.9890961074706688e-05
x139,979,1.389651474530831,2.079082155530831,207883.8444666616,0.99988277958926897,0.0056695992179863148,1.2433433583517415,0.40742228747154102,0.40746197212051255,-3.9684648971527459e-05
x139,979,1.389651474530831,2.079082155530831,207883.8444666616,0.99988277958926897,0.0058113391984359729,1.2744269423105352,0.41719106930545552,0.41723053636360524,-3.9467058149722511e-05
x139,979,1.389651474530831,2.079082155530831,207883.8444666616,0.99988277958926897,0.0059530791788856303,1.3055105262693285,0.42691923396463166,0.42695847267378678,-3.923870915512051e-05
x139,979,1.389651474530831,2.079082155530831,207883.8444666616,0.99988277958926897,0.0060948191593352885,1.3365941102281222,0.43660497255752334,0.43664397636479296,-3.9003807269621937e-05
x139,979,1.389651474530831,2.079082155530831,207883.8444666616,0.99988277958926897,0.0062365591397849467,1.3676776941869158,0.44624645621668274,0.44628522194910036,-3.8765732417622711e-05
x139,979,1.389651474530831,2.079082155530831,207883.8444666616,0.99988277958926897,0.006378299120234604,1.3987612781457093,0.45584183813876783,0.45588036523546033,-3.8527096692497764e-05
x139,979,1.389651474530831,2.079082155530831,207883.8444666616,0.99988277958926897,0.0065200391006842622,1.4298448621045028,0.46538925568659989,0.4654275461092659,-3.8290422666009682e-05
x139,979,1.389651474530831,2.079082155530831,207883.8444666616,0.99988277958926897,0.0066617790811339195,1.4609284460632963,0.47488683255100811,0.4749248883944191,-3.8055843410988999e-05
x139,979,1.389651474530831,2.079082155530831,207883.8444666616,0.99988277958926897,0.0068035190615835777,1.4920120300220898,0.48433268096992743,0.48437050730296682,-3.7826333039392424e-05
x139,979,1.389651474530831,2.079082155530831,207883.8444666616,0.99988277958926897,0.0069452590420332359,1.5230956139808836,0.49372490400196378,0.49376250952438949,-3.7605522425709914e-05
x139,979,1.389651474530831,2.079082155530831,207883.8444666616,0.99988277958926897,0.0070869990224828932,1.5541791979396768,0.50306159785136761,0.50309899340959041,-3.7395558222796943e-05
x139,979,1.389651474530831,2.079082155530831,207883.8444666616,0.99988277958926897,0.0072287390029325514,1.5852627818984706,0.51234085424112152,0.51237805273022674,-3.7198489105216836e-05
x139,979,1.389651474530831,2.079082155530831,207883.8444666616,0.99988277958926897,0.0073704789833822096,1.6163463658572641,0.52156076283056529,0.52159777705430732,-3.7014223742026786e-05
x139,979,1.389651474530831,2.079082155530831,207883.8444666616,0.99988277958926897,0.0075122189638318669,1.6474299498160576,0.53071941367376363,0.53075625773222068,-3.6844058457052853e-05
x139,979,1.389651474530831,2.079082155530831,207883.8444666616,0.99988277958926897,0.0076539589442815251,1.6785135337748511,0.53981489971456509,0.53985159176369168,-3.6692049126596515e-05
x139,979,1.389651474530831,2.079082155530831,207883.8444666616,0.99988277958926897,0.0077956989247311825,1.7095971177336446,0.54884531931406932,0.54888187914658837,-3.6559832519045266e-05
x139,979,1.389651474530831,2.079082155530831,207883.8444666616,0.99988277958926897,0.0079374389051808415,1.7406807016924384,0.55780877880599966,0.55784522774328738,-3.6448937287714145e-05
x139,979,1.389651474530831,2.079082155530831,207883.8444666616,0.99988277958926897,0.0080791788856304989,1.7717642856512319,0.56670339507526546,0.566739754289311,-3.6359214045544874e-05
x139,979,1.389651474530831,2.079082155530831,207883.8444666616,0.99988277958926897,0.0082209188660801562,1.8028478696100252,0.57552729815479564,0.57556358797330021,-3.6289818504564586e-05
x139,979,1.389651474530831,2.079082155530831,207883.8444666616,0.99988277958926897,0.0083626588465298135,1.8339314535688187,0.58427863383553491,0.58431487923148473,-3.6245395949818793e-05
x139,979,1.389651474530831,2.079082155530831,207883.8444666616,0.99988277958926897,0.0085043988269794726,1.8650150375276124,0.59295556628432222,0.59299179331253782,-3.6227028215596313e-05
x139,979,1.389651474530831,2.079082155530831,207883.8444666616,0.99988277958926897,0.0086461388074291299,1.896098621486406,0.60155628066420785,0.60159251634540856,-3.623568120070253e-05
x139,979,1.389651474530831,2.079082155530831,207883.8444666616,0.99988277958926897,0.0087878787878787872,1.9271822054451992,0.61007898575163799,0.6101152570741688,-3.6271322530812e-05
x139,979,1.389651474530831,2.079082155530831,207883.8444666616,0.99988277958926897,0.0089296187683284463,1.9582657894039932,0.61852191654477329,0.61855824707997986,-3.6330535206574588e-05
x139,979,1.389651474530831,2.079082155530831,207883.8444666616,0.99988277958926897,0.0090713587487781036,1.9893493733627865,0.62688333685715947,0.62691975557170276,-3.6418714543295927e-05
x139,979,1.389651474530831,2.079082155530831,207883.8444666616,0.99988277958926897,0.0092130987292277609,2.0204329573215798,0.63516154189080676,0.63519807825337637,-3.6536362569616898e-05
x139,979,1.389651474530831,2.079082155530831,207883.8444666616,0.99988277958926897,0.00935483870967742,2.0515165412803738,0.64335486078274595,0.64339154464673665,-3.6683863990694121e-05
x139,979,1.389651474530831,2.079082155530831,207883.8444666616,0.99988277958926897,0.0094965786901270773,2.0826001252391673,0.65146165911900522,0.65149852060582825,-3.686148682302548e-05
x139,979,1.389651474530831,2.079082155530831,207883.8444666616,0.99988277958926897,0.0096383186705767347,2.1136837091979608,0.65948034140999423,0.65951740431917816,-3.7062909183926962e-05
x139,979,1.389651474530831,2.079082155530831,207883.8444666616,0.99988277958926897,0.0097800586510263937,2.1447672931567543,0.66740935352122943,0.66744664793855513,-3.7294417325695051e-05
x139,979,1.389651474530831,2.079082155530831,207883.8444666616,0.99988277958926897,0.009921798631476051,2.1758508771155478,0.67524718505336978,0.67528474100719627,-3.7555953826484689e-05
x139,979,1.389651474530831,2.079082155530831,207883.8444666616,0.99988277958926897,0.010063538611925708,2.2069344610743413,0.68299237166560134,0.68303021901049177,-3.7847344890429291e-05
x139,979,1.389651474530831,2.079082155530831,207883.8444666616,0.99988277958926897,0.010205278592375367,2.2380180450331348,0.69064349733641761,0.69068166564624223,-3.8168309824615498e-05
x139,979,1.389651474530831,2.079082155530831,207883.8444666616,0.99988277958926897,0.010347018572825025,2.2691016289919284,0.69819919655598783,0.69823770911155825,-3.8512555570413554e-05
x139,979,1.389651474530831,2.079082155530831,207883.8444666616,0.99988277958926897,0.010488758553274682,2.3001852129507219,0.70565815644439023,0.70569704069756978,-3.8884253179549688e-05
x139,979,1.389651474530831,2.079082155530831,207883.8444666616,0.99988277958926897,0.010630498533724339,2.3312687969095154,0.71301911879011992,0.71305840269239118,-3.9283902271258775e-05
x139,979,1.389651474530831,2.079082155530831,207883.8444666616,0.99988277958926897,0.010772238514173998,2.3623523808683089,0.72028088200345797,0.72032059284480354,-3.9710841345574899e-05
x139,979,1.389651474530831,2.079082155530831,207883.8444666616,0.99988277958926897,0.010913978494623656,2.3934359648271024,0.72744230297945944,0.72748246730072341,-4.0164321263969072e-05
x139,979,1.389651474530831,2.079082155530831,207883.8444666616,0.99988277958926897,0.011055718475073313,2.4245195487858959,0.73450229886552099,0.73454293725805997,-4.0638392538983048e-05
x139,979,1.389651474530831,2.079082155530831,207883.8444666616,0.99988277958926897,0.011197458455522972,2.4556031327446899,0.74145984872872728,0.74150098358603356,-4.1134857306279748e-05
x139,979,1.389651474530831,2.079082155530831,207883.8444666616,0.99988277958926897,0.01133919843597263,2.486686716703483,0.74831399511840224,0.74835565013017313,-4.165501177089137e-05
x139,979,1.389651474530831,2.079082155530831,207883.8444666616,0.99988277958926897,0.011480938416422287,2.5177703006622765,0.75506384551959038,0.75510604334006193,-4.2197820471545633e-05
x139,979,1.389651474530831,2.079082155530831,207883.8444666616,0.99988277958926897,0.011622678396871946,2.5488538846210704,0.76170857369344891,0.76175133588006105,-4.2762186612144149e-05
x139,979,1.389651474530831,2.079082155530831,207883.8444666616,0.99988277958926897,0.011764418377321603,2.5799374685798639,0.76824742090085107,0.76829076372066507,-4.3342819813996236e-05
x139,979,1.389651474530831,2.079082155530831,207883.8444666616,0.99988277958926897,0.011906158357771261,2.611021052538657,0.77467969700584005,0.77472363602645511,-4.3939020615058055e-05
x139,979,1.389651474530831,2.079082155530831,207883.8444666616,0.99988277958926897,0.01204789833822092,2.642104636497451,0.78100478145586483,0.78104933455640269,-4.4553100537858548e-05
x139,979,1.389651474530831,2.079082155530831,207883.8444666616,0.99988277958926897,0.012189638318670577,2.6731882204562445,0.78722212413614356,0.78726730792673072,-4.5183790587155492e-05
x139,979,1.389651474530831,2.079082155530831,207883.8444666616,0.99988277958926897,0.012331378299120234,2.704271804415038,0.79333124609580152,0.79337707588534356,-4.5829789542040089e-05
x139,979,1.389651474530831,2.079082155530831,207883.8444666616,0.99988277958926897,0.012473118279569893,2.7353553883738315,0.79933174014386144,0.79937822689496818,-4.6486751106744606e-05
x139,979,1.389651474530831,2.079082155530831,207883.8444666616,0.99988277958926897,0.012614858260019551,2.766438972332625,0.80522327131351046,0.80527042277370597,-4.715146019551586e-05
x139,979,1.389651474530831,2.079082155530831,207883.8444666616,0.99988277958926897,0.012756598240469208,2.7975225562914185,0.81100557719347199,0.81105340460542785,-4.7827411955858601e-05
x139,979,1.389651474530831,2.079082155530831,207883.8444666616,0.99988277958926897,0.012898338220918865,2.8286061402502121,0.81667846812572964,0.81672698137368949,-4.8513247959847128e-05
x139,979,1.389651474530831,2.079082155530831,207883.8444666616,0.99988277958926897,0.013040078201368524,2.8596897242090056,0.82224182726922179,0.82229103487390742,-4.9207604685630457e-05
x139,979,1.389651474530831,2.079082155530831,207883.8444666616,0.99988277958926897,0.013181818181818182,2.8907733081677991,0.8276956105295501,0.82774551783208272,-4.9907302532625764e-05
x139,979,1.389651474530831,2.079082155530831,207883.8444666616,0.99988277958926897,0.013323558162267839,2.9218568921265926,0.83303984635514217,0.83309045305807394,-5.0606702931776937e-05
x139,979,1.389651474530831,2.079082155530831,207883.8444666616,0.99988277958926897,0.013465298142717498,2.9529404760853866,0.8382746354007411,0.83832594597712018,-5.1310576379082207e-05
x139,979,1.389651474530831,2.079082155530831,207883.8444666616,0.99988277958926897,0.013607038123167155,2.9840240600441796,0.84340015005943991,0.84345216766011588,-5.2017600675968723e-05
x139,979,1.389651474530831,2.079082155530831,207883.8444666616,0.99988277958926897,0.013748778103616813,3.0151076440029732,0.84841663386494104,0.84846936033511555,-5.2726470174513373e-05
x139,979,1.389651474530831,2.079082155530831,207883.8444666616,0.99988277958926897,0.013890518084066472,3.0461912279617671,0.85332440076607607,0.85337783607524076,-5.3435309164684419e-05
x139,979,1.389651474530831,2.079082155530831,207883.8444666616,0.99988277958926897,0.014032258064516129,3.0772748119205606,0.8581238342760007,0.85817797051470679,-5.4136238706092854e-05
x139,979,1.389651474530831,2.079082155530831,207883.8444666616,0.99988277958926897,0.014173998044965786,3.1083583958793537,0.862815386498887,0.8628702218048192,-5.4835305932199319e-05
x139,979,1.389651474530831,2.079082155530831,207883.8444666616,0.99988277958926897,0.014315738025415446,3.1394419798381477,0.86739957703724535,0.86745510835635342,-5.5531319108070853e-05
x139,979,1.389651474530831,2.079082155530831,207883.8444666616,0.99988277958926897,0.014457478005865103,3.1705255637969412,0.87187699178342104,0.87193321490149822,-5.6223118077181056e-05
x139,979,1.389651474530831,2.079082155530831,207883.8444666616,0.99988277958926897,0.01459921798631476,3.2016091477557347,0.87624828159909074,0.87630519117570904,-5.6909576618302538e-05
x139,979,1.389651474530831,2.079082155530831,207883.8444666616,0.99988277958926897,0.014740957966764419,3.2326927317145282,0.88051416088692702,0.88057174352077905,-5.7582633852026888e-05
x139,979,1.389651474530831,2.079082155530831,207883.8444666616,0.99988277958926897,0.014882697947214077,3.2637763156733217,0.88467540605891026,0.88473365378952828,-5.8247730618021798e-05
x139,979,1.389651474530831,2.079082155530831,207883.8444666616,0.99988277958926897,0.015024437927663734,3.2948598996321152,0.8887328539060213,0.88879175837246915,-5.8904466447851078e-05
x139,979,1.389651474530831,2.079082155530831,207883.8444666616,0.99988277958926897,0.015166177908113391,3.3259434835909087,0.89268739987434653,0.89274695175730789,-5.9551882961361713e-05
x139,979,1.389651474530831,2.079082155530831,207883.8444666616,0.99988277958926897,0.01530791788856305,3.3570270675497023,0.89653999625283398,0.896600185317038,-6.018906420401926e-05
x139,979,1.389651474530831,2.079082155530831,207883.8444666616,0.99988277958926897,0.015449657869012708,3.3881106515084958,0.90029165027818991,0.90035245987337797,-6.0809595188060506e-05
x139,979,1.389651474530831,2.079082155530831,207883.8444666616,0.99988277958926897,0.015591397849462365,3.4191942354672893,0.90394342216257872,0.90400483881727101,-6.1416654692281192e-05
x139,979,1.389651474530831,2.079082155530831,207883.8444666616,0.99988277958926897,0.015733137829912022,3.4502778194260828,0.90749642304996958,0.90755843421905791,-6.2011169088327378e-05
x139,979,1.389651474530831,2.079082155530831,207883.8444666616,0.99988277958926897,0.015874877810361683,3.4813614033848768,0.91095181290713922,0.91101440532108702,-6.2592413947792913e-05
x139,979,1.389651474530831,2.079082155530831,207883.8444666616,0.99988277958926897,0.01601661779081134,3.5124449873436703,0.91431079835542728,0.91437395806725652,-6.3159711829241516e-05
x139,979,1.389651474530831,2.079082155530831,207883.8444666616,0.99988277958926897,0.016158357771260998,3.5435285713024638,0.91757463044947363,0.91763833871829659,-6.3708268822959546e-05
x139,979,1.389651474530831,2.079082155530831,207883.8444666616,0.99988277958926897,0.016300097751710655,3.5746121552612569,0.92074460240923728,0.92080884160998799,-6.423920075071532e-05
x139,979,1.389651474530831,2.079082155530831,207883.8444666616,0.99988277958926897,0.016441837732160312,3.6056957392200504,0.923822047311607,0.92388680195316097,-6.4754641553976811e-05
x139,979,1.389651474530831,2.079082155530831,207883.8444666616,0.99988277958926897,0.01658357771260997,3.6367793231788439,0.92680833574799926,0.92687358986228885,-6.525411428959238e-05
x139,979,1.389651474530831,2.079082155530831,207883.8444666616,0.99988277958926897,0.016725317693059627,3.6678629071376374,0.92970487345427022,0.92977061064436817,-6.573719009794754e-05
x139,979,1.389651474530831,2.079082155530831,207883.8444666616,0.99988277958926897,0.016867057673509288,3.6989464910964314,0.93251309891930045,0.9325792995211154,-6.6200601814947468e-05
x139,979,1.389651474530831,2.079082155530831,207883.8444666616,0.99988277958926897,0.017008797653958945,3.7300300750552249,0.9352344809785279,0.93530112464646264,-6.6643667934740414e-05
x139,979,1.389651474530831,2.079082155530831,207883.8444666616,0.99988277958926897,0.017150537634408602,3.7611136590140184,0.93787051639862207,0.93793758595787069,-6.7069559248622568e-05
x139,979,1.389651474530831,2.079082155530831,207883.8444666616,0.99988277958926897,0.01729227761485826,3.7921972429728119,0.940422727459442,0.94049020550125473,-6.747804181272965e-05
x139,979,1.389651474530831,2.079082155530831,207883.8444666616,0.99988277958926897,0.017434017595307917,3.8232808269316054,0.94289265953924184,0.94296052846632672,-6.7868927084879793e-05
x139,979,1.389651474530831,2.079082155530831,207883.8444666616,0.99988277958926897,0.017575757575757574,3.8543644108903985,0.94528187870901015,0.94535011903085775,-6.8240321847601315e-05
x139,979,1.389651474530831,2.079082155530831,207883.8444666616,0.99988277958926897,0.017717497556207235,3.8854479948491929,0.94759196934161705,0.94766055939542304,-6.85900538059947e-05
x139,979,1.389651474530831,2.079082155530831,207883.8444666616,0.99988277958926897,0.017859237536656893,3.9165315788079864,0.94982453174131798,0.94989345386165125,-6.8922120333270165e-05
x139,979,1.389651474530831,2.079082155530831,207883.8444666616,0.99988277958926897,0.01800097751710655,3.9476151627667795,0.9519811797989276,0.95205041630558418,-6.9236506656578101e-05
x139,979,1.389651474530831,2.079082155530831,207883.8444666616,0.99988277958926897,0.018142717497556207,3.978698746725573,0.95406353867779925,0.954133071914676,-6.9533236876750948e-05
x139,979,1.389651474530831,2.079082155530831,207883.8444666616,0.99988277958926897,0.018284457478005865,4.0097823306843665,0.95607324253551229,0.95614305412849532,-6.9811592983026749e-05
x139,979,1.389651474530831,2.079082155530831,207883.8444666616,0.99988277958926897,0.018426197458455522,4.0408659146431596,0.95801193228592774,0.95808200051909065,-7.0068233162912108e-05
x139,979,1.389651474530831,2.079082155530831,207883.8444666616,0.99988277958926897,0.018567937438905179,4.0719494986019535,0.95988125340605046,0.95995156115173308,-7.0307745682618439e-05
x139,979,1.389651474530831,2.079082155530831,207883.8444666616,0.99988277958926897,0.01870967741935484,4.1030330825607475,0.96168285379184415,0.96175338408516853,-7.053029332437788e-05
x139,979,1.389651474530831,2.079082155530831,207883.8444666616,0.99988277958926897,0.018851417399804497,4.1341166665195406,0.96341838166692129,0.96348911773516599,-7.0736068244703354e-05
x139,979,1.389651474530831,2.079082155530831,207883.8444666616,0.99988277958926897,0.018993157380254155,4.1652002504783345,0.96508948354772706,0.9651604088377036,-7.0925289976542238e-05
x139,979,1.389651474530831,2.079082155530831,207883.8444666616,0.99988277958926897,0.019134897360703812,4.1962838344371276,0.96669780226857727,0.96676889606028027,-7.1093791703003006e-05
x139,979,1.389651474530831,2.079082155530831,207883.8444666616,0.99988277958926897,0.019276637341153469,4.2273674183959216,0.96824497506961893,0.96831622154971808,-7.124648009915191e-05
x139,979,1.389651474530831,2.079082155530831,207883.8444666616,0.99988277958926897,0.019418377321603127,4.2584510023547146,0.96973263175051405,0.96980401540278793,-7.1383652273881992e-05
x139,979,1.389651474530831,2.079082155530831,207883.8444666616,0.99988277958926897,0.019560117302052787,4.2895345863135086,0.97116239289234307,0.97123389850654074,-7.1505614197664435e-05
x139,979,1.389651474530831,2.079082155530831,207883.8444666616,0.99988277958926897,0.019701857282502445,4.3206181702723025,0.97253586814994297,0.97260748083839221,-7.1612688449240736e-05
x139,979,1.389651474530831,2.079082155530831,207883.8444666616,0.99988277958926897,0.019843597262952102,4.3517017542310956,0.97385465461662957,0.97392635658832682,-7.1701971697257783e-05
x139,979,1.389651474530831,2.079082155530831,207883.8444666616,0.99988277958926897,0.019985337243401759,4.3827853381898887,0.97512033526294994,0.97519211192771671,-7.177666476676503e-05
x139,979,1.389651474530831,2.079082155530831,207883.8444666616,0.99988277958926897,0.020127077223851417,4.4138689221486826,0.97633447745083446,0.97640631519266285,-7.1837741828395529e-05
x139,979,1.389651474530831,2.079082155530831,207883.8444666616,0.99988277958926897,0.020268817204301074,4.4449525061074757,0.97749863152425287,0.97757051709260079,-7.1885568347918039e-05
x139,979,1.389651474530831,2.079082155530831,207883.8444666616,0.99988277958926897,0.020410557184750735,4.4760360900662697,0.97861432947721883,0.97868624999382892,-7.1920516610091134e-05
x139,979,1.389651474530831,2.079082155530831,207883.8444666616,0.99988277958926897,0.020552297165200392,4.5071196740250636,0.97968308369968871,0.97975502439617579,-7.1940696487082789e-05
x139,979,1.389651474530831,2.079082155530831,207883.8444666616,0.99988277958926897,0.02069403714565005,4.5382032579838567,0.98070638580169089,0.9807783337198297,-7.1947918138803857e-05
x139,979,1.389651474530831,2.079082155530831,207883.8444666616,0.99988277958926897,0.020835777126099707,4.5692868419426507,0.9816857055157393,0.9817576491279687,-7.1943612229397047e-05
x139,979,1.389651474530831,2.079082155530831,207883.8444666616,0.99988277958926897,0.020977517106549364,4.6003704259014437,0.98262248967737253,0.98269441783492728,-7.1928157554745908e-05
x139,979,1.389651474530831,2.079082155530831,207883.8444666616,0.99988277958926897,0.021119257086999021,4.6314540098602368,0.98351816128341796,0.98359006321560549,-7.1901932187534712e-05
x139,979,1.389651474530831,2.079082155530831,207883.8444666616,0.99988277958926897,0.021260997067448679,4.6625375938190308,0.98437411862735191,0.98444598245359494,-7.1863826243023787e-05
x139,979,1.389651474530831,2.079082155530831,207883.8444666616,0.99988277958926897,0.02140273704789834,4.6936211777778247,0.98519173451095743,0.98526354907406888,-7.1814563111449736e-05
x139,979,1.389651474530831,2.079082155530831,207883.8444666616,0.99988277958926897,0.021544477028347997,4.7247047617366178,0.98597235553124107,0.9860441113700259,-7.1755838784826054e-05
x139,979,1.389651474530831,2.079082155530831,207883.8444666616,0.99988277958926897,0.021686217008797654,4.7557883456954118,0.98671730144140257,0.98678898945340077,-7.1688011998194412e-05
x139,979,1.389651474530831,2.079082155530831,207883.8444666616,0.99988277958926897,0.021827956989247312,4.7868719296542048,0.98742786458449716,0.98749947602037769,-7.161143588052532e-05
x139,979,1.389651474530831,2.079082155530831,207883.8444666616,0.99988277958926897,0.021969696969696969,4.8179555136129988,0.98810530939823749,0.98817683497465414,-7.1525576416653358e-05
x139,979,1.389651474530831,2.079082155530831,207883.8444666616,0.99988277958926897,0.022111436950146626,4.8490390975717919,0.98875087198924694,0.98882230234063662,-7.143035138967857e-05
x139,979,1.389651474530831,2.079082155530831,207883.8444666616,0.99988277958926897,0.022253176930596287,4.8801226815305858,0.98936575977495822,0.9894370873419579,-7.1327566999679348e-05
x139,979,1.389651474530831,2.079082155530831,207883.8444666616,0.99988277958926897,0.022394916911045944,4.9112062654893798,0.98995115119118393,0.99002236873311844,-7.1217541934509576e-05
x139,979,1.389651474530831,2.079082155530831,207883.8444666616,0.99988277958926897,0.022536656891495602,4.9422898494481728,0.99050819546332036,0.99057929605012296,-7.1100586802597121e-05
x139,979,1.389651474530831,2.079082155530831,207883.8444666616,0.99988277958926897,0.022678396871945259,4.9733734334069659,0.99103801243901668,0.99110898901165023,-7.097657263355206e-05
x139,979,1.389651474530831,2.079082155530831,207883.8444666616,0.99988277958926897,0.022820136852394916,5.0044570173657599,0.99154169248006119,0.99161253734055732,-7.0844860496133144e-05
x139,979,1.389651474530831,2.079082155530831,207883.8444666616,0.99988277958926897,0.022961876832844574,5.0355406013245529,0.99202029641117107,0.99209100365983183,-7.0707248660761834e-05
x139,979,1.389651474530831,2.079082155530831,207883.8444666616,0.99988277958926897,0.023103616813294231,5.0666241852833469,0.99247485552329073,0.99254541953035935,-7.056400706861865e-05
x139,979,1.389651474530831,2.079082155530831,207883.8444666616,0.99988277958926897,0.023245356793743892,5.0977077692421409,0.99290637162896256,0.9929767870258811,-7.0415396918543927e-05
x139,979,1.389651474530831,2.079082155530831,207883.8444666616,0.99988277958926897,0.023387096774193549,5.1287913532009339,0.99331581716729578,0.99338607872451923,-7.0261557223449955e-05
x139,979,1.389651474530831,2.079082155530831,207883.8444666616,0.99988277958926897,0.023528836754643206,5.1598749371597279,0.9937041353560202,0.99377423685844157,-7.0101502421371364e-05
x139,979,1.389651474530831,2.079082155530831,207883.8444666616,0.99988277958926897,0.023670576735092864,5.190958521118521,0.99407224038809028,0.9941421773269663,-6.9936938876025145e-05
x139,979,1.389651474530831,2.079082155530831,207883.8444666616,0.99988277958926897,0.023812316715542521,5.222042105077314,0.99442101767030278,0.99449078575736549,-6.9768087062715978e-05
x139,979,1.389651474530831,2.079082155530831,207883.8444666616,0.99988277958926897,0.023954056695992178,5.253125689036108,0.99475132410138678,0.99482091926057226,-6.9595159185475985e-05
x139,979,1.389651474530831,2.079082155530831,207883.8444666616,0.99988277958926897,0.024095796676441839,5.284209272994902,0.9950639883870297,0.99513340674636452,-6.9418359334827429e-05
x139,979,1.389651474530831,2.079082155530831,207883.8444666616,0.99988277958926897,0.024237536656891497,5.3152928569536959,0.9953598113893255,0.99542904820398448,-6.9236814658979462e-05
x139,979,1.389651474530831,2.079082155530831,207883.8444666616,0.99988277958926897,0.024379276637341154,5.346376440912489,0.99563956650814356,0.99570861830218949,-6.9051794045926762e-05
x139,979,1.389651474530831,2.079082155530831,207883.8444666616,0.99988277958926897,0.024521016617790811,5.3774600248712821,0.99590400009197,0.99597286366147308,-6.886356950308592e-05
x139,979,1.389651474530831,2.079082155530831,207883.8444666616,0.99988277958926897,0.024662756598240469,5.408543608830076,0.99615383187579021,0.99622250418461311,-6.8672308822903538e-05
x139,979,1.389651474530831,2.079082155530831,207883.8444666616,0.99988277958926897,0.024804496578690126,5.4396271927888691,0.99638975544363517,0.99645823361642294,-6.8478172787767022e-05
x139,979,1.389651474530831,2.079082155530831,207883.8444666616,0.99988277958926897,0.024946236559139787,5.470710776747663,0.99661243871347638,0.99668071933093005,-6.8280617453675418e-05
x139,979,1.389651474530831,2.079082155530831,207883.8444666616,0.99988277958926897,0.025087976539589444,5.501794360706457,0.99682252444218911,0.99689060479686809,-6.8080354678978772e-05
x139,979,1.389651474530831,2.079082155530831,207883.8444666616,0.99988277958926897,0.025229716520039101,5.5328779446652501,0.99702063074838043,0.99708850849221831,-6.7877743837874149e-05
x139,979,1.389651474530831,2.079082155530831,207883.8444666616,0.99988277958926897,0.025371456500488759,5.563961528624044,0.99720735165094276,0.99727502456565131,-6.7672914708549747e-05
x139,979,1.389651474530831,2.079082155530831,207883.8444666616,0.99988277958926897,0.025513196480938416,5.5950451125828371,0.99738325762126134,0.99745072361255449,-6.7465991293147454e-05
x139,979,1.389651474530831,2.079082155530831,207883.8444666616,0.99988277958926897,0.025654936461388073,5.6261286965416302,0.99754889614706732,0.99761615280776017,-6.7256660692849302e-05
x139,979,1.389651474530831,2.079082155530831,207883.8444666616,0.99988277958926897,0.025796676441837731,5.6572122805004241,0.9977047923060306,0.99777183755933718,-6.7045253306585728e-05
x139,979,1.389651474530831,2.079082155530831,207883.8444666616,0.99988277958926897,0.025938416422287391,5.6882958644592181,0.99785144934722414,0.99791828150728978,-6.6832160065644075e-05
x139,979,1.389651474530831,2.079082155530831,207883.8444666616,0.99988277958926897,0.026080156402737049,5.7193794484180112,0.99798934927872007,0.99805596675815766,-6.6617479437591776e-05
x139,979,1.389651474530831,2.079082155530831,207883.8444666616,0.99988277958926897,0.026221896383186706,5.7504630323768051,0.99811895345960921,0.99818535476489934,-6.6401305290120227e-05
x139,979,1.389651474530831,2.079082155530831,207883.8444666616,0.99988277958926897,0.026363636363636363,5.7815466163355982,0.99824070319486347,0.99830688667556466,-6.6183480701198505e-05
x139,979,1.389651474530831,2.079082155530831,207883.8444666616,0.99988277958926897,0.026505376344086021,5.8126302002943921,0.99835502033151136,0.99842098442050609,-6.5964088994729941e-05
x139,979,1.389651474530831,2.079082155530831,207883.8444666616,0.99988277958926897,0.026647116324535678,5.8437137842531852,0.99846230785469514,0.99852805136945499,-6.574351475985285e-05
x139,979,1.389651474530831,2.079082155530831,207883.8444666616,0.99988277958926897,0.026788856304985339,5.8747973682119792,0.99856295048226384,0.99862847231363516,-6.5521831371317951e-05
x139,979,1.389651474530831,2.079082155530831,207883.8444666616,0.99988277958926897,0.026930596285434996,5.9058809521707731,0.99865731525662504,0.99872261436525034,-6.5299108625294089e-05
x139,979,1.389651474530831,2.079082155530831,207883.8444666616,0.99988277958926897,0.027072336265884654,5.9369645361295662,0.9987457521326859,0.99881082742237781,-6.5075289691907123e-05
x139,979,1.389651474530831,2.079082155530831,207883.8444666616,0.99988277958926897,0.027214076246334311,5.9680481200883593,0.99882859456076434,0.99889344487045117,-6.4850309686836916e-05
x139,979,1.389651474530831,2.079082155530831,207883.8444666616,0.99988277958926897,0.027355816226783968,5.9991317040471532,0.99890616006345623,0.99897078458662691,-6.4624523170686565e-05
x139,979,1.389651474530831,2.079082155530831,207883.8444666616,0.99988277958926897,0.027497556207233625,6.0302152880059463,0.9989787508055159,0.99904314878933276,-6.4397983816855131e-05
x139,979,1.389651474530831,2.079082155530831,207883.8444666616,0.99988277958926897,0.027639296187683283,6.0612988719647403,0.99904665415588034,0.99911082489844227,-6.4170742561930894e-05
x139,979,1.389651474530831,2.079082155530831,207883.8444666616,0.99988277958926897,0.027781036168132944,6.0923824559235342,0.99911014324104674,0.99917408604350788,-6.3942802461136594e-05
x139,979,1.389651474530831,2.079082155530831,207883.8444666616,0.99988277958926897,0.027922776148582601,6.1234660398823273,0.99916947748907992,0.99923319150915979,-6.37140200798747e-05
x139,979,1.389651474530831,2.079082155530831,207883.8444666616,0.99988277958926897,0.028064516129032258,6.1545496238411213,0.99922490316362034,0.99928838787070706,-6.3484707086725045e-05
x139,979,1.389651474530831,2.079082155530831,207883.8444666616,0.99988277958926897,0.028206256109481916,6.1856332077999143,0.99927665388728781,0.99933990878923562,-6.3254901947806808e-05
x139,979,1.389651474530831,2.079082155530831,207883.8444666616,0.99988277958926897,0.028347996089931573,6.2167167917587074,0.99932495115399489,0.99938797579506722,-6.3024641072328969e-05
x139,979,1.389651474530831,2.079082155530831,207883.8444666616,0.99988277958926897,0.02848973607038123,6.2478003757175014,0.99937000482970328,0.99943279878860924,-6.2793958905960068e-05
x139,979,1.389651474530831,2.079082155530831,207883.8444666616,0.99988277958926897,0.028631476050830891,6.2788839596762953,0.99941201364124999,0.99947457632348158,-6.2562682231592781e-05
x139,979,1.389651474530831,2.079082155530831,207883.8444666616,0.99988277958926897,0.028773216031280548,6.3099675436350884,0.99945116565289538,0.99951349672559164,-6.2331072696264478e-05
x139,979,1.389651474530831,2.079082155530831,207883.8444666616,0.99988277958926897,0.028914956011730206,6.3410511275938823,0.99948763873034929,0.99954973788827561,-6.2099157926320814e-05
x139,979,1.389651474530831,2.079082155530831,207883.8444666616,0.99988277958926897,0.029056695992179863,6.3721347115526754,0.99952160099201992,0.99958346795534547,-6.1866963325551971e-05
x139,979,1.389651474530831,2.079082155530831,207883.8444666616,0.99988277958926897,0.02919843597262952,6.4032182955114694,0.99955321124734653,0.9996148457601951,-6.1634512848574019e-05
x139,979,1.389651474530831,2.079082155530831,207883.8444666616,0.99988277958926897,0.029340175953079178,6.4343018794702624,0.99958261942206761,0.999644021125629,-6.1401703561392296e-05
x139,979,1.389651474530831,2.079082155530831,207883.8444666616,0.99988277958926897,0.029481915933528838,6.4653854634290564,0.99960996697036775,0.99967113564701571,-6.1168676647960218e-05
x139,979,1.389651474530831,2.079082155530831,207883.8444666616,0.99988277958926897,0.029623655913978496,6.4964690473878504,0.99963538727384516,0.99969632274927367,-6.0935475428514074e-05
x139,979,1.389651474530831,2.079082155530831,207883.8444666616,0.99988277958926897,0.029765395894428153,6.5275526313466434,0.99965900602732061,0.99971970814443245,-6.0702117111843812e-05
x139,979,1.389651474530831,2.079082155530831,207883.8444666616,0.99988277958926897,0.02990713587487781,6.5586362153054365,0.99968094161150678,0.99974141022937257,-6.0468617865794272e-05
x139,979,1.389651474530831,2.079082155530831,207883.8444666616,0.99988277958926897,0.030048875855327468,6.5897197992642305,0.9997013054526328,0.9997615403724659,-6.0234919833090927e-05
x139,979,1.389651474530831,2.079082155530831,207883.8444666616,0.99988277958926897,0.030190615835777125,6.6208033832230235,0.99972020236910331,0.99978020345846008,-6.000108935677595e-05
x139,979,1.389651474530831,2.079082155530831,207883.8444666616,0.99988277958926897,0.030332355816226782,6.6518869671818175,0.99973773090533513,0.99979749807912244,-5.9767173787306227e-05
x139,979,1.389651474530831,2.079082155530831,207883.8444666616,0.99988277958926897,0.030474095796676443,6.6829705511406114,0.99975398365293155,0.99981351683729391,-5.9533184362359215e-05
x139,979,1.389651474530831,2.079082155530831,207883.8444666616,0.99988277958926897,0.030615835777126101,6.7140541350994045,0.99976904755936968,0.99982834669095355,-5.929913158386757e-05
x139,979,1.389651474530831,2.079082155530831,207883.8444666616,0.99988277958926897,0.030757575757575758,6.7451377190581985,0.99978300422439481,0.99984206920980812,-5.9064985413304072e-05
x139,979,1.389651474530831,2.079082155530831,207883.8444666616,0.99988277958926897,0.030899315738025415,6.7762213030169915,0.99979593018436697,0.99985476095255854,-5.8830768191575622e-05
x139,979,1.389651474530831,2.079082155530831,207883.8444666616,0.99988277958926897,0.031041055718475073,6.8073048869757846,0.9998078971847687,0.9998664937094166,-5.8596524647902548e-05
x139,979,1.389651474530831,2.079082155530831,207883.8444666616,0.99988277958926897,0.03118279569892473,6.8383884709345786,0.99981897244115492,0.99987733470292417,-5.8362261769251411e-05
x139,979,1.389651474530831,2.079082155530831,207883.8444666616,0.99988277958926897,0.031324535679374391,6.8694720548933725,0.99982921888878928,0.99988734687483238,-5.8127986043099433e-05
x139,979,1.389651474530831,2.079082155530831,207883.8444666616,0.99988277958926897,0.031466275659824045,6.9005556388521656,0.99983869542125203,0.99989658910505796,-5.789368380593185e-05
x139,979,1.389651474530831,2.079082155530831,207883.8444666616,0.99988277958926897,0.031608015640273705,6.9316392228109596,0.99984745711832235,0.99990511647181535,-5.7659353493000332e-05
x139,979,1.389651474530831,2.079082155530831,207883.8444666616,0.99988277958926897,0.031749755620723366,6.9627228067697535,0.99985555546339899,0.99991298049734145,-5.7425033942459791e-05
x139,979,1.389651474530831,2.079082155530831,207883.8444666616,0.99988277958926897,0.03189149560117302,6.9938063907285466,0.99986303855079051,0.99992022927999513,-5.7190729204625868e-05
x139,979,1.389651474530831,2.079082155530831,207883.8444666616,0.99988277958926897,0.032033235581622681,7.0248899746873406,0.99986995128316103,0.99992690772616788,-5.6956443006850321e-05
x139,979,1.389651474530831,2.079082155530831,207883.8444666616,0.99988277958926897,0.032174975562072335,7.0559735586461327,0.99987633555945499,0.9999330577301927,-5.6722170737710798e-05
x139,979,1.389651474530831,2.079082155530831,207883.8444666616,0.99988277958926897,0.032316715542521995,7.0870571426049276,0.99988223045360214,0.99993871835307591,-5.64878994737672e-05
x139,979,1.389651474530831,2.079082155530831,207883.8444666616,0.99988277958926897,0.032458455522971649,7.1181407265637198,0.99988767238432419,0.99994392604536453,-5.6253661040339686e-05
x139,979,1.389651474530831,2.079082155530831,207883.8444666616,0.99988277958926897,0.03260019550342131,7.1492243105225137,0.99989269527635194,0.99994871473388058,-5.6019457528644345e-05
x139,979,1.389651474530831,2.079082155530831,207883.8444666616,0.99988277958926897,0.032741935483870971,7.1803078944813086,0.99989733071336184,0.99995311600419834,-5.5785290836496415e-05
x139,979,1.389651474530831,2.079082155530831,207883.8444666616,0.99988277958926897,0.032883675464320625,7.2113914784401008,0.99990160808295181,0.99995715924387307,-5.5551160921263332e-05
x139,979,1.389651474530831,2.079082155530831,207883.8444666616,0.99988277958926897,0.033025415444770286,7.2424750623988956,0.9999055547139496,0.99996087176484827,-5.5317050898673337e-05
x139,979,1.389651474530831,2.079082155530831,207883.8444666616,0.99988277958926897,0.033167155425219939,7.2735586463576878,0.99990919600637274,0.99996427899209295,-5.5082985720211752e-05
x139,979,1.389651474530831,2.079082155530831,207883.8444666616,0.99988277958926897,0.0333088954056696,7.3046422303164817,0.9999125555543279,0.99996740452056043,-5.4848966232534657e-05
x139,979,1.389651474530831,2.079082155530831,207883.8444666616,0.99988277958926897,0.033450635386119254,7.3357258142752748,0.99991565526214476,0.99997027025531726,-5.4614993172497073e-05
x139,979,1.389651474530831,2.079082155530831,207883.8444666616,0.99988277958926897,0.033592375366568915,7.3668093982340688,0.99991851545403987,0.99997289652121524,-5.4381067175368614e-05
x139,979,1.389651474530831,2.079082155530831,207883.8444666616,0.99988277958926897,0.033734115347018576,7.3978929821928627,0.99992115497759093,0.99997530215287744,-5.4147175286511917e-05
x139,979,1.389651474530831,2.079082155530831,207883.8444666616,0.99988277958926897,0.033875855327468229,7.4289765661516558,0.99992359130129205,0.99997750463380441,-5.3913332512367518e-05
x139,979,1.389651474530831,2.079082155530831,207883.8444666616,0.99988277958926897,0.03401759530791789,7.4600601501104498,0.99992584060646594,0.99997952014671088,-5.3679540244933044e-05
x139,979,1.389651474530831,2.079082155530831,207883.8444666616,0.99988277958926897,0.034159335288367544,7.4911437340692428,0.99992791787380764,0.99998136367233714,-5.3445798529505595e-05
x139,979,1.389651474530831,2.079082155530831,207883.8444666616,0.99988277958926897,0.034301075268817205,7.5222273180280368,0.99992983696477478,0.99998304907214675,-5.3212107371969353e-05
x139,979,1.389651474530831,2.079082155530831,207883.8444666616,0.99988277958926897,0.034442815249266859,7.553310901986829,0.99993161069813175,0.99998458915748278,-5.2978459351038509e-05
x139,979,1.389651474530831,2.079082155530831,207883.8444666616,0.99988277958926897,0.03458455522971652,7.5843944859456238,0.99993325092183705,0.9999859957827375,-5.2744860900455492e-05
x139,979,1.389651474530831,2.079082155530831,207883.8444666616,0.99988277958926897,0.03472629521016618,7.6154780699044178,0.99993476858052799,0.99998727989471103,-5.2511314183045776e-05
x139,979,1.389651474530831,2.079082155530831,207883.8444666616,0.99988277958926897,0.034868035190615834,7.6465616538632109,0.99993617377884436,0.99998845159771887,-5.2277818874513216e-05
x139,979,1.389651474530831,2.079082155530831,207883.8444666616,0.99988277958926897,0.035009775171065495,7.6776452378220048,0.9999374758407531,0.99998952021540011,-5.2044374647008951e-05
x139,979,1.389651474530831,2.079082155530831,207883.8444666616,0.99988277958926897,0.035151515151515149,7.708728821780797,0.99993868336516356,0.99999049434249387,-5.1810977330313257e-05
x139,979,1.389651474530831,2.079082155530831,207883.8444666616,0.99988277958926897,0.03529325513196481,7.7398124057395918,0.99993980427795248,0.99999138190677139,-5.1577628818910704e-05
x139,979,1.389651474530831,2.079082155530831,207883.8444666616,0.99988277958926897,0.03543499511241447,7.7708959896983858,0.99994084588065957,0.99999219021193175,-5.1344331272185073e-05
x139,979,1.389651474530831,2.079082155530831,207883.8444666616,0.99988277958926897,0.035576735092864124,7.801979573657178,0.99994181489598155,0.99999292598019074,-5.1111084209187752e-05
x139,979,1.389651474530831,2.079082155530831,207883.8444666616,0.99988277958926897,0.035718475073313785,7.8330631576159728,0.9999427175102984,0.99999359539744792,-5.0877887149525236e-05
x139,979,1.389651474530831,2.079082155530831,207883.8444666616,0.99988277958926897,0.035860215053763439,7.864146741574765,0.99994355941335056,0.9999942041511416,-5.0644737791039063e-05
x139,979,1.389651474530831,2.079082155530831,207883.8444666616,0.99988277958926897,0.0360019550342131,7.895230325533559,0.99994434583526637,0.99999475747110345,-5.041163583707764e-05
x139,979,1.389651474530831,2.079082155530831,207883.8444666616,0.99988277958926897,0.036143695014662754,7.926313909492352,0.99994508158108175,0.99999526016420281,-5.0178583121063269e-05
x139,979,1.389651474530831,2.079082155530831,207883.8444666616,0.99988277958926897,0.036285434995112414,7.957397493451146,0.99994577106288896,0.99999571664200704,-4.9945579118082506e-05
x139,979,1.389651474530831,2.079082155530831,207883.8444666616,0.99988277958926897,0.036427174975562075,7.98848107740994,0.99994641832978504,0.99999613095310047,-4.9712623315434357e-05
x139,979,1.389651474530831,2.079082155530831,207883.8444666616,0.99988277958926897,0.036568914956011729,8.019564661368733,0.99994702709571714,0.99999650681017038,-4.9479714453237733e-05
x139,979,1.389651474530831,2.079082155530831,207883.8444666616,0.99988277958926897,0.03671065493646139,8.0506482453275279,0.99994760076539435,0.99999684761674346,-4.9246851349105114e-05
x139,979,1.389651474530831,2.079082155530831,207883.8444666616,0.99988277958926897,0.036852394916911044,8.0817318292863192,0.99994814245834018,0.99999715649376042,-4.9014035420236191e-05
x139,979,1.389651474530831,2.079082155530831,207883.8444666616,0.99988277958926897,0.036994134897360705,8.112815413245114,0.99994865503125052,0.99999743629741233,-4.8781266161812553e-05
x139,979,1.389651474530831,2.079082155530831,207883.8444666616,0.99988277958926897,0.037135874877810358,8.1438989972039071,0.99994914109872057,0.99999768964181568,-4.8548543095106034e-05
x139,979,1.389651474530831,2.079082155530831,207883.8444666616,0.99988277958926897,0.037277614858260019,8.1749825811627002,0.99994960305248459,0.99999791891800449,-4.8315865519898971e-05
x139,979,1.389651474530831,2.079082155530831,207883.8444666616,0.99988277958926897,0.03741935483870968,8.206066165121495,0.99995004307922963,0.9999981263112826,-4.8083232052964497e-05
x139,979,1.389651474530831,2.079082155530831,207883.8444666616,0.99988277958926897,0.037561094819159334,8.2371497490802881,0.99995046317710723,0.99999831382081517,-4.7850643707936236e-05
x139,979,1.389651474530831,2.079082155530831,207883.8444666616,0.99988277958926897,0.037702834799608995,8.2682333330390811,0.99995086517100962,0.99999848327105134,-4.7618100041724176e-05
x139,979,1.389651474530831,2.079082155530831,207883.8444666616,0.99988277958926897,0.037844574780058648,8.2993169169978742,0.99995125072669988,0.99999863632733177,-4.7385600631888458e-05
x139,979,1.389651474530831,2.079082155530831,207883.8444666616,0.99988277958926897,0.037986314760508309,8.3304005009566691,0.99995162136388249,0.99999877450895125,-4.7153145068756785e-05
x139,979,1.389651474530831,2.079082155530831,207883.8444666616,0.99988277958926897,0.03812805474095797,8.3614840849154621,0.99995197846825656,0.99999889920034657,-4.6920732090005579e-05
x139,979,1.389651474530831,2.079082155530831,207883.8444666616,0.99988277958926897,0.038269794721407624,8.3925676688742552,0.9999523233026687,0.9999990116650368,-4.6688362368096925e-05
x139,979,1.389651474530831,2.079082155530831,207883.8444666616,0.99988277958926897,0.038411534701857285,8.4236512528330501,0.99995265701739244,0.99999911305292088,-4.6456035528441575e-05
x139,979,1.389651474530831,2.079082155530831,207883.8444666616,0.99988277958926897,0.038553274682306939,8.4547348367918431,0.99995298065960159,0.99999920441081425,-4.6223751212659536e-05
x139,979,1.389651474530831,2.079082155530831,207883.8444666616,0.99988277958926897,0.038695014662756599,8.4858184207506362,0.99995329518210507,0.99999928669118376,-4.5991509078691095e-05
x139,979,1.389651474530831,2.079082155530831,207883.8444666616,0.99988277958926897,0.038836754643206253,8.5169020047094293,0.99995360145138934,0.99999936075974205,-4.5759308352710804e-05
x139,979,1.389651474530831,2.079082155530831,207883.8444666616,0.99988277958926897,0.038978494623655914,8.5479855886682241,0.99995390025502717,0.99999942740421077,-4.5527149183599569e-05
x139,979,1.389651474530831,2.079082155530831,207883.8444666616,0.99988277958926897,0.039120234604105575,8.5790691726270172,0.99995419230848226,0.99999948733983324,-4.5295031350978121e-05
x139,979,1.389651474530831,2.079082155530831,207883.8444666616,0.99988277958926897,0.039261974584555229,8.6101527565858103,0.99995447826136052,0.9999995412159236,-4.5062954563079849e-05
x139,979,1.389651474530831,2.079082155530831,207883.8444666616,0.99988277958926897,0.03940371456500489,8.6412363405446051,0.99995475870317418,0.99999958962170898,-4.483091853479948e-05
x139,979,1.389651474530831,2.079082155530831,207883.8444666616,0.99988277958926897,0.039545454545454543,8.6723199245033964,0.99995503416860976,0.99999963309138407,-4.4598922774308214e-05
x139,979,1.389651474530831,2.079082155530831,207883.8444666616,0.99988277958926897,0.039687194525904204,8.7034035084621912,0.99995530514236908,0.9999996721095723,-4.4366967203224306e-05
x139,979,1.389651474530831,2.079082155530831,207883.8444666616,0.99988277958926897,0.039828934506353858,8.7344870924209843,0.99995557206361818,0.99999970711529529,-4.4135051677107739e-05
x139,979,1.389651474530831,2.079082155530831,207883.8444666616,0.99988277958926897,0.039970674486803519,8.7655706763797774,0.99995583533005372,0.99999973850600588,-4.3903175952153539e-05
x139,979,1.389651474530831,2.079082155530831,207883.8444666616,0.99988277958926897,0.04011241446725318,8.7966542603385722,0.99995609530162821,0.99999976664142431,-4.3671339796103048e-05
x139,979,1.389651474530831,2.079082155530831,207883.8444666616,0.99988277958926897,0.040254154447702833,8.8277378442973653,0.99995635230395852,0.99999979184684784,-4.3439542889323057e-05
x139,979,1.389651474530831,2.079082155530831,207883.8444666616,0.99988277958926897,0.040395894428152494,8.8588214282561584,0.99995660663145514,0.99999981441651542,-4.320778506028411e-05
x139,979,1.389651474530831,2.079082155530831,207883.8444666616,0.99988277958926897,0.040537634408602148,8.8899050122149514,0.99995685855016436,0.9999998346163661,-4.2976066201738661e-05
x139,979,1.389651474530831,2.079082155530831,207883.8444666616,0.99988277958926897,0.040679374389051809,8.9209885961737463,0.99995710830038409,0.99999985268649683,-4.2744386112736343e-05
x139,979,1.389651474530831,2.079082155530831,207883.8444666616,0.99988277958926897,0.04082111436950147,8.9520721801325394,0.99995735609903491,0.99999986884363956,-4.2512744604650266e-05
x139,979,1.389651474530831,2.079082155530831,207883.8444666616,0.99988277958926897,0.040962854349951124,8.9831557640913324,0.99995760214183882,0.99999988328329081,-4.2281141451994131e-05
x139,979,1.389651474530831,2.079082155530831,207883.8444666616,0.99988277958926897,0.041104594330400784,9.0142393480501273,0.99995784660529152,0.99999989618176344,-4.2049576471914207e-05
x139,979,1.389651474530831,2.079082155530831,207883.8444666616,0.99988277958926897,0.041246334310850438,9.0453229320089203,0.99995808964848087,0.99999990769804681,-4.1818049565933713e-05
x139,979,1.389651474530831,2.079082155530831,207883.8444666616,0.99988277958926897,0.041388074291300099,9.0764065159677134,0.99995833141471557,0.99999991797528742,-4.1586560571849063e-05
x139,979,1.389651474530831,2.079082155530831,207883.8444666616,0.99988277958926897,0.041529814271749753,9.1074900999265065,0.99995857203303062,0.99999992714236341,-4.1355109332785744e-05
x139,979,1.389651474530831,2.079082155530831,207883.8444666616,0.99988277958926897,0.041671554252199414,9.1385736838853013,0.99995881161955147,0.99999993531523179,-4.1123695680322925e-05
x139,979,1.389651474530831,2.079082155530831,207883.8444666616,0.99988277958926897,0.041813294232649074,9.1696572678440944,0.99995905027872789,0.99999994259816816,-4.0892319440266611e-05
x139,979,1.389651474530831,2.079082155530831,207883.8444666616,0.99988277958926897,0.041955034213098728,9.2007408518028875,0.99995928810445667,0.99999994908498424,-4.066098052757372e-05
x139,979,1.389651474530831,2.079082155530831,207883.8444666616,0.99988277958926897,0.042096774193548389,9.2318244357616823,0.99995952518111397,0.99999995485991533,-4.042967880135695e-05
x139,979,1.389651474530831,2.079082155530831,207883.8444666616,0.99988277958926897,0.042238514173998043,9.2629080197204736,0.99995976158447397,0.99999995999860225,-4.0198414128278515e-05
x139,979,1.389651474530831,2.079082155530831,207883.8444666616,0.99988277958926897,0.042380254154447704,9.2939916036792685,0.99995999738255359,0.99999996456893026,-3.9967186376665964e-05
x139,979,1.389651474530831,2.079082155530831,207883.8444666616,0.99988277958926897,0.042521994134897358,9.3250751876380615,0.99996023263637712,0.99999996863177099,-3.9735995393863632e-05
x139,979,1.389651474530831,2.079082155530831,207883.8444666616,0.99988277958926897,0.042663734115347018,9.3561587715968546,0.99996046740066502,0.99999997224176063,-3.9504841095605592e-05
x139,979,1.389651474530831,2.079082155530831,207883.8444666616,0.99988277958926897,0.042805474095796679,9.3872423555556495,0.99996070172446205,0.9999999754478246,-3.9273723362542867e-05
x139,979,1.389651474530831,2.079082155530831,207883.8444666616,0.99988277958926897,0.042947214076246333,9.4183259395144425,0.99996093565170663,0.99999997829378318,-3.9042642076547729e-05
x139,979,1.389651474530831,2.079082155530831,207883.8444666616,0.99988277958926897,0.043088954056695994,9.4494095234732356,0.99996116922173439,0.99999998081886265,-3.8811597128263209e-05
x139,979,1.389651474530831,2.079082155530831,207883.8444666616,0.99988277958926897,0.043230694037145648,9.4804931074320287,0.99996140246975285,0.99999998305814253,-3.8580588389680592e-05
x139,979,1.389651474530831,2.079082155530831,207883.8444666616,0.99988277958926897,0.043372434017595309,9.5115766913908235,0.99996163542725325,0.99999998504302723,-3.8349615773980439e-05
x139,979,1.389651474530831,2.079082155530831,207883.8444666616,0.99988277958926897,0.043514173998044962,9.5426602753496166,0.99996186812239285,0.99999998680156865,-3.8118679175802583e-05
x139,979,1.389651474530831,2.079082155530831,207883.8444666616,0.99988277958926897,0.043655913978494623,9.5737438593084097,0.99996210058033086,0.99999998835882475,-3.7887778493894686e-05
x139,979,1.389651474530831,2.079082155530831,207883.8444666616,0.99988277958926897,0.043797653958944284,9.6048274432672045,0.99996233282354141,0.99999998973716853,-3.7656913627115429e-05
x139,979,1.389651474530831,2.079082155530831,207883.8444666616,0.99988277958926897,0.043939393939393938,9.6359110272259976,0.99996256487208901,0.99999999095655845,-3.7426084469438514e-05
x139,979,1.389651474530831,2.079082155530831,207883.8444666616,0.99988277958926897,0.044081133919843599,9.6669946111847906,0.999962796743876,0.99999999203480927,-3.7195290933267344e-05
x139,979,1.389651474530831,2.079082155530831,207883.8444666616,0.99988277958926897,0.044222873900293252,9.6980781951435837,0.99996302845487595,0.99999999298779862,-3.696453292267865e-05
x139,979,1.389651474530831,2.079082155530831,207883.8444666616,0.99988277958926897,0.044364613880742913,9.7291617791023786,0.99996326001932134,0.99999999382967131,-3.6733810349964813e-05
x139,979,1.389651474530831,2.079082155530831,207883.8444666616,0.99988277958926897,0.044506353861192574,9.7602453630611716,0.99996349144990448,0.99999999457302458,-3.6503123120090741e-05
x139,979,1.389651474530831,2.079082155530831,207883.8444666616,0.99988277958926897,0.044648093841642228,9.7913289470199647,0.99996372275792733,0.99999999522906624,-3.6272471138909523e-05
x139,979,1.389651474530831,2.079082155530831,207883.8444666616,0.99988277958926897,0.044789833822091889,9.8224125309787595,0.99996395395345139,0.99999999580777399,-3.604185432259932e-05
x139,979,1.389651474530831,2.079082155530831,207883.8444666616,0.99988277958926897,0.044931573802541543,9.8534961149375508,0.99996418504543461,0.99999999631801906,-3.5811272584451714e-05
x139,979,1.389651474530831,2.079082155530831,207883.8444666616,0.99988277958926897,0.045073313782991203,9.8845796988963457,0.99996441604184283,0.99999999676768336,-3.5580725840533844e-05
x139,979,1.389651474530831,2.079082155530831,207883.8444666616,0.99988277958926897,0.045215053763440857,9.9156632828551388,0.99996464694976483,0.99999999716376786,-3.535021400302707e-05
x139,979,1.389651474530831,2.079082155530831,207883.8444666616,0.99988277958926897,0.045356793743890518,9.9467468668139318,0.99996487777549903,0.99999999751248747,-3.5119736988442618e-05
x139,979,1.389651474530831,2.079082155530831,207883.8444666616,0.99988277958926897,0.045498533724340179,9.9778304507727267,0.99996510852464393,0.999999997819357,-3.4889294713069674e-05
x139,979,1.389651474530831,2.079082155530831,207883.8444666616,0.99988277958926897,0.045640273704789833,10.00891403473152,0.9999653392021739,0.99999999808927009,-3.4658887096195024e-05
x139,979,1.389651474530831,2.079082155530831,207883.8444666616,0.99988277958926897,0.045782013685239493,10.039997618690313,0.99996556981250384,0.99999999832656361,-3.4428514059769988e-05
x139,979,1.389651474530831,2.079082155530831,207883.8444666616,0.99988277958926897,0.045923753665689147,10.071081202649106,0.99996580035955585,0.99999999853507793,-3.4198175522082153e-05
x139,979,1.389651474530831,2.079082155530831,207883.8444666616,0.99988277958926897,0.046065493646138808,10.102164786607901,0.99996603084681179,0.99999999871821443,-3.3967871402640348e-05
x139,979,1.389651474530831,2.079082155530831,207883.8444666616,0.99988277958926897,0.046207233626588462,10.133248370566694,0.99996626127736143,0.99999999887898405,-3.373760162261874e-05
x139,979,1.389651474530831,2.079082155530831,207883.8444666616,0.99988277958926897,0.046348973607038123,10.164331954525487,0.99996649165394424,0.99999999902005132,-3.3507366107077274e-05
x139,979,1.389651474530831,2.079082155530831,207883.8444666616,0.99988277958926897,0.046490713587487784,10.195415538484282,0.99996672197899361,0.99999999914377014,-3.3277164776523982e-05
x139,979,1.389651474530831,2.079082155530831,207883.8444666616,0.99988277958926897,0.046632453567937437,10.226499122443075,0.99996695225466636,0.99999999925222238,-3.3046997556018809e-05
x139,979,1.389651474530831,2.079082155530831,207883.8444666616,0.99988277958926897,0.046774193548387098,10.257582706401868,0.99996718248287653,0.9999999993472457,-3.2816864369178411e-05
x139,979,1.389651474530831,2.079082155530831,207883.8444666616,0.99988277958926897,0.046915933528836752,10.288666290360661,0.99996741266532208,0.99999999943046192,-3.2586765139841489e-05
x139,979,1.389651474530831,2.079082155530831,207883.8444666616,0.99988277958926897,0.047057673509286413,10.319749874319456,0.99996764280350858,0.99999999950330365,-3.235669979506639e-05
x139,979,1.389651474530831,2.079082155530831,207883.8444666616,0.99988277958926897,0.047199413489736074,10.350833458278249,0.9999678728987732,0.99999999956703345,-3.2126668260246127e-05
x139,979,1.389651474530831,2.079082155530831,207883.8444666616,0.99988277958926897,0.047341153470185728,10.381917042237042,0.9999681029523021,0.99999999962276442,-3.1896670462328025e-05
x139,979,1.389651474530831,2.079082155530831,207883.8444666616,0.99988277958926897,0.047482893450635388,10.413000626195837,0.99996833296514931,0.99999999967147679,-3.1666706327482252e-05
x139,979,1.389651474530831,2.079082155530831,207883.8444666616,0.99988277958926897,0.047624633431085042,10.444084210154628,0.99996856293824954,0.99999999971403319,-3.1436775783655335e-05
x139,979,1.389651474530831,2.079082155530831,207883.8444666616,0.99988277958926897,0.047766373411534703,10.475167794113423,0.99996879287243712,0.99999999975119491,-3.1206878757794598e-05
x139,979,1.389651474530831,2.079082155530831,207883.8444666616,0.99988277958926897,0.047908113391984357,10.506251378072216,0.9999690227684489,0.9999999997836293,-3.097701518040008e-05
x139,979,1.389651474530831,2.079082155530831,207883.8444666616,0.99988277958926897,0.048049853372434018,10.537334962031011,0.99996925262694625,0.99999999981192422,-3.0747184977975017e-05
x139,979,1.389651474530831,2.079082155530831,207883.8444666616,0.99988277958926897,0.048191593352883678,10.568418545989804,0.9999694824485148,0.99999999983659593,-3.051738808113047e-05
x139,979,1.389651474530831,2.079082155530831,207883.8444666616,0.99988277958926897,0.048333333333333332,10.599502129948597,0.99996971223367981,0.9999999998580984,-3.028762441859012e-05
x139,979,1.389651474530831,2.079082155530831,207883.8444666616,0.99988277958926897,0.048475073313782993,10.630585713907392,0.99996994198290889,0.99999999987682897,-3.005789392007685e-05
x139,979,1.389651474530831,2.079082155530831,207883.8444666616,0.99988277958926897,0.048616813294232647,10.661669297866183,0.99997017169662095,0.99999999989313793,-2.9828196516978878e-05
x139,979,1.389651474530831,2.079082155530831,207883.8444666616,0.99988277958926897,0.048758553274682308,10.692752881824978,0.999970401375192,0.99999999990733113,-2.9598532139130107e-05
x139,979,1.389651474530831,2.079082155530831,207883.8444666616,0.99988277958926897,0.048900293255131962,10.723836465783771,0.99997063101895867,0.99999999991967681,-2.93689007181408e-05
x139,979,1.389651474530831,2.079082155530831,207883.8444666616,0.99988277958926897,0.049042033235581622,10.754920049742564,0.99997086062822682,0.99999999993041044,-2.9139302183622817e-05
x139,979,1.389651474530831,2.079082155530831,207883.8444666616,0.99988277958926897,0.049183773216031283,10.786003633701359,0.99997109020326747,0.99999999993973798,-2.8909736470517089e-05
x139,979,1.389651474530831,2.079082155530831,207883.8444666616,0.99988277958926897,0.049325513196480937,10.817087217660152,0.99997131974433184,0.99999999994784017,-2.8680203508324453e-05
x139,979,1.389651474530831,2.079082155530831,207883.8444666616,0.99988277958926897,0.049467253176930598,10.848170801618945,0.99997154925164522,0.99999999995487432,-2.8450703229099261e-05
x139,979,1.389651474530831,2.079082155530831,207883.8444666616,0.99988277958926897,0.049608993157380252,10.879254385577738,0.99997177872541021,0.99999999996097799,-2.8221235567782443e-05
x139,979,1.389651474530831,2.079082155530831,207883.8444666616,0.99988277958926897,0.049750733137829913,10.910337969536533,0.99997200816581722,0.99999999996627187,-2.7991800454651994e-05
x139,979,1.389651474530831,2.079082155530831,207883.8444666616,0.99988277958926897,0.049892473118279573,10.941421553495326,0.99997223757303677,0.99999999997086142,-2.7762397824648843e-05
x139,979,1.389651474530831,2.079082155530831,207883.8444666616,0.99988277958926897,0.050034213098729227,10.972505137454119,0.99997246694722941,0.99999999997483791,-2.7533027608495075e-05
x139,979,1.389651474530831,2.079082155530831,207883.8444666616,0.99988277958926897,0.050175953079178888,11.003588721412914,0.9999726962885378,0.99999999997828226,-2.7303689744462289e-05
x139,979,1.389651474530831,2.079082155530831,207883.8444666616,0.99988277958926897,0.050317693059628542,11.034672305371707,0.99997292559710105,0.99999999998126377,-2.7074384162717458e-05
x139,979,1.389651474530831,2.079082155530831,207883.8444666616,0.99988277958926897,0.050459433040078203,11.0657558893305,0.9999731548730445,0.99999999998384359,-2.6845110799089689e-05
x139,979,1.389651474530831,2.079082155530831,207883.8444666616,0.99988277958926897,0.050601173020527856,11.096839473289293,0.99997338411648662,0.99999999998607481,-2.6615869588186847e-05
x139,979,1.389651474530831,2.079082155530831,207883.8444666616,0.99988277958926897,0.050742913000977517,11.127923057248088,0.99997361332754109,0.99999999998800404,-2.6386660462951461e-05
x139,979,1.389651474530831,2.079082155530831,207883.8444666616,0.99988277958926897,0.050884652981427178,11.159006641206881,0.99997384250630961,0.99999999998967026,-2.6157483360655931e-05
x139,979,1.389651474530831,2.079082155530831,207883.8444666616,0.99988277958926897,0.051026392961876832,11.190090225165674,0.99997407165289554,0.999999999991109,-2.5928338213465629e-05
x139,979,1.389651474530831,2.079082155530831,207883.8444666616,0.99988277958926897,0.051168132942326493,11.221173809124469,0.99997430076739047,0.99999999999235079,-2.569922496031829e-05
x139,979,1.389651474530831,2.079082155530831,207883.8444666616,0.99988277958926897,0.051309872922776147,11.25225739308326,0.99997452984988777,0.99999999999342215,-2.5470143534378487e-05
x139,979,1.389651474530831,2.079082155530831,207883.8444666616,0.99988277958926897,0.051451612903225807,11.283340977042055,0.99997475890047349,0.99999999999434597,-2.5241093872474529e-05
x139,979,1.389651474530831,2.079082155530831,207883.8444666616,0.99988277958926897,0.051593352883675461,11.314424561000848,0.99997498791923167,0.99999999999514233,-2.5012075910657572e-05
x139,979,1.389651474530831,2.079082155530831,207883.8444666616,0.99988277958926897,0.051735092864125122,11.345508144959641,0.99997521690624414,0.99999999999582823,-2.478308958409059e-05
x139,979,1.389651474530831,2.079082155530831,207883.8444666616,0.99988277958926897,0.051876832844574783,11.376591728918436,0.99997544586158715,0.99999999999641886,-2.4554134831711316e-05
x139,979,1.389651474530831,2.079082155530831,207883.8444666616,0.99988277958926897,0.052018572825024437,11.407675312877229,0.99997567478533922,0.99999999999692712,-2.4325211587905571e-05
x139,979,1.389651474530831,2.079082155530831,207883.8444666616,0.99988277958926897,0.052160312805474097,11.438758896836022,0.99997590367757416,0.99999999999736455,-2.4096319790389842e-05
x139,979,1.389651474530831,2.079082155530831,207883.8444666616,0.99988277958926897,0.052302052785923751,11.469842480794815,0.99997613253836426,0.99999999999774047,-2.3867459376214484e-05
x139,979,1.389651474530831,2.079082155530831,207883.8444666616,0.99988277958926897,0.052443792766373412,11.50092606475361,0.99997636136778234,0.99999999999806355,-2.3638630281208606e-05
x139,979,1.389651474530831,2.079082155530831,207883.8444666616,0.99988277958926897,0.052585532746823066,11.532009648712403,0.99997659016589435,0.9999999999983411,-2.3409832446752432e-05
x139,979,1.389651474530831,2.079082155530831,207883.8444666616,0.99988277958926897,0.052727272727272727,11.563093232671196,0.99997681893277313,0.99999999999857936,-2.3181065806232581e-05
x139,979,1.389651474530831,2.079082155530831,207883.8444666616,0.99988277958926897,0.052869012707722388,11.594176816629991,0.99997704766848428,0.99999999999878397,-2.295233029969701e-05
x139,979,1.389651474530831,2.079082155530831,207883.8444666616,0.99988277958926897,0.053010752688172041,11.625260400588784,0.99997727637309608,0.99999999999895928,-2.2723625863196872e-05
x139,979,1.389651474530831,2.079082155530831,207883.8444666616,0.99988277958926897,0.053152492668621702,11.656343984547577,0.99997750504667182,0.99999999999910971,-2.2494952437890348e-05
x139,979,1.389651474530831,2.079082155530831,207883.8444666616,0.99988277958926897,0.053294232649071356,11.68742756850637,0.99997773368927889,0.99999999999923861,-2.2266309959717567e-05
x139,979,1.389651474530831,2.079082155530831,207883.8444666616,0.99988277958926897,0.053435972629521017,11.718511152465165,0.99997796230098179,0.99999999999934897,-2.2037698367172176e-05
x139,979,1.389651474530831,2.079082155530831,207883.8444666616,0.99988277958926897,0.053577712609970678,11.749594736423958,0.99997819088184436,0.99999999999944333,-2.1809117598969863e-05
x139,979,1.389651474530831,2.079082155530831,207883.8444666616,0.99988277958926897,0.053719452590420332,11.780678320382751,0.99997841943192789,0.99999999999952416,-2.1580567596268807e-05
x139,979,1.389651474530831,2.079082155530831,207883.8444666616,0.99988277958926897,0.053861192570869992,11.811761904341546,0.99997864795129776,0.99999999999959344,-2.1352048295675274e-05
x139,979,1.389651474530831,2.079082155530831,207883.8444666616,0.99988277958926897,0.054002932551319646,11.842845488300338,0.99997887644001504,0.99999999999965294,-2.1123559637903355e-05
x139,979,1.389651474530831,2.079082155530831,207883.8444666616,0.99988277958926897,0.054144672531769307,11.873929072259132,0.99997910489814423,0.99999999999970302,-2.0895101558782159e-05
x139,979,1.389651474530831,2.079082155530831,207883.8444666616,0.99988277958926897,0.054286412512218961,11.905012656217925,0.99997933332574562,0.9999999999997462,-2.0666674000580088e-05
x139,979,1.389651474530831,2.079082155530831,207883.8444666616,0.99988277958926897,0.054428152492668622,11.936096240176719,0.99997956172287839,0.99999999999978284,-2.0438276904455321e-05
x139,979,1.389651474530831,2.079082155530831,207883.8444666616,0.99988277958926897,0.054569892473118282,11.967179824135513,0.99997979008960802,0.99999999999981437,-2.0209910206347992e-05
x139,979,1.389651474530831,2.079082155530831,207883.8444666616,0.99988277958926897,0.054711632453567936,11.998263408094306,0.9999800184259946,0.99999999999984146,-1.9981573846861167e-05
