# station table. *_ref are ODE-Blasius references from analysis/laminar_bl.jl,
# never reconstructed from DNS values or error columns.
index,x,Cf,Cf_ref,Cf_rel_err,H12,H12_ref,H12_rel_err,dstar,dstar_ref,dstar_rel_err,theta,theta_ref,theta_rel_err,delta99,Ue,similarity_L2,similarity_npts
2,0.001420911528150134,0.0025266567333556487,0.0025266826272345661,1.0248172302388366e-05,2.5915355324800404,2.5911001960244264,0.00016801220434545304,0.0045231397157743615,0.0045229278966916866,4.6832292601844584e-05,0.0017453512248183686,0.0017455627164211169,0.00012115955545950634,0.012905740259155581,0.99999999773036208,1.6017986427238059e-08,223
3,0.0028418230563002681,0.0025240536278023258,0.0025240882552458876,1.3718792712524296e-05,2.5915351010252339,2.5911001960244264,0.00016784569021095113,0.0045277892491020245,0.0045275767970474586,4.6924009042652322e-05,0.0017471456386258443,0.0017473568965006463,0.00012090138839126809,0.012919471315694292,0.99999999096226611,6.3244124192527883e-08,223
4,0.0042627345844504019,0.0025214594320076868,0.0025215018640941645,1.6828100380152922e-05,2.5915349323446852,2.5911001960244264,0.00016778059023955718,0.0045324345748187396,0.0045322209388682236,4.7137143885428237e-05,0.0017489382520952668,0.0017491492400880889,0.0001206232081211844,0.012933076924619657,0.99999997978870048,1.4080933871237449e-07,223
5,0.0056836461126005362,0.0025188713371902317,0.0025189234129385386,2.0673811692485347e-05,2.5915349993289318,2.5911001960244264,0.00016780644190160279,0.0045370756911046429,0.0045368603367447911,4.7467707592324352e-05,0.0017507290822927344,0.0017509397528145691,0.00012031854408244458,0.012946559038072205,0.99999996424654225,2.4701820138135952e-07,224
6,0.0071045576407506705,0.002516290316447933,0.0025163528611639534,2.4855304272197775e-05,2.5915352806294925,2.5911001960244264,0.00016791500604013143,0.0045417125983626284,0.004541495005074031,4.7912259807449796e-05,0.0017525181433221437,0.0017527284402363641,0.00011998259935356441,0.012959919589510588,0.9999999444249571,3.8164839878567509e-07,224
7,0.0085254691689008039,0.0025137158606437704,0.0025137901683114955,2.9560012073345553e-05,2.5915357550030191,2.5911001960244264,0.00016809808407293385,0.0045463453003723757,0.0045461249579370642,4.8468187159427487e-05,0.001754305450579083,0.0017545153077878921,0.0001196097907368292,0.012973160494342767,0.99999992051895903,5.4341254850659998e-07,224
8,0.009946380697050939,0.0025111484844949558,0.0025112352945915349,3.4568682897228856e-05,2.5915364120152113,2.5911001960244264,0.00016835164902314874,0.0045509737907500755,0.0045507502100320205,4.9130518647689871e-05,0.0017560910082722631,0.0017563003611416965,0.00011920106268006524,0.012986283587451084,0.99999989241916931,7.3127807505344013e-07,224
9,0.011367292225201072,0.0025085878991827986,0.0025086882001626315,3.9981445213641177e-05,2.5915372360113706,2.5911001960244264,0.0001686696591721075,0.004555598072335033,0.0045553707753769775,4.9896478083448939e-05,0.0017578748277399031,0.001758083605707864,0.00011875315103507082,0.012999290702861693,0.99999986028305865,9.4224571931733422e-07,225
10,0.012788203753351206,0.002506034407600262,0.0025061488455709654,4.5662878685608274e-05,2.5915382153724478,2.5911001960244264,0.0001690476303052298,0.0045602181455004559,0.0045599866681085514,5.0762734356964872e-05,0.0017596569166721994,0.0017598650469422311,0.00011826490354666123,0.013012183623613581,0.99999982418356026,1.179097046370202e-06,225
11,0.014209115281501341,0.0025034878325972342,0.0025036171912373138,5.1668697807470058e-05,2.5915393311130779,2.5911001960244264,0.00016947823527829129,0.0045648340220553621,0.0045645979015536903,5.1728653161640202e-05,0.0017614372922114768,0.001761644689988152,0.00011772962950696184,0.013024964139477343,0.99999978451642335,1.4394983422975034e-06,225
12,0.015630026809651476,0.0025009483606727432,0.0025010931990183997,5.7910015393786085e-05,2.5915405894006569,2.5911001960244264,0.0001699638543141552,0.0045694456824568108,0.0045692044910797701,5.2786295188057258e-05,0.0017632159423416874,0.001763422540776457,0.00011715764656078606,0.013037633875922928,0.99999974075128784,1.7223970475529965e-06,225
13,0.017050938337801608,0.0024984158754460528,0.002498576829989141,6.4418488619720252e-05,2.5915419749808608,2.5911001960244264,0.0001704986002132259,0.0045740531367123452,0.0045738064500612909,5.393465021919316e-05,0.0017649928810225524,0.0017651986044688538,0.0001165440793917529,0.013051092579322661,0.99999969320021831,2.0226411387950957e-06,226
14,0.018471849865951743,0.0024958904868983335,0.0024960680451349831,7.1135174778493926e-05,2.5915434655827747,2.5911001960244264,0.00017107387781776915,0.0045786564055987737,0.0045784037911353898,5.5175225888330759e-05,0.0017667681311951857,0.0017669728859424736,0.00011587882808888428,0.013064646090213607,0.99999964246524053,2.3479806554822231e-06,226
15,0.019892761394101878,0.0024933721203498891,0.0024935668077344241,7.807586463337282e-05,2.5915450811886918,2.5911001960244264,0.00017169739902298073,0.0045832554543888413,0.0045829965305791082,5.649661918909695e-05,0.0017685416656099959,0.0017687453914792201,0.00011518100355516771,0.013078078556110479,0.99999958752688611,2.693442169461408e-06,226
16,0.02131367292225201,0.0024908608424936462,0.0024910730794491321,8.5199008104912976e-05,2.5915468026682689,2.5911001960244264,0.00017236178073224524,0.0045878503012950463,0.0045875846811511247,5.7899780033045394e-05,0.0017703135041093503,0.0017705161260031324,0.00011444227522483484,0.013091391875434365,0.99999952887323507,3.0585388286338808e-06,226
17,0.022734584450402145,0.0024883565952462639,0.0024885868228227254,9.2513379219928951e-05,2.5915486235877414,2.5911001960244264,0.00017306453992130835,0.0045924409480635562,0.004592168256672963,5.9381837805465357e-05,0.0017720836515526296,0.0017722850948484405,0.00011366303107577266,0.01310458784197982,0.99999946649736671,3.4425813253287672e-06,226
18,0.02415549597855228,0.0024858594151386205,0.0024861079994444304,9.9989343128075033e-05,2.5915505119893067,2.5911001960244264,0.00017379334290941332,0.0045970274311484139,0.004596747268649894,6.0947988250440944e-05,0.0017738521436804556,0.0017740523024554469,0.00011282574629523446,0.013117668359835594,0.99999940137025478,3.8368483004635758e-06,227
19,0.025576407506702412,0.002483369267747634,0.002483636574723043,0.00010762725035117174,2.5915525100512005,2.5911001960244264,0.00017456446781488055,0.0046016096881705375,0.0046013217350978543,6.2580512570266315e-05,0.0017756189273894455,0.001775817755777159,0.00011196441023675176,0.013130634893370267,0.99999933159942489,4.2559190325708475e-06,227
20,0.026997319034852547,0.0024808861725668084,0.0024811725109395652,0.00011540445958286744,2.5915545890087226,2.5911001960244264,0.00017536681329164883,0.0046061877519094794,0.0046058916677171255,6.4283794260555256e-05,0.0017773840348357702,0.0017775814593291419,0.00011106354217157824,0.01314348927091946,0.99999925801290324,4.691928335389757e-06,227
21,0.028418230563002682,0.0024784100959600098,0.0024787157717298981,0.00012332021822533939,2.5915567428430055,2.5911001960244264,0.0001761980564393395,0.0046107616249354919,0.0046104570801726395,6.6055221327656699e-05,0.0017791474709820036,0.0017793434183851903,0.00011012343157706584,0.013156233166263432,0.99999918055396586,5.1442332768912665e-06,227
22,0.029839142091152814,0.0024759410427218497,0.0024762663190845942,0.00013135758469824235,2.5915589256290006,2.5911001960244264,0.00017704047310790875,0.0046153313637299076,0.0046150179825273641,6.7904654701241089e-05,0.0017809092890333235,0.0017811036368289702,0.00010911650036979127,0.013168868440111354,0.99999910069811049,5.600551265649537e-06,228
23,0.031260053619302952,0.0024734790007011668,0.002473824120782152,0.00013950873794378254,2.5915612075055101,2.5911001960244264,0.00017792113241742738,0.0046198968692498701,0.0046195743950928096,6.9806031785750073e-05,0.0017826694024706139,0.0017828621224994343,0.00010809586809227275,0.01318139630160883,0.9999990154492614,6.0828231848107527e-06,228
24,0.032680965147453084,0.0024710239675990713,0.0024713891395046301,0.00014775977595822678,2.59156354656503,2.5911001960244264,0.00017882386073470366,0.0046244581931092384,0.0046241263281702003,7.1768138559779408e-05,0.0017844278598681072,0.0017846188793722,0.00010703658148011011,0.013194871503636756,0.99999892612421348,6.5789615383505031e-06,228
25,0.034101876675603215,0.0024685759112616492,0.0024689613373937908,0.00015610861389529071,2.591565884348209,2.5911001960244264,0.00017972609646554397,0.0046290154096965564,0.0046286737904982665,7.3804984700195515e-05,0.0017861847301099102,0.0017863739108198624,0.00010590207839826428,0.01320826532078634,0.99999883468141604,7.0900388941326519e-06,228
26,0.035522788203753354,0.0024661348495549937,0.0024665406841458321,0.00016453594033419215,2.5915683166616277,2.5911001960244264,0.0001806648148610767,0.0046335683863201757,0.0046332168044486586,7.5882887927785934e-05,0.0017879398959040312,0.0017881272254764559,0.00010476299994525927,0.013221541837712432,0.99999873715870491,7.6134873316131696e-06,228
27,0.036943699731903486,0.0024637007536031626,0.0024641271425882481,0.00017303854891090575,2.5915707899476024,2.5911001960244264,0.00018161934605924725,0.0046381171915965387,0.0046377553790191012,7.801458849562921e-05,0.0017896934205259792,0.0017898788268145309,0.0001035859443522138,0.013234703079814296,0.99999863534898659,8.1317329901167152e-06,229
28,0.038364611260053617,0.0024612736170298855,0.002461720678078485,0.0001816051075902324,2.5915732994445326,2.5911001960244264,0.00018258785238490344,0.0046426618291168396,0.0046422895274308394,8.0197860086125847e-05,0.0017914453085744976,0.0017916287199366474,0.00010237130054283527,0.013247750762141909,0.99999852919092835,8.6786276234001597e-06,229
29,0.039785522788203756,0.0024588534071410028,0.0024593212527525693,0.00019023363094305135,2.5915757679201881,2.5911001960244264,0.00018354052710555863,0.0046472024009423085,0.0046468192563081604,8.2453095981281006e-05,0.0017931956528023174,0.0017933769073993596,0.00010106888088851305,0.013260686973461003,0.999998421435351,9.2382226746630191e-06,229
30,0.041206434316353888,0.0024564401395557631,0.0024569288390449634,0.0001989066518468412,2.5915783315216796,2.5911001960244264,0.00018452991435328746,0.0046517387215371372,0.0046513445912142546,8.4734707384842345e-05,0.0017949442874087495,0.0017951233990684341,9.9776795164941462e-05,0.013273512582562515,0.99999830665175915,9.8076042436314073e-06,229
31,0.042627345844504019,0.0024540337821647978,0.0024545433997730051,0.00020762216233553932,2.5915809189925985,2.5911001960244264,0.00018552851368295746,0.004656270886016326,0.004655865539064258,8.7061567536040609e-05,0.0017966912983084916,0.0017968681976126741,9.8448681109463592e-05,0.01328622958831301,0.99999818741431779,1.0364807783730791e-05,230
32,0.044048257372654158,0.0024516343199719121,0.0024521649011625657,0.00021637255732765117,2.5915835270779599,2.5911001960244264,0.00018653506887733273,0.0046607988983718707,0.0046603821127036904,8.9431651332663617e-05,0.0017984366892573108,0.0017986113079896339,9.7085307730154777e-05,0.013298839580126842,0.99999806371538846,1.0953261932911403e-05,230
33,0.04546916890080429,0.0024492417145262472,0.0024497933051220518,0.00022515801420932367,2.5915860569644216,2.5911001960244264,0.00018751144426626474,0.0046653228928448193,0.0046648943162593782,9.1872732024665796e-05,0.0018001805806554651,0.0018003527317920058,9.5620782250441962e-05,0.01331134463735195,0.99999793925877278,1.1552805375838547e-05,230
34,0.046890080428954421,0.0024468559823329961,0.0024474285870462616,0.00023396176554288503,2.5915886918423547,2.5911001960244264,0.00018852833969053846,0.0046698426218527659,0.0046694021790276005,9.4325313665128812e-05,0.0018019227497604894,0.0018020924803262921,9.4185269432981846e-05,0.013323761555022524,0.999997806927022,1.2159824629932713e-05,230
35,0.04831099195710456,0.0024444770848780018,0.0024450707095350233,0.00024278424943155583,2.5915913396083479,2.5911001960244264,0.00018955020908686173,0.0046743582115768628,0.0046739057054838969,9.6815409098853779e-05,0.0018036633091555521,0.0018038305553197663,9.2717225418382352e-05,0.013337126812136502,0.99999767022492791,1.2775423230294698e-05,230
36,0.049731903485254692,0.0024421049791282915,0.0024427196342042953,0.00025162735313419992,2.5915938829549137,2.5911001960244264,0.00019053177922054467,0.004678869823537159,0.0046784048976686631,9.9377005339498287e-05,0.0018054024028650473,0.0018055669575598918,9.1137409308205607e-05,0.013350377647397505,0.99999753365881494,1.3372165531569487e-05,231
37,0.051152815013404823,0.0024397396846205462,0.0024403753388304774,0.00026047395243544046,2.591596544516348,2.5911001960244264,0.00019155897278042399,0.0046833771574155067,0.0046828997880677108,0.00010193883478186539,0.00180713975997739,0.0018073016995841268,8.9602973744849564e-05,0.013363514429821114,0.99999738868915844,1.4002508700872972e-05,231
38,0.052573726541554962,0.0024373811575010163,0.0024380377857411918,0.0002693265231637465,2.5915992140613722,2.5911001960244264,0.00019258924749857018,0.0046878803658735946,0.0046873903791376246,0.00010453294825855898,0.0018088755161053927,0.0018090347823405577,8.8039343809044441e-05,0.013376539428627021,0.99999723959634224,1.4640282324532354e-05,231
39,0.053994638069705093,0.0024350293744841243,0.0024357069425812315,0.00027818128907955132,2.5916018904499007,2.5911001960244264,0.00019362216337449187,0.0046923794537014254,0.0046918766830226074,0.00010715769249375437,0.0018106096738827546,0.0018107662105160741,8.6447732683743897e-05,0.01338945425018203,0.99999708648945818,1.5285150537080184e-05,231
40,0.055415549597855225,0.0024326842838526385,0.0024333827704517939,0.0002870434555701844,2.5916044286542359,2.5911001960244264,0.00019460174893395834,0.0046968746225895279,0.0046963586987614162,0.00010985613774512352,0.0018123424125450014,0.0018124959837396975,8.4729122753252409e-05,0.013402261282561298,0.99999693503308607,1.5904930881691702e-05,232
41,0.056836461126005364,0.002430345914523545,0.0024310652505438925,0.00029589334148337519,2.5916071084453747,2.5911001960244264,0.00019563597800116412,0.0047013654945401856,0.0047008364636666805,0.00011253973151247958,0.0018140733906847439,0.0018142241164117319,8.30799930529768e-05,0.013414960490604215,0.99999677456142,1.6561758575069296e-05,232
42,0.058257372654155495,0.0024280142153871717,0.0024287543447111229,0.0003047361811469084,2.5916097922634966,2.5911001960244264,0.00019667176122794951,0.0047058522613864116,0.0047053099773109825,0.00011524938379064315,0.0018158027784253539,0.0018159506083672207,8.1406367103622213e-05,0.013427554170363202,0.99999661046586619,1.7224751725554928e-05,232
43,0.059678284182305627,0.0024256891627429428,0.0024264500214169192,0.00031356865678694776,2.5916124793438775,2.5911001960244264,0.00019770880347934244,0.0047103349285387858,0.0047097792515349308,0.00011798366211621549,0.0018175305783877489,0.0018176754641758867,7.9709382116518717e-05,0.01344004381803619,0.99999644288314016,1.7893631287682044e-05,232
44,0.061099195710455766,0.0024233706979801812,0.0024241522411468769,0.00032239854965789738,2.5916149935125348,2.5911001960244264,0.00019867911279471408,0.0047148137421178923,0.004714244282200214,0.00012079558961941643,0.0018192570092086437,0.0018193986822406046,7.7868052419584943e-05,0.013452431867580576,0.99999627870398344,1.857121573501696e-05,232
45,0.062520107238605904,0.0024210588614296353,0.002421860988779763,0.00033120288647608097,2.591617676776873,2.5911001960244264,0.00019971468229619218,0.0047192882381692251,0.0047187051121137516,0.00012357755816877472,0.0018209816519072675,0.0018211202790821247,7.6121921462025672e-05,0.013464717880107726,0.999996104871403,1.92098856829529e-05,233
46,0.063941018766756036,0.0024187535958236795,0.0024195762255986774,0.0003399891957503349,2.5916203608442356,2.5911001960244264,0.0002007505617140197,0.0047237586520141699,0.0047231617377995879,0.00012638021895477314,0.0018227047153138499,0.0018228402533589489,7.4355415867756642e-05,0.013477900424370554,0.99999592795185555,1.9893534613667732e-05,233
47,0.065361930294906168,0.0024164548402987166,0.0024172979115798668,0.0003487659825094487,2.5916228440641449,2.5911001960244264,0.00020170892677958725,0.0047282252658056058,0.0047276141526557151,0.00012926459946977623,0.0018244264502588164,0.0018245586025231219,7.2429717589069865e-05,0.013491022190976179,0.99999575578560318,2.0585456460776875e-05,233
48,0.066782841823056299,0.0024141626418320824,0.0024150260345255454,0.00035750864840373899,2.5916255186184967,2.5911001960244264,0.00020274113477983,0.0047326875457049458,0.004732062404013593,0.00013210766003901941,0.001826146374815669,0.0018262753448415792,7.0619157332666747e-05,0.01350403253962648,0.99999557336491685,2.1278851373073432e-05,233
49,0.068203753351206431,0.0024118769411603609,0.0024127605552368946,0.00036622534905745061,2.5916281910909276,2.5911001960244264,0.00020377253929093671,0.0047371457623868489,0.0047365064860191422,0.00013496790716821771,0.0018278647294667609,0.0018279904780550179,6.8790614484404858e-05,0.01351693416799921,0.99999538817253075,2.1929510622910135e-05,234
50,0.069624664879356563,0.0024095977121085595,0.0024105014436760696,0.00037491434401795389,2.5916308604227298,2.5911001960244264,0.00020480273171898664,0.0047415999224367225,0.0047409464102587022,0.00013784424489720939,0.0018295815175095205,0.001829704006635029,6.6944776348705024e-05,0.013529728619893946,0.99999520028244027,2.2629801189778658e-05,234
51,0.071045576407506708,0.0024073248873343325,0.002408248659071788,0.00038358652624001467,2.5916332891642795,2.5911001960244264,0.00020574007160008433,0.0047460503587095498,0.0047453821667263248,0.00014080888740852719,0.0018312970351758379,0.0018314159267199522,6.4917827992900997e-05,0.013542418760563233,0.9999950188454888,2.3338151898508236e-05,234
52,0.07246648793565684,0.0024050585264372053,0.0024060021932992602,0.00039221363333876363,2.5916359397621225,2.5911001960244264,0.0002067630339104794,0.0047504964385828531,0.0047498138092647692,0.00014371706881485826,0.0018330107117664393,0.0018331262590896705,6.3032932215249115e-05,0.013555003439985324,0.99999482607078716,2.4046213602178408e-05,234
53,0.073887399463806971,0.0024027985635963513,0.0024037620064308435,0.00040080624950171277,2.5916385834883577,2.5911001960244264,0.00020778334421701225,0.0047549384825823198,0.0047542413286963889,0.00014663830414391081,0.0018347228324491721,0.0018348350002021961,6.1132337791461642e-05,0.013567485433076907,0.99999463072205252,2.4757594215623443e-05,234
54,0.075308310991957103,0.0024005449723882941,0.0024015280692863848,0.00040936306789983966,2.5916412190101825,2.5911001960244264,0.00020880048814252405,0.0047593764978081246,0.0047586647365518379,0.00014957163315575686,0.0018364334009264825,0.0018365421545076281,5.9216490554631974e-05,0.013579866190352834,0.99999443280435296,2.5418111752257584e-05,235
55,0.076729222520107235,0.0023982976784144164,0.0023993003402538664,0.00041789759398936082,2.5916435712261352,2.5911001960244264,0.00020970829400672507,0.0047638108706333443,0.0047630840192523401,0.00015260099928246848,0.0018381427614212909,0.0018382477167654223,5.7095321361843753e-05,0.013592148659269939,0.99999424284354244,2.6139112760600348e-05,235
56,0.078150134048257366,0.0023960567544764025,0.0023970788154108113,0.00042637769264739926,2.5916461767914369,2.5911001960244264,0.00021071387661821054,0.0047682408633870667,0.0047674992375662329,0.00015555866584939402,0.001839850248883257,0.0018399517104282944,5.5143591248804213e-05,0.01360433124961275,0.99999404011519966,2.6858133942169807e-05,235
57,0.079571045576407512,0.0023938221277569629,0.0023948634539834482,0.00043481653400874643,2.5916487698262141,2.5911001960244264,0.00021171462324356271,0.0047726668493203069,0.0047719103787756479,0.00015852572337141799,0.0018415561957650392,0.0018416541305879561,5.3177641387868742e-05,0.013617213524834139,0.99999383474875192,2.7579661685591659e-05,235
58,0.080991957104557644,0.0023915937716687671,0.002392654227602303,0.00044321319867376676,2.591651348893385,2.5911001960244264,0.00021270997926063035,0.0047770888358198453,0.0047763174543242349,0.00016150130366900364,0.0018432606059683239,0.0018433549816609285,5.1197785311842964e-05,0.013630217557658439,0.99999362669704261,2.8303455705771878e-05,235
59,0.082412868632707775,0.0023893716045563793,0.0023904510936938635,0.00045158386228102401,2.5916535997926697,2.5911001960244264,0.00021357868333011896,0.0047815072652211722,0.0047807204468308471,0.00016458155189700037,0.0018449638738771605,0.0018450542569391937,4.8986668924903704e-05,0.013643116221215876,0.99999342794994728,2.8973383245868274e-05,236
60,0.083833780160857907,0.0023871557131572769,0.0023882540526047888,0.00045989221553460844,2.5916561369734619,2.5911001960244264,0.0002145578738670272,0.0047859212891470772,0.0047851194242824642,0.00016757468174020618,0.0018466652349705928,0.0018467519826614047,4.6973113675429e-05,0.013655907401139472,0.99999321475115299,2.9699690762138835e-05,236
61,0.085254691689008039,0.0023849460175759804,0.0023860630625766057,0.00046815401409343787,2.5916586559620729,2.5911001960244264,0.00021553004337822489,0.0047903313360858641,0.0047895143701540705,0.0001705738554381473,0.0018483650711739283,0.001848448152449956,4.4946500618679554e-05,0.013668594374797212,0.9999929987002919,3.0427587298205499e-05,236
62,0.08667560321715817,0.0023827424283836282,0.0023838780802281317,0.00047638839163905843,2.5916608121230786,2.5911001960244264,0.00021636218449304858,0.0047947378921959077,0.0047939052640424556,0.00017368473250762019,0.0018500638161318944,0.0018501427584305054,4.2668220196151811e-05,0.013681180580922391,0.99999279295103682,3.1163056970342492e-05,236
63,0.088096514745308316,0.0023805450455221364,0.0023816991091216715,0.0004845547429207786,2.5916632810717752,2.5911001960244264,0.00021731504177752839,0.0047991400219454744,0.0047982921794802779,0.00017669671489000413,0.0018517606268514957,0.0018518358289819849,4.0609501831780649e-05,0.013693663546328184,0.99999257143416498,3.1826371298348299e-05,237
64,0.089517426273458447,0.0023783537815295613,0.0023795261066702146,0.00049267168675608535,2.5916657282758746,2.5911001960244264,0.00021825950702943948,0.0048035381971420323,0.0048026750969079931,0.00017971239291095814,0.0018534559240159503,0.0018535273565556544,3.8538702680281192e-05,0.013706046610496824,0.99999234692118155,3.2556418560750409e-05,237
65,0.090938337801608579,0.002376168612337528,0.0023773590457335458,0.0005007377401213775,2.5916681528065055,2.5911001960244264,0.00021919522176353157,0.0048079324251805982,0.0048070540273725173,0.00018273100387037532,0.0018551497111904973,0.0018552173454149208,3.6456226862392741e-05,0.013718331156857924,0.99999211938221522,3.3287224668191083e-05,237
66,0.092359249329758711,0.0023739894413855969,0.0023751978817293097,0.00050877459642772647,2.5916701687951464,2.5911001960244264,0.00021997326525409453,0.0048123232522761404,0.004811428946188607,0.00018587120324031124,0.0018568424756431731,0.0018569057860328491,3.4094562121677977e-05,0.013730520707543893,0.99999190361968249,3.4025586040903468e-05,237
67,0.093780160857908842,0.0023718163834512856,0.0023730426225460509,0.00051673707126660023,2.5916725354759382,2.5911001960244264,0.0002208866536268865,0.0048167096231129958,0.0048157999344977344,0.00018889667918822495,0.0018585332665218249,0.0018585927097248907,3.1982909840736063e-05,0.013742612314482837,0.99999167041222803,3.4757552928923242e-05,237
68,0.095201072386058988,0.0023696493439845983,0.0023708932243760687,0.00052464631417458156,2.5916748775149054,2.5911001960244264,0.00022179053182148518,0.0048210920689683917,0.0048201669684560054,0.00019192291852965563,0.0018602225575421022,0.0018602781072888177,2.9860990406669283e-05,0.013755099821617675,0.99999143418456948,3.5415165807383854e-05,238
69,0.09662198391420912,0.0023674882989551996,0.0023687496606840009,0.00053250106996827684,2.5916771945958912,2.5911001960244264,0.00022268477782142864,0.0048254705971507066,0.0048245300587536526,0.00019494922523023228,0.0018619103518033313,0.001861961982850381,2.7729377680788789e-05,0.013768001260844836,0.99999119497293876,3.6145877707320371e-05,238
70,0.098042895442359251,0.0023653331443884598,0.0023666118855760719,0.00054032568475030846,2.5916790583531837,2.5911001960244264,0.00022340406968646612,0.0048298458163547088,0.0048288891761907801,0.00019810770738858013,0.0018635971922479132,0.0018636443251402763,2.5290712249808117e-05,0.013780800843113322,0.99999096931459708,3.6884318932619851e-05,238
71,0.099463806970509383,0.0023631840102037193,0.0023644799113240744,0.00054807026024992263,2.5916813146072712,2.5911001960244264,0.00022427484036952359,0.0048342165466591404,0.0048332444097881266,0.00020113546690190981,0.0018652820157372206,0.0018653251685148509,2.3134185051856802e-05,0.013793494952096086,0.99999072474785888,3.761496261549803e-05,238
72,0.10088471849865951,0.0023610407944080398,0.0023623536928085685,0.00055575860825812177,2.5916835458318346,2.5911001960244264,0.00022513595124696285,0.0048385833813126798,0.0048375957312221723,0.00020416135315589579,0.0018669653511882269,0.0018670045020430261,2.0969877017633607e-05,0.013806087482553122,0.99999047742109071,3.8265020978247948e-05,239
73,0.10230563002680965,0.0023589034728604143,0.0023602332040719236,0.00056338975708638899,2.5916857523045613,2.5911001960244264,0.00022598750948856871,0.0048429463276343492,0.0048419431508147639,0.00020718475792440833,0.0018686472012773682,0.0018686823297083793,1.8798503337131034e-05,0.013818579809103931,0.99999022744226529,3.8993357627108528e-05,239
74,0.10372654155495979,0.0023567719338298651,0.0023581183978447179,0.00057099084426099603,2.5916874617309569,2.5911001960244264,0.00022664723943578157,0.0048473060592521969,0.0048462866347065573,0.00021035168211864583,0.0018703281668132699,0.0018703586384433554,1.629186481094473e-05,0.013830976024640718,0.99998999313222636,3.9729803663996502e-05,239
75,0.10514745308310992,0.0023546463226501928,0.0023560092908751539,0.00057850715200483734,2.5916896090898902,2.5911001960244264,0.00022747598351006713,0.0048516612670803354,0.0048506262801435735,0.00021337181571763945,0.0018720070683094136,0.0018720334657787376,1.4100960162558692e-05,0.013843272022462471,0.99998973867027652,4.045719210425966e-05,239
76,0.10656836461126006,0.0023525265295951795,0.0023539058366882372,0.00058596528015678636,2.591691733075224,2.5911001960244264,0.00022829570686043926,0.0048560126088600265,0.0048549620542198049,0.00021638781693638422,0.0018736844922131333,0.0018737067990148989,1.1905172024392412e-05,0.013855471801079863,0.99998948196003346,4.1183872782597105e-05,239
77,0.10798927613941019,0.0023504125303797233,0.002351808009919641,0.00059336456633864219,2.5916938342849658,2.5911001960244264,0.00022910664027975668,0.0048603600920872859,0.0048592939669635619,0.00021939918246809869,0.0018753604410330484,0.0018753786420221293,9.7052342780701723e-06,0.01386757664552464,0.9999892231512012,4.18224309814897e-05,240
78,0.10941018766756032,0.0023483042053640516,0.0023497157619080528,0.00060073501947953141,2.5916953949844692,2.5911001960244264,0.00022970897109884496,0.004864704457616372,0.0048636219798077335,0.00022256618897040039,0.001877035575643149,0.0018770489799159755,7.1411417442426876e-06,0.013879590756144391,0.99998898235694034,4.2555505759182379e-05,240
79,0.11083109919571045,0.002346201715712874,0.002347629113993473,0.00060801694445293596,2.5916974413739449,2.5911001960244264,0.00023049874737951197,0.004869044263040731,0.0048679461986203933,0.00022557036900878449,0.0018787085966560546,0.0018787178535547848,4.9272426472508152e-06,0.013891592137581107,0.99998872025939467,4.3278352527151366e-05,240
80,0.1122520107238606,0.0023441049439243016,0.0023455480183399722,0.00061523976673555076,2.591699466734843,2.5911001960244264,0.00023128040796570364,0.0048733802329389148,0.0048722665858888592,0.00022856857900199773,0.0018803801503569589,0.0018803852484610469,2.7112019157494554e-06,0.013904402396096026,0.99998845651675194,4.4000305201729129e-05,240
81,0.11367292225201073,0.0023420137659896801,0.0023434724252576139,0.00062243500380572555,2.5917009178440429,2.5911001960244264,0.00023184044389258095,0.0048777131604172391,0.0048765830995379381,0.00023173210755047632,0.0018820509445491341,0.0018820511483964113,1.0831123125398796e-07,0.013917113971850602,0.99998821257004755,4.4731433450148911e-05,240
82,0.11509383378016086,0.0023399283538166091,0.0023414023595884881,0.00062953971402768131,2.5917028913410798,2.5911001960244264,0.00023260208832452073,0.0048820414995934033,0.0048808958521303868,0.00023472073523479381,0.001883719586803094,0.0018837155968029476,2.1181542230908332e-06,0.013929721621676489,0.99998794640222444,4.5357206034984971e-05,241
83,0.11651474530831099,0.0023378485856001352,0.0023393377724887669,0.00063658480880567612,2.5917048450220408,2.5911001960244264,0.00023335608501056412,0.0048863660270183828,0.0048852048027175875,0.00023770227609482526,0.0018853867701809337,0.0018853785778770922,4.3451771107004976e-06,0.013942229976756761,0.99998767897295815,4.6074683772217984e-05,241
84,0.11793565683646112,0.0023357744360170893,0.0023372786397311382,0.00064357055614984861,2.591706779080706,2.5911001960244264,0.00023410250873751533,0.004890686750769084,0.004889509961128545,0.00024067639699979423,0.001887052497699543,0.0018870400954122159,6.5723496587448512e-06,0.013954640368619247,0.99998741038000782,4.6791007632124282e-05,241
85,0.11935656836461125,0.0023337057733110083,0.0023352249102613133,0.00065053132297009011,2.5917080926640028,2.5911001960244264,0.00023460946840616034,0.0048950045342582935,0.0048938112806155478,0.00024382910870965064,0.0018887175404181974,0.0018887001313666735,9.2174777958716438e-06,0.013966957640218162,0.99998716382414421,4.7517234342276621e-05,241
86,0.1207774798927614,0.0023316427862720467,0.0023331766136692844,0.0006573987533783493,2.5917099761767912,2.5911001960244264,0.00023533638463706991,0.0048993176922902644,0.0048981088829780153,0.00024679102509337286,0.0018903803810322881,0.0018903587327473001,1.1451945396902689e-05,0.013979176075751503,0.99998689358632264,4.8230981823202008e-05,241
87,0.12219839142091153,0.0023295853455186232,0.0023311336997592527,0.00066420653641163731,2.5917118398123917,2.5911001960244264,0.00023605562953673336,0.0049036270713895573,0.0049024027226606415,0.00024974462486656863,0.0018920417756568646,0.0018920158819726422,1.3685764728042044e-05,0.01399130043212367,0.99998662236365377,4.8842838779511855e-05,242
88,0.12361930294906166,0.0023275334264743494,0.0023290961449846824,0.00067095491686677312,2.5917136832089596,2.5911001960244264,0.00023676706345606379,0.004907932679911688,0.0049066928095107291,0.00025268963211954324,0.0018937017278215992,0.0018936715828431335,1.5918799615943428e-05,0.014003331968101836,0.99998635017387516,4.9552641858902782e-05,242
89,0.12504021447721181,0.0023254868898686986,0.0023270638969240262,0.00067768102861816867,2.5917148572809201,2.5911001960244264,0.00023722018061546297,0.0049122354526394746,0.0049109790920916991,0.00025582689810238566,0.0018953610729357446,0.0018953258155075231,1.8602304644968146e-05,0.014015275645401778,0.99998610197463966,5.0272992861441651e-05,242
90,0.12646112600536194,0.0023234459416595949,0.002325036989929368,0.00068431094931590782,2.5917166472089037,2.5911001960244264,0.00023791097905944249,0.0049165335625099256,0.0049152617016393957,0.00025875750829417181,0.0018970181666289354,0.0018969786306145063,2.0841570796339193e-05,0.014027125292588129,0.99998582829151605,5.0979943757748106e-05,242
91,0.12788203753351207,0.0023214104450157351,0.002323015372425124,0.00069088109723247214,2.5917184150764383,2.5911001960244264,0.00023859326357213639,0.0049208279271086624,0.0049195405879231789,0.00026167874062138166,0.0018986738291025074,0.0018986300087782486,2.3079970323939562e-05,0.014039431446229451,0.99998555357771146,5.1578840470141332e-05,243
92,0.1293029490616622,0.0023193803762074925,0.0023209990215173489,0.00069739163819132119,2.5917201600879691,2.5911001960244264,0.00023926672711997862,0.0049251185548823519,0.0049238157607986929,0.00026459033947436836,0.0019003280642440894,0.0019002799538024022,2.531755470602286e-05,0.01405206153881026,0.99998527777811963,5.2280886293678572e-05,243
93,0.13072386058981234,0.0023173555885022219,0.002318987883376701,0.00070388245069323498,2.5917211847901136,2.5911001960244264,0.00023966219702347444,0.0049294064527174216,0.0049280871640435299,0.00026770806399642141,0.0019019817724400096,0.0019019284439886911,2.8039147049443972e-05,0.0140645975865103,0.9999850276372364,5.2994045140433872e-05,243
94,0.13214477211796247,0.0023153363050206627,0.0023169819970703907,0.00071027399082465223,2.5917228700834527,2.5911001960244264,0.00024031261314466111,0.0049336896495541334,0.0049323549383992644,0.0002706032253433223,0.0019036331802694902,0.001903575533654418,3.0283334731406108e-05,0.014077032506152038,0.99998474992509989,5.3692477622985989e-05,243
95,0.1335656836461126,0.0023133223814124975,0.0023149813095806005,0.00071660542624577461,2.5917245298981157,2.5911001960244264,0.00024095319611616996,0.0049379691348013094,0.0049366190288146188,0.00027348798414666286,0.0019052831725891129,0.0019052212015532881,3.2526950557941963e-05,0.014089371767670169,0.99998447090039078,5.4388820396420945e-05,243
96,0.13498659517426273,0.0023113137946699333,0.0023129857985975263,0.00072287686703772548,2.5917261633697422,2.5911001960244264,0.0002415836123497497,0.0049422449167759262,0.0049408794450543766,0.00027636208021961052,0.0019069317532952857,0.0019068654514538884,3.4770067991302612e-05,0.014101616643857702,0.9999841904780894,5.4970076861842571e-05,244
97,0.13640750670241286,0.0023093103904453481,0.0023109954088097909,0.00072913098746075187,2.5917270247965907,2.5911001960244264,0.00024191606836586262,0.0049465180751260933,0.0049451361259370335,0.00027945624829446092,0.0019085798881594471,0.0019085082597440454,3.7531100552469349e-05,0.014113772797143849,0.99998393724973444,5.5674444777624103e-05,244
98,0.13782841823056299,0.0023073124088033672,0.0023090101839167571,0.00073528264414578659,2.591728591779737,2.5911001960244264,0.00024252082427177267,0.0049507864928594516,0.0049493892216971513,0.00028231183681714101,0.0019102256727660484,0.0019101496844047526,3.9781364736067254e-05,0.014125832679238302,0.99998365426225744,5.6362723034987236e-05,244
99,0.13924932975871313,0.002305319697653276,0.0023070300693757073,0.00074137383172215667,2.5917301302433313,2.5911001960244264,0.0002431145734431315,0.0049550512319034316,0.0049536386722681377,0.00028515596892479385,0.0019118700570256572,0.0019117897022541228,4.2031177090048475e-05,0.014137801861091278,0.99998336964813517,5.7048507630405952e-05,244
100,0.14067024128686328,0.0023033322344509347,0.0023050550433762252,0.00074740467922495635,2.5917316396795629,2.5911001960244264,0.00024369711989728928,0.0049593123002912697,0.0049578844871832469,0.0002879883772431274,0.0019135130444695387,0.001913428316971386,4.4280466323806849e-05,0.01414968152711559,0.99998308335107233,5.7731347631170852e-05,244
101,0.14209115281501342,0.0023013498569733723,0.0023030850490403615,0.00075342075088028794,2.5917323262172234,2.5911001960244264,0.00024396207980179339,0.0049635708512468235,0.0049621266000995446,0.00029105487700575123,0.0019151556667472021,0.0019150655029523862,4.708131114937431e-05,0.014161477431826311,0.9999828258803789,5.8307856525963622e-05,245
102,0.14351206434316355,0.0022993728219620536,0.0023011201346200636,0.0007593313498595398,2.5917337651633869,2.5911001960244264,0.00024451742156965107,0.0049678246199070884,0.0049663651707318153,0.00029386666608286692,0.0019167958864763676,0.0019167013218368792,4.9337180713014111e-05,0.0141731815778452,0.99998253659121406,5.8984461482749688e-05,245
103,0.14493297587131368,0.0022974009693350812,0.0022991602439724587,0.00076518139263660333,2.5917351744539738,2.5911001960244264,0.00024506131816965829,0.0049720747415772631,0.0049706001338122134,0.00029666594080234563,0.0019184347191741064,0.0019183357484356253,5.1591979434188932e-05,0.014185679017922961,0.99998224555338289,5.9658236923961024e-05,245
104,0.14635388739946381,0.0022954342767669751,0.0022972053557185975,0.00077097110504879937,2.5917365542084534,2.5911001960244264,0.00024559381570938096,0.0049763212239904439,0.0049748314985308892,0.00029945244577523651,0.0019200721677941801,0.0019199687862954378,5.3845405967139744e-05,0.014198146959876866,0.99998195278502888,6.0329115424197331e-05,245
105,0.14777479892761394,0.0022934725739334242,0.0022952554113508622,0.00077674903133709001,2.5917370621917124,2.5911001960244264,0.0002457898649628186,0.0049805652950148044,0.0049790591932205447,0.00030248722415480192,0.0019217093306536932,0.001921600407757295,5.6683426980160863e-05,0.014210525173335405,0.9999816907668938,6.1012950430557747e-05,245
106,0.14919571045576407,0.002291516134093282,0.0022933104636326633,0.00078241893883789122,2.5917383723348268,2.5911001960244264,0.00024629549693971068,0.0049848045399040041,0.0049832833871402988,0.00030525110565270223,0.0019233440354603881,0.0019232306781444589,5.894109178756214e-05,0.01422280461704188,0.99998139516186524,6.1552793248289859e-05,246
107,0.15061662198391421,0.0022895647890183394,0.0022913704547804698,0.00078802873553828715,2.5917396542586082,2.5911001960244264,0.00024679023804749018,0.004989040168456884,0.0049875040097046765,0.00030800150721050127,0.0019249773642422609,0.0019248595702154232,6.1196166546625518e-05,0.014234991590653379,0.99998109801167301,6.2213566161530224e-05,246
108,0.15203753351206434,0.0022876185164908205,0.0022894353638218787,0.00079357878355875095,2.5917409086861047,2.5911001960244264,0.00024727436733684342,0.0049932721882328442,0.0049917210697375753,0.00031073821505625662,0.0019266093194339425,0.0019264870873756507,6.3448158616174685e-05,0.014247087268668298,0.99998079941834506,6.2871476663942924e-05,246
109,0.15345844504021447,0.0022856771380080419,0.0022875051306022456,0.00079912065321682151,2.5917412444912555,2.5911001960244264,0.00024740396678317613,0.0049975019029838089,0.0049959344901796187,0.00031373766154684798,0.0019282410671227293,0.0019281131998851199,6.63172876037437e-05,0.014259098135477792,0.9999805338488339,6.3543142555236453e-05,246
110,0.1548793565683646,0.0022837409433669772,0.0022855798124073209,0.00080455253864308396,2.591742434905294,2.5911001960244264,0.00024786339094603978,0.0050017267460768658,0.0050001444500089509,0.00031645007133986215,0.0019298702983422179,0.0019297379768180196,6.8569684479351982e-05,0.01427101471443957,0.99998023322872653,6.4065196469897742e-05,247
111,0.15630026809651473,0.0022818097562067874,0.0022836593498203259,0.0008099253567236301,2.5917436005571464,2.5911001960244264,0.00024831325847882125,0.0050059480030856243,0.0050043508733084996,0.00031914824071254457,0.0019314981628620581,0.0019313613888751846,7.0817397335014943e-05,0.014282843409421176,0.99997993156499088,6.4712876567283968e-05,247
112,0.15772117962466489,0.0022798835544875292,0.0022817437222994192,0.0008152395879128222,2.5917447424587903,2.5911001960244264,0.00024875395994056345,0.0050101656816004588,0.005008553768618816,0.00032183202100022047,0.0019331246629046158,0.0019329834393527251,7.3059887123497918e-05,0.014294585323774136,0.99997962901058191,6.5357530348998514e-05,247
113,0.15914209115281502,0.0022779621516422137,0.0022798328680755284,0.00082054981288776595,2.5917449198760916,2.5911001960244264,0.00024882243174322353,0.0050143811624429012,0.0050127530535300857,0.00032479336113892462,0.0019347510335556606,0.0019346040964456899,7.595203082669785e-05,0.014306247045208236,0.99997936198986559,6.6017067115507679e-05,247
114,0.16056300268096516,0.002276045854175852,0.0022779268490046543,0.0008257485659051132,2.591746005658877,2.5911001960244264,0.00024924147489220144,0.0050185917252936725,0.0050169489169970202,0.00032745166909844622,0.0019363748277554842,0.001936223433078589,7.8190705839407723e-05,0.014317986629119041,0.99997905861365699,6.6656028036805198e-05,247
115,0.16198391420911529,0.0022741344777753932,0.0022760256040838013,0.00083088973384787376,2.591747070625003,2.5911001960244264,0.00024965248413359866,0.0050227987327156713,0.0050211412778459735,0.00033009524687361354,0.0019379972643335205,0.0019378414179235541,8.0422685016899321e-05,0.014330399566712742,0.9999787548124951,6.7156363689456066e-05,248
116,0.16340482573726542,0.002272228000790584,0.002274129113256584,0.00083597384815039578,2.5917481156158071,2.5911001960244264,0.00025005578417028356,0.0050270021925100392,0.005025330144488015,0.00033272401493026927,0.0019396183457108865,0.0019394580542267232,8.2647564258479713e-05,0.014342719315378947,0.99997845072981251,6.778816937469562e-05,248
117,0.16482573726541555,0.0022703262288548331,0.0022722373132032731,0.00084105843053242752,2.5917481496572989,2.5911001960244264,0.00025006892202265218,0.0050312035634451644,0.0050295154292769855,0.0003356454894943104,0.0019412393770245112,0.0019410733081622492,8.5555172781841247e-05,0.014354953174455433,0.99997818469061883,6.843595128099124e-05,248
118,0.16624664879356568,0.0022684294853878061,0.0022703502703984072,0.00084603025165100917,2.5917491451666783,2.5911001960244264,0.0002504531253741486,0.0050353999701210402,0.0050336973314070331,0.00033824813092829162,0.0019428577721387493,0.0019426872566064132,8.7773022526510349e-05,0.014367090119971887,0.99997788091258066,6.9062239758400617e-05,248
119,0.16766756032171581,0.0022665375783987745,0.0022684679223128061,0.00085094609231394468,2.5917501225063977,2.5911001960244264,0.00025083031639164629,0.0050395928529828327,0.0050378757645562662,0.00034083580199554501,0.0019444748200143638,0.0019442998662444523,8.9982915160833352e-05,0.014379137378797867,0.9999775771959476,6.9685658709335566e-05,248
120,0.16908847184986595,0.0022646504868765989,0.0022665902494275756,0.00085580644823938579,2.591751081966422,2.5911001960244264,0.00025120060698318386,0.005043782220102341,0.0050420507371587101,0.00034340847284027872,0.0019460905235835788,0.0019459111403313629,9.2184709002350316e-05,0.014391096090171508,0.99997727361593269,7.01650412703025e-05,249
121,0.17050938337801608,0.0022627680089641112,0.0022647171869337899,0.00086067169045407935,2.5917509820560851,2.5911001960244264,0.00025116204794287892,0.0050479696086108477,0.0050462221564461021,0.00034628918635962034,0.0019477062586492002,0.0019475210430644925,9.5103252089220105e-05,0.014402973660218794,0.99997701034255981,7.0801370290905227e-05,249
122,0.17193029490616621,0.0022608904851000628,0.0022628488059328079,0.00086542274835631411,2.5917518944490863,2.5911001960244264,0.00025151417365478737,0.0050521519871380904,0.0050503902320301851,0.00034883544181042817,0.0019493192994123373,0.0019491296553406515,9.7296796632364565e-05,0.01441475867938732,0.99997670765674085,7.141522521380154e-05,249
123,0.17335120643431634,0.0022590177158710988,0.0022609850424099476,0.00087011921881262181,2.591752788855648,2.5911001960244264,0.00025185935774418481,0.0050563308744322761,0.0050545548725105553,0.00035136663198171548,0.0019509310055241911,0.0019507369418850934,9.9482218709697658e-05,0.014426458484352842,0.99997640519092135,7.202617180843421e-05,249
124,0.1747721179624665,0.0022571494935139909,0.0022591258304699192,0.00087482376115244017,2.5917525850398611,2.5911001960244264,0.00025178069780381387,0.0050605078675378867,0.0050587159813329499,0.0003542175942569236,0.0019525428070365199,0.0019523428654340082,0.00010241111131226184,0.014438080553819637,0.99997614447064487,7.2654867640593255e-05,249
125,0.17619302949061663,0.0022552861715733406,0.0022572712446313641,0.00087941272576114811,2.5917534307901202,2.5911001960244264,0.00025210710365274915,0.0050646798155419611,0.0050628737759095647,0.00035672223174710514,0.0019541518708428782,0.0019539475098946874,0.00010458876052499383,0.014449613203289521,0.99997584284725294,7.3113715306275274e-05,250
126,0.17761394101876676,0.0022534275447416482,0.0022554212197773604,0.00088394798196900529,2.59175425706588,2.5911001960244264,0.00025242599358262565,0.005068848297046992,0.0050670281610448514,0.00035921173995710526,0.0019557596107840198,0.0019555508385276986,0.00010675879767890742,0.014461350254463592,0.99997554131569821,7.3714862169019655e-05,250
127,0.17903485254691689,0.0022515735938704769,0.0022535757373366482,0.000888429633404518,2.5917550631249373,2.5911001960244264,0.00025273708115018309,0.0050730133202941475,0.0050711791453251064,0.00036168609242130065,0.0019573660306377492,0.0019571528546468066,0.00010892148277349822,0.014473625489834583,0.99997523979385372,7.4312965157239045e-05,250
128,0.18045576407506703,0.0022497241040378715,0.0022517347299403517,0.00089292307648223103,2.591754718808517,2.5911001960244264,0.00025260419689476424,0.0050771765605670746,0.0050753266270751243,0.00036449545573709362,0.0019589726310602251,0.0019587535190118441,0.00011186300177860841,0.01448581759920123,0.99997498163528709,7.4929625231248367e-05,250
129,0.18187667560321716,0.002247879445442484,0.0022498982765966117,0.00089729885796502871,2.5917554706464117,2.5911001960244264,0.00025289435853952102,0.0050813347102404522,0.0050794708340948479,0.00036694297624341189,0.0019605764385530987,0.0019603529195391114,0.0001140197827439513,0.014497913642536412,0.99997468031376724,7.5521722522316103e-05,250
130,0.18329758713136729,0.0022460394055175159,0.002248066310672855,0.00090162160507289491,2.5917561997565324,2.5911001960244264,0.00025317574870800685,0.0050854894261012466,0.0050836116660065746,0.00036937520370180566,0.001962178937424351,0.0019619510174891945,0.00011617004355600935,0.014509921772369351,0.99997437868062666,7.595898680315554e-05,251
131,0.18471849865951742,0.0022442039657433166,0.0022462388140590743,0.00090589135181069812,2.5917569052812985,2.5911001960244264,0.0002534480364285849,0.0050896407161786887,0.0050877491313553215,0.00037179207829048593,0.0019637801314650225,0.0019635478161599269,0.00011831405539688824,0.014521843098007216,0.99997407661781279,7.6543361610769854e-05,251
132,0.18613941018766755,0.0022423729039570514,0.0022444157178604395,0.00091017625974188149,2.5917564078863267,2.5911001960244264,0.0002532560735810501,0.0050937903337883858,0.0050918831232043861,0.00037455898689195286,0.0019653815915294912,0.0019651432742805383,0.00012127220038962007,0.014533685916646685,0.999973819352454,7.7147027630458751e-05,251
133,0.18756032171581768,0.0022405466065861484,0.0022425971054376957,0.00091434116568480772,2.5917570527101748,2.5911001960244264,0.00025350493460506005,0.0050979348143659446,0.0050960138795836983,0.0003769484988928637,0.0019669802032698568,0.0019667374837154532,0.00012341227866622328,0.014545436919961406,0.99997351656865485,7.7724859941251891e-05,251
134,0.18898123324396782,0.0022387248536634213,0.0022407829085808253,0.00091845350547925151,2.5917576718286988,2.5911001960244264,0.00025374387500765554,0.005102075892690826,0.0051001412947677014,0.00037932241702974887,0.0019685775210191202,0.0019683304036613265,0.00012554668531972527,0.014557104329271054,0.9999732130289084,7.8299177059842581e-05,251
135,0.19040214477211798,0.0022369076270351311,0.0022389731095513337,0.00092251331978549509,2.5917582647541377,2.5911001960244264,0.0002539727065441121,0.0051062135764137493,0.0051042653770880138,0.0003816806497719626,0.0019701735481484576,0.0019699220373336325,0.00012767551713137231,0.01456868917575292,0.99997290864819599,7.8713465782833232e-05,252
136,0.19182305630026811,0.0022350946971012638,0.0022371676378603093,0.00092659160805134619,2.591757603621426,2.5911001960244264,0.0002537175513352544,0.0051103496969329074,0.0051083860141638371,0.00038440375563350288,0.0019717699254715366,0.001971512341360527,0.00013065305532494842,0.01458019981463016,0.99997265058815255,7.9303121132061707e-05,252
137,0.19324396782841824,0.0022332864660687345,0.002235366581092938,0.00093054760762615631,2.5917581322093959,2.5911001960244264,0.00025392155269755222,0.0051144806323320099,0.0051125034541073177,0.00038673386579401504,0.001973363397136163,0.0019731014114975284,0.00013277859774869354,0.014591622586639185,0.9999723448255573,7.9865709172314455e-05,252
138,0.19466487935656837,0.0022314827063828367,0.0022335698694045348,0.00093445163739363103,2.5917586341470877,2.5911001960244264,0.00025411526874628891,0.0051186081954595151,0.0051166175856832254,0.00038904798784642321,0.0019749555873068321,0.0019746892048149072,0.0001348984393470104,0.01460326210982821,0.99997203808616908,8.0424587317219639e-05,252
139,0.1960857908847185,0.0022296833999985569,0.0022317774853568098,0.00093830382822327645,2.5917591096340571,2.5911001960244264,0.00025429877649719838,0.0051227323935717521,0.0051207284168722153,0.00039134602275213404,0.0019765464986809885,0.0019762757243926899,0.00013701240416832435,0.014615414855062327,0.9999717303721305,8.0979738697406018e-05,252
140,0.19750670241286863,0.0022278885285355824,0.0022299894115807594,0.00094210449353110415,2.5917595590546934,2.5911001960244264,0.00025447222430016291,0.0051268532338430133,0.0051248359555573584,0.00039362787475517071,0.0019781361337827797,0.0019778609732732412,0.00013912024821598743,0.014627480065238011,0.99997142171116726,8.1370038918242274e-05,253
141,0.19892761394101877,0.0022260978531451581,0.0022282055755238192,0.00094592815035283442,2.5917586953903249,2.5911001960244264,0.00025413890474355454,0.0051309726445103758,0.0051289400823430189,0.00039629282750917161,0.001979726219742706,0.0019794449053774327,0.0001421178051024034,0.014639466889301957,0.99997116174865475,8.1941527920246045e-05,253
142,0.2003485254691689,0.0022243117950906072,0.0022264260699686234,0.00094962725532857554,2.5917590834627808,2.5911001960244264,0.00025428867604786128,0.0051350868087689013,0.0051330410579465526,0.00039854557936599267,0.0019813133255842776,0.0019810276213255949,0.00014422022974696621,0.014651360208820123,0.99997085185883783,8.2484602324379817e-05,253
143,0.20176943699731903,0.0022225301174759282,0.0022246508229937243,0.00095327567628893616,2.5917594476460732,2.5911001960244264,0.00025442922765330303,0.0051391976363498416,0.0051371387641188995,0.00040078189931768571,0.0019828991618097277,0.0019826090754811055,0.00014631544473880787,0.014663169104471607,0.99997054125422857,8.3023948818291413e-05,253
144,0.20319034852546916,0.0022207528019350252,0.0022228798175112346,0.00095687385321209083,2.5917597889349264,2.5911001960244264,0.00025456094346024176,0.0051433051342342591,0.0051412332083747387,0.00040300172654010016,0.0019844837303953544,0.0019841892707441527,0.00014840300547099036,0.014674894580869149,0.99997023005603258,8.3559592995044715e-05,253
145,0.20461126005361929,0.002218979601961314,0.0022211129793397802,0.00096049926244651165,2.5917587718677209,2.5911001960244264,0.0002541684201579291,0.0051474113099713812,0.0051453242657170583,0.00040561957741491706,0.0019860688293386036,0.0019857681588738348,0.0001514126729372285,0.014686545848103652,0.99996996987904019,8.3951881090496471e-05,254
146,0.20603217158176942,0.0022172109541936541,0.0022193504053964076,0.00096399883387110702,2.5917590596802738,2.5911001960244264,0.00025427949751161198,0.0051515121878537573,0.005149412207044751,0.00040780980907555636,0.0019876508846811019,0.001987345844419907,0.00015349128187799047,0.014698107474410003,0.99996965840319485,8.4479607420077387e-05,254
147,0.20745308310991958,0.0022154466141311676,0.0022175920221512496,0.00096744937691503044,2.5917593280585964,2.5911001960244264,0.00025438307448755762,0.0051556097569796684,0.005153496908579738,0.00040998344180878692,0.0019892316779434802,0.001988922279611898,0.00015556079528783213,0.01470958861131263,0.99996934678512328,8.5003619021089812e-05,254
148,0.20887399463806972,0.0022136865635431569,0.0022158378128424769,0.00097085142552036765,2.5917595781916787,2.5911001960244264,0.00025447960996026172,0.0051597040243791638,0.0051575783775942123,0.00041214047161858757,0.0019908112109608524,0.0019904974672564114,0.00015762075039131232,0.014720990210869762,0.999969035190444,8.5524112307729661e-05,254
149,0.21029490616621985,0.002211930548487524,0.0022140877017283516,0.00097428536328696407,2.5917584257327202,2.5911001960244264,0.00025403483404605551,0.0051637970775583993,0.0051616564836148883,0.0004147106554467689,0.0019923913534103913,0.0019920713569990516,0.00016063501451158191,0.014732321553196674,0.99996877714337806,8.6068164123701558e-05,254
150,0.21171581769436998,0.0022101790210802652,0.0022123417898975125,0.00097759253435585405,2.5917586318147436,2.5911001960244264,0.00025411436860969859,0.0051678847812721912,0.0051657315079450478,0.00041683802648891766,0.0019939683880414627,0.0019936440574050075,0.00016268231796469088,0.0147437712028701,0.99996846656626803,8.6412359991492696e-05,255
151,0.21313672922252011,0.0022084317295034722,0.0022106000022923569,0.00098085261315308402,2.5917588229085728,2.5911001960244264,0.00025418811868292929,0.0051719692046463765,0.0051698033214335913,0.00041894886093743646,0.0019955441682811331,0.0019952155186301625,0.00016471887267406783,0.014755812106480021,0.99996815648844273,8.6921919753826977e-05,255
152,0.21455764075067024,0.0022066886559218611,0.0022088623225484977,0.00098406614321197659,2.5917589998710149,2.5911001960244264,0.00025425641493882279,0.0051760503549466734,0.0051738719313026036,0.00042104320961057777,0.0019971186963001855,0.0019967857434617822,0.00016674439883871629,0.014767767670987496,0.99996784704618946,8.7428192366344822e-05,255
153,0.21597855227882037,0.0022049495393195017,0.0022071286734565887,0.00098731630978010198,2.5917577291587506,2.5911001960244264,0.00025376600076408324,0.0051801303999273384,0.0051779372017905249,0.00042356599768246213,0.001998693914036764,0.0019983546795045329,0.00016975691838409113,0.014779648033123333,0.99996759359011256,8.795924748057766e-05,255
154,0.21739946380697051,0.0022032148474123345,0.0022053991603067347,0.00099043879843337948,2.5917578689702414,2.5911001960244264,0.00025381995911391613,0.0051842050445702025,0.0051819994248154741,0.00042563103040230366,0.0020002659610444218,0.0019999224394202557,0.00017176747327542482,0.014791436023443811,0.9999672862275979,8.8459344686006735e-05,255
155,0.21882037533512064,0.002201484321421004,0.0022036737065970549,0.00099351604073533834,2.5917579962752315,2.5911001960244264,0.00025386909074931192,0.0051882764383214689,0.005186058466022451,0.00042767977136189052,0.002001836763223205,0.0020014889713564597,0.00017376656665241548,0.014803141727994386,0.99996697978557181,8.8782608578460051e-05,256
156,0.22024128686327077,0.0021997579441706233,0.0022019522964179085,0.00099654849510362009,2.5917581112222305,2.5911001960244264,0.00025391345298555687,0.0051923445887180654,0.0051901143327488346,0.00042971230039350847,0.0020034063233892768,0.0020030542781449071,0.00017575422104678434,0.014814766143531525,0.99996667430898534,8.9275418972902651e-05,256
157,0.2216621983914209,0.0021980354479350398,0.0022002348511697468,0.00099962203286510206,2.5917567311803937,2.5911001960244264,0.00025338084454419883,0.0051964117435658016,0.0051941668841035725,0.00043218855156527117,0.0020049766558141204,0.0020046183054106049,0.00017876241205033112,0.014826319470237022,0.99996642690448057,8.9794141656360769e-05,256
158,0.22308310991957103,0.0021963173160136633,0.002198521480322999,0.0010025666472050338,2.5917568104199442,2.5911001960244264,0.00025341142597466542,0.0052004734483172398,0.0051982164227135008,0.00043419231140069897,0.0020065437572727371,0.00200618116994828,0.0001807350850902914,0.014837784280697807,0.99996612385299766,9.0280948086444255e-05,256
159,0.22450402144772119,0.0021946032829520553,0.0021968121059821166,0.0010054674334898518,2.5917568766419414,2.5911001960244264,0.00025343698345689665,0.0052045319325338193,0.0052022628091169176,0.00043618008166083731,0.0020081096261147647,0.0020077428179345776,0.00018269679607895369,0.014849170724713031,0.99996582173283788,9.0764638567535655e-05,256
160,0.22592493297587132,0.0021928933323659941,0.0021951067127010072,0.0010083247079544478,2.5917569292550917,2.5911001960244264,0.00025345728878911096,0.0052085872038848749,0.0052063060508212152,0.00043815193371120223,0.002009674265781513,0.0020093032522668741,0.0001846478445801377,0.014860479752777518,0.99996552047911336,9.1067716558407486e-05,257
161,0.22734584450402145,0.0021911871900448625,0.0021934052205194528,0.0010112269515183455,2.591755437168104,2.5911001960244264,0.00025288143804044771,0.0052126415896310771,0.0052103460018555984,0.00044058259752061883,0.0020112397623931288,0.0020108624166097207,0.00018765370534119948,0.014871721613824855,0.9999652789270157,9.1574183678112787e-05,257
162,0.22876675603217159,0.0021894853546178326,0.0021917077429961908,0.0010139985066257334,2.5917554497842645,2.5911001960244264,0.00025288630707661237,0.0052166904762984412,0.005214382975480698,0.00044252614903692635,0.0020128019704685773,0.0020124204318618102,0.0001895918967658732,0.01488289264873981,0.9999649795845017,9.204757257458152e-05,257
163,0.23018766756032172,0.0021877875540701535,0.0021900142008402491,0.0010167270921079934,2.5917554463233667,2.5911001960244264,0.00025288497139002027,0.0052207361729563091,0.0052184168271027275,0.00044445392739340592,0.0020143629601945597,0.0020139772422191325,0.0001915205233412904,0.014894832853409094,0.99996468078252998,9.2517713943125046e-05,257
164,0.23160857908847185,0.0021860937727291403,0.0021883245790185889,0.0010194128927844266,2.5917554257933912,2.5911001960244264,0.00025287704812424736,0.0052247786871574527,0.005222447564312083,0.00044636596474410703,0.0020159227352858872,0.0020155328506110963,0.00019344000008366221,0.014906690145574381,0.99996438238225849,9.2984519753514156e-05,257
165,0.23302949061662198,0.0021844037299158861,0.0021866387961832533,0.0010221469916606597,2.5917538096395201,2.5911001960244264,0.00025225331544356783,0.0052288204248921834,0.0052264750359727191,0.0004487515779414383,0.0020174834528822187,0.0020170871987087945,0.00019644870766017487,0.014918475650022496,0.99996414497181008,9.3297947817383184e-05,258
166,0.23445040214477211,0.0021827179391169737,0.0021849569698331223,0.0010247481973613495,2.5917537416878833,2.5911001960244264,0.00025222709043039922,0.0052328566144548647,0.0052304995657637653,0.00045063548165217947,0.0020190408256329784,0.0020186404114318,0.00019835835986972412,0.014930170124217745,0.99996384739239386,9.3757265768909718e-05,258
167,0.23587131367292224,0.0021810361216840265,0.002183279019234595,0.0010273068768621484,2.5917536537887704,2.5911001960244264,0.0002521931669591988,0.0052368896436946009,0.0052345210038224257,0.00045250365228175361,0.002020596994640684,0.0020201924309425972,0.00020025998112367823,0.014941784634424934,0.99996354977113744,9.4213059640435305e-05,258
168,0.23729222520107238,0.0021793582623982574,0.002181604929676899,0.0010298231582078364,2.5917535450993094,2.5911001960244264,0.00025215121973494491,0.0052409195198095237,0.0052385393576330676,0.0004543560740815863,0.0020221519633760953,0.0020217432601296764,0.00020215388099906502,0.014953320127989835,0.99996325196921887,9.4665275093774084e-05,258
169,0.23871313672922251,0.0021776840739540578,0.0021799346183607529,0.0010323907826132405,2.5917517906382241,2.5911001960244264,0.00025147410925963661,0.0052449487269931906,0.0052425544707164319,0.0004566964997945904,0.0020237079592029957,0.002023292838601989,0.00020517079539192178,0.014964787739409163,0.99996301638655949,9.5145902723990446e-05,258
170,0.24013404825737267,0.0021760140841318143,0.0021782682065638647,0.0010348231798351923,2.5917516282165871,2.5911001960244264,0.00025141142483034359,0.0052489723358078765,0.0052465666769127735,0.00045852059894501535,0.0020252605530028168,0.0020248412952006559,0.00020705711758972633,0.014976167990799788,0.99996271831814287,9.5406598599853836e-05,259
171,0.2415549597855228,0.0021743480074690865,0.00217660561204793,0.0010372134328548899,2.5917514433600792,2.5911001960244264,0.00025134008196673588,0.005252992812366691,0.0052505758209113757,0.00046032883587533073,0.0020268119559939137,0.0020263885699856117,0.00020893623985698912,0.014987471960024316,0.99996241974569744,9.5847122671182557e-05,259
172,0.24297587131367293,0.0021726858288873769,0.0021749468203334193,0.0010395617147530367,2.5917512358648205,2.5911001960244264,0.00025126000198408179,0.0052570101634042904,0.0052545819098928203,0.00046212116455896266,0.0020283621709743763,0.0020279346657281041,0.00021080819490737373,0.014998700523981575,0.99996212060629786,9.6283869882971766e-05,259
173,0.24439678284182306,0.0021710272542466553,0.0021732917471091171,0.0010419645063641653,2.5917493350479353,2.5911001960244264,0.00025052640747154933,0.0052610269512127191,0.0052585847818568702,0.00046441570444481805,0.0020299134951318179,0.0020294795199063374,0.00021383572547727136,0.015009864822599131,0.99996188516921547,9.6749872665603549e-05,259
174,0.24581769436997319,0.0021693728251422273,0.0021716405173076115,0.0010442299944724508,2.591749072431154,2.5911001960244264,0.00025042505408443862,0.0052650380887584265,0.0052625847806268122,0.00046617930805517929,0.0020314613574143698,0.0020310232652142493,0.00021570023722713441,0.01502094516075647,0.99996158527167023,9.7179251145186379e-05,259
175,0.24723860589812333,0.0021677222491479128,0.0021699930471482838,0.0010464540443367921,2.5917487878322123,2.5911001960244264,0.00025031521698042265,0.0052690461203363089,0.0052665817453180159,0.00046792685226692247,0.0020330080388475608,0.0020325658395605969,0.00021755717741448418,0.015032529053184536,0.99996128478718271,9.7417221251928744e-05,260
176,0.24865951742627346,0.0021660755111100063,0.0021683493223330387,0.0010486369514419076,2.5917484818673167,2.5911001960244264,0.00025019713397610226,0.0052730510522953911,0.005270575682702206,0.0004696582958307854,0.0020345535414363338,0.0020341072455588361,0.00021940626703539619,0.015044300473717472,0.9999609837681297,9.7838144365687693e-05,260
177,0.25008042895442362,0.0021644323099513059,0.0021667092570204802,0.0010508779901117599,2.5917464383664583,2.5911001960244264,0.00024940847251814636,0.0052770555253456655,0.0052745664251778544,0.00047190611837393464,0.0020361002323482386,0.0020356474185254281,0.00022244216689476696,0.015056003024761422,0.99996074837273097,9.8289325953817669e-05,260
178,0.25150134048257372,0.0021627932008232123,0.0021650729797442841,0.0010529801731399371,2.5917460822419613,2.5911001960244264,0.00024927103109556099,0.0052810542946698834,0.0052785543265362169,0.00047360848804733598,0.0020376433983461703,0.0020371864950013128,0.00022428155005867388,0.015067615345213744,0.99996044700581199,9.870271299883073e-05,260
179,0.25292225201072388,0.0021611578843433077,0.0021634404051967598,0.0010550421670822545,2.591745707644066,2.5911001960244264,0.00024912646011527071,0.0052850499830910573,0.005282539220318387,0.00047529467703962604,0.0020391853905664392,0.0020387244107439328,0.00022611188647032917,0.015079149443298877,0.99996014542173384,9.9112875234944574e-05,260
180,0.25434316353887398,0.0021595263452729645,0.0021618115192744893,0.001057064402308199,2.5917453157804307,2.5911001960244264,0.00024897522565667289,0.0052890425968030782,0.0052865211129329648,0.00047696468362621322,0.0020407262104804587,0.0020402611682265987,0.00022793270837193343,0.015090606194628859,0.99995984376999658,9.9328612245859433e-05,261
181,0.25576407506702414,0.0021578985685234879,0.0021601863079317258,0.0010590472682091411,2.5917449079296442,2.5911001960244264,0.0002488178211737808,0.0052930321420052535,0.0052905000107220952,0.00047861851961564401,0.0020422658595029208,0.0020417967698969758,0.00022974353415625807,0.01510198646435356,0.99995954221509487,9.9730496657683454e-05,261
182,0.25718498659517425,0.0021562742443317555,0.0021585646834703198,0.0010610935850585666,2.5917427123072199,2.5911001960244264,0.00024797045045933072,0.0052970213561623087,0.0052944757391682196,0.00048080624399821244,0.002043806791086449,0.0020433311484023787,0.00023277807145558906,0.015113302327775578,0.99995930922878351,0.00010016415741262743,261
183,0.25860589812332441,0.0021546539450312103,0.002156946778973632,0.0010629997757815566,2.5917422665224703,2.5911001960244264,0.00024779840587755707,0.0053010048008194756,0.0052984486648027206,0.00048243102433648602,0.0020453441182375826,0.002044864445200625,0.00023457449127418592,0.015124532209202511,0.99995900884699973,0.00010055931767696954,261
184,0.26002680965147451,0.0021530373626801789,0.0021553325073174006,0.0010648680096596015,2.5917418086669008,2.5911001960244264,0.00024762170272645532,0.0053049851957359473,0.005302418614375407,0.00048403974623618398,0.0020468802787360373,0.0020463965934281536,0.00023635951576396149,0.015135688150699791,0.99995870909359041,0.00010095106218766989,261
185,0.26144772117962467,0.0021514244823691501,0.0021537218547387125,0.0010666987310861671,2.591741339922776,2.5911001960244264,0.00024744079728498773,0.0053089625472857284,0.0053063855941022746,0.00048563247765446264,0.0020484152741275931,0.0020479275954839418,0.00023813275661046282,0.015146770984310838,0.99995841014046072,0.00010114631805276732,262
186,0.26286863270777477,0.0021498149879301967,0.0021521147321734383,0.001068597416699543,2.5917390423455768,2.5911001960244264,0.00024655407850711608,0.0053129396722344244,0.005310349424190659,0.00048777356005348389,0.0020499516291679217,0.0020494573819794491,0.00024116002255934038,0.01515779281169412,0.9999581822018293,0.00010156711935372173,262
187,0.26428954423592493,0.0021482094654031885,0.0021505112763774816,0.0010703552218384251,2.591738545104413,2.5911001960244264,0.000246362175019724,0.0053169109741492832,0.0053143104815792539,0.00048933771917225631,0.0020514843151106053,0.002050986098389055,0.00024291569891262047,0.015168926106403897,0.99995788576041866,0.000101948704481129,262
188,0.26571045576407509,0.0021466076005785648,0.0021489113988962189,0.0010720769217555683,2.5917380397432086,2.5911001960244264,0.00024616713771270879,0.0053208792522289518,0.0053182685878547884,0.00049088614669167915,0.002053015841352604,0.0020525136758565753,0.00024465878202691434,0.015180618947500236,0.99995759054345479,0.00010232720401097059,262
189,0.2671313672922252,0.0021450093790400457,0.0021473150863305199,0.0010737629075267009,2.5917375268052876,2.5911001960244264,0.00024596917627462404,0.0053248445131582256,0.005322223749329974,0.00049241894961321445,0.0020545462100561972,0.0020540401168183155,0.00024638916919777668,0.01519223344843338,0.99995729664748645,0.00010270264157408048,262
190,0.26855227882037536,0.0021434144786337738,0.0021457222483536311,0.0010755211778355771,2.5917351421253709,2.5911001960244264,0.00024504884138355971,0.005328809652822483,0.0053261757811681552,0.00049451459406211877,0.0020560780174676933,0.0020555653499390748,0.00024940463636136351,0.015203782699024948,0.99995707593386796,0.00010291654796370427,263
191,0.26997319034852546,0.0021418234991763402,0.0021441330254056731,0.0010771375665443914,2.5917346052151902,2.5911001960244264,0.00024484162817675924,0.0053327689173092293,0.0053301250708684871,0.00049601958783144519,0.0020576060938409441,0.0020570895247688983,0.00025111647588790023,0.015215243244452878,0.99995678529596099,0.00010328554231327598,263
192,0.27139410187667562,0.0021402361205540231,0.0021425473277828259,0.0010787193350797386,2.5917340611103858,2.5911001960244264,0.00024463163830251277,0.0053367251850647678,0.0053340714350335518,0.00049750927851968153,0.0020591330202985162,0.0020586125705280398,0.0002528157934753871,0.015226628144553495,0.99995649608924286,0.00010365157863547916,263
193,0.27281501340482572,0.0021386523290670119,0.0021409651424914625,0.0010802667351039429,2.5917335094786549,2.5911001960244264,0.00024441874351295313,0.005340678463026746,0.0053380148802044973,0.00049898377618361493,0.002060658799793448,0.0020601344897409652,0.00025450282740946477,0.015237938279919283,0.99995620828764653,0.00010401465337788214,263
194,0.27423592493297588,0.0021370717968973722,0.0021393863780050609,0.0010818901772418367,2.5917310404226273,2.5911001960244264,0.00024346584480551594,0.0053446317255132908,0.0053419552166378576,0.00050103543869050454,0.0020621860996200263,0.0020616552091787571,0.00025750689975007697,0.015249186744156294,0.99995599534092283,0.00010441308518865766,263
195,0.27565683646112599,0.0021354951374832633,0.002137811178387719,0.0010833701909082252,2.5917304625680795,2.5911001960244264,0.00024324282967524267,0.0053485790620824781,0.0053458928423692409,0.00050248289527006159,0.0020637096099810886,0.0020631748824578625,0.00025917702264243071,0.015260349961712947,0.99995571058388188,0.00010457221473384389,264
196,0.27707774798927615,0.0021339220250151825,0.0021362394527145345,0.0010848164499570661,2.5917298751094417,2.5911001960244264,0.00024301610797662344,0.0053525234297232046,0.0053498275690681716,0.00050391542909158146,0.0020652319831352727,0.0020646934368946878,0.00026083593378146909,0.015271440992846587,0.99995542697393347,0.00010492590160536968,264
197,0.27849865951742625,0.002132352446522847,0.0021346711883740961,0.0010862290473012957,2.5917292770356091,2.5911001960244264,0.00024278528948739708,0.0053564648353986782,0.0053537594034755191,0.00050533311627766052,0.0020667532225917295,0.0020662108750907791,0.00026248409951214354,0.015282460673634132,0.9999551443756669,0.00010527652145183833,264
198,0.27991957104557641,0.0021307860686338347,0.002133106292639516,0.0010877207636991381,2.5917267137222311,2.5911001960244264,0.00024179601343318115,0.0053604063308826137,0.005357688150921692,0.00050734195129555342,0.0020682760657214556,0.0020677271219160468,0.00026548174543462269,0.015293422082525664,0.99995493782752121,0.00010566331217993133,264
199,0.28134048257372657,0.0021292235179888475,0.0021315449130648607,0.0010890669306495191,2.591726081891117,2.5911001960244264,0.0002415521667787505,0.0053643418503725839,0.0053616142197659119,0.00050873309694988002,0.0020697950635502186,0.0020692423349711977,0.00026711640762395788,0.015304301526930355,0.99995465720657739,0.00010600791072745717,264
200,0.28276139410187667,0.0021276644630768568,0.002129986957473635,0.0010903796329029649,2.5917254360681254,2.5911001960244264,0.0002413029201488747,0.0053682744284083957,0.0053655374166478387,0.00051010952827665855,0.0020713129383614563,0.0020707564396314289,0.0002687417599563083,0.015315653379986563,0.99995437710102175,0.00010634925181656725,264
201,0.28418230563002683,0.002126108891445583,0.0021284324135550643,0.0010916588634357534,2.5917247751056145,2.5911001960244264,0.00024104783062668656,0.0053722040716919807,0.0053694577483292157,0.00051147126795430945,0.002072829693682679,0.0020722694385063439,0.00027035826805364146,0.015327201503140585,0.99995409733482932,0.00010648619023142462,265
202,0.28560321715817694,0.0021245564640560688,0.0021268811873267675,0.0010930198097339888,2.5917221008826918,2.5911001960244264,0.0002400157505370151,0.0053761339085435858,0.0053733750150544782,0.0005134377335246638,0.0020743481358254327,0.0020737812545029901,0.00027335637315249278,0.015338687327170237,0.99995389458728878,0.00010686045991053677,265
203,0.2870241286863271,0.0021230078201639959,0.00212533342966049,0.0010942327749795225,2.5917213975227824,2.5911001960244264,0.00023974429831355204,0.0053800577188548868,0.0053772896351875219,0.0005147730278933332,0.0020758626772141675,0.0020752920490832421,0.00027496280881405101,0.015350085305129848,0.99995361541649586,0.0001071913014061079,265
204,0.2884450402144772,0.0021214626223866008,0.0021237890470632449,0.0010954123150136057,2.5917206761849494,2.5911001960244264,0.00023946590775415669,0.0053839786138052048,0.0053812014101491147,0.00051609360892015249,0.0020773761089603604,0.0020768017456081365,0.00027656147412169241,0.015361409465424523,0.99995333610365733,0.00010751864283148315,265
205,0.28986595174262736,0.0021199208584534099,0.0021222480274215787,0.0010965584314836933,2.5917199362071983,2.5911001960244264,0.00023918032337104039,0.0053878965996310615,0.0053851103464801209,0.00051739945361784076,0.002078888434031909,0.0020783103466020325,0.00027815260161776926,0.015372660624577889,0.99995305652289368,0.0001078424284508155,265
206,0.29128686327077746,0.0021183825159939518,0.0021207103586574098,0.0010976711902004931,2.5917191771258592,2.5911001960244264,0.00023888736621705475,0.0053918116824399464,0.0053890164506329059,0.00051869053149989459,0.0020803996551892277,0.0020798178545551322,0.00027973633980551515,0.015383839582781953,0.99995277657319048,0.00010795950016726733,266
207,0.29270777479892762,0.0021168472486112625,0.0021191759451075691,0.0010988688795202407,2.5917163497184523,2.5911001960244264,0.00023779616665201779,0.0053957270832200666,0.0053929195161730214,0.00052060243781230659,0.0020819126613937609,0.0020813241897968586,0.00028273903690118621,0.015394960345912638,0.99995257509226565,0.00010831687776231879,266
208,0.29412868632707773,0.0021153157105454424,0.0021176449416033692,0.0010999157659372586,2.5917155430827878,2.5911001960244264,0.00023748485655072452,0.0053996363945551344,0.0053968199736426064,0.0005218667523250864,0.0020834216968627613,0.0020828295184891145,0.00028431437541578665,0.015405997245127936,0.99995229463659285,0.00010862940913488737,266
209,0.29554959785522789,0.0021137875568476229,0.0021161172529194508,0.001100929576852986,2.5917147173247193,2.5911001960244264,0.00023716616641675868,0.0054035428204427197,0.0054007176176736988,0.00052311617992681131,0.0020849296353190028,0.0020843337613729186,0.0002858822119216553,0.015416964252178344,0.99995201368901943,0.0001089382643827594,266
210,0.29697050938337799,0.0021122627749913456,0.0021145928670882187,0.0011019105063385839,2.5917138728889419,2.5911001960244264,0.00023684026787427906,0.0054074463665365197,0.0054046124542915094,0.00052435068545201744,0.0020864364786182688,0.0020858369207736186,0.00028744233965705975,0.015427862109058142,0.99995173227450074,0.00010924344389472256,266
211,0.29839142091152815,0.0021107410124753109,0.0021130716870723151,0.0011029794262367608,2.591710918714794,2.5911001960244264,0.00023570014440375256,0.005411350329882476,0.0054085042716050325,0.00052621910504638671,0.0020879451835492191,0.002087338914914754,0.00029045050141745209,0.015438704777413166,0.99995153098870404,0.00010938243559125705,267
212,0.29981233243967831,0.0021092229351578938,0.0021115538707675995,0.0011038958759116509,2.5917100303495113,2.5911001960244264,0.00023535729186411217,0.0054152481497521786,0.0054123935097461001,0.00052742654445546411,0.002089449856017223,0.0020888399136592389,0.00029200052813794646,0.015449466516386019,0.99995124926227963,0.0001096800226641314,267
213,0.30123324396782841,0.0021077081919471255,0.0021100393215727057,0.0011047801819364621,2.5917091259076059,2.5911001960244264,0.00023500823476984886,0.0054191431063352483,0.0054162799579005215,0.00052861898885977413,0.0020909534377001071,0.0020903398356461943,0.00029354176935690346,0.015460943667449425,0.99995096733381905,0.000109974027627363,267
214,0.30265415549597857,0.0021061967701135136,0.0021085280276343238,0.0011056326926921376,2.5917082065813779,2.5911001960244264,0.00023465343327300082,0.0054230352050532249,0.005420163621684071,0.00052979643597212301,0.0020924559297539674,0.002091838683042952,0.00029507376262757624,0.015472360893479016,0.99995068534653531,0.00011026533916977056,267
215,0.30407506702412868,0.0021046883111205676,0.0021070198905757745,0.0011065768603492948,2.5917051393003305,2.5911001960244264,0.00023346965772773958,0.0054269278194564634,0.0054240442838031947,0.00053162096443040284,0.0020939603572810539,0.0020933363719880102,0.00029808171366703092,0.015483718921772225,0.99995048562426647,0.00011059491655878405,267
216,0.30549597855227884,0.0021031834924131131,0.0021055150713684963,0.0011073674974303176,2.591704185482921,2.5911001960244264,0.00023310154482690981,0.0054308142354019002,0.0054279223941032474,0.00053277130524091807,0.0020954606879218193,0.0020948330760930858,0.00029959992320916911,0.01549499008807465,0.99995020444245708,0.00011067216547689675,268
217,0.30691689008042894,0.002101681956947616,0.0021040134721026262,0.0011081274839367828,2.5917032208990913,2.5911001960244264,0.00023272927677213563,0.0054346978097393169,0.0054317977364628008,0.00053390671325044417,0.0020969599319531494,0.0020963287119490437,0.00030110735998022114,0.015506189384035049,0.99994992373454739,0.00011095218930094713,268
218,0.3083378016085791,0.0021001836919811935,0.0021025150811061015,0.0011088572661659653,2.591702246946141,2.5911001960244264,0.00023235339283226181,0.005438578547959024,0.0054356703162706703,0.00053502724027400944,0.0020984580903795637,0.0020978232816356236,0.00030260353648337441,0.015517317575201696,0.99994964369401462,0.00011122898274486277,268
219,0.3097587131367292,0.0020986886848929636,0.0021010198867668921,0.0011095572624568843,2.5917012649660554,2.5911001960244264,0.00023197441092828258,0.0054424564556115728,0.0054395401388992,0.00053613295203351976,0.0020999551642703908,0.0020993167872262091,0.00030408800047049164,0.015528375421924184,0.99994936451209848,0.0001115026328972266,268
220,0.31117962466487936,0.002097196569922462,0.0020995277891579824,0.0011103540746442077,2.5916980907263523,2.5911001960244264,0.00023074935613960414,0.0054463349998710789,0.005443406980577087,0.00053790196184843545,0.0021014542625004146,0.0021008091423592992,0.00030708174679349836,0.015539377900838008,0.99994917055877131,0.00011181782982302829,268
221,0.31260053619302947,0.0020957080393931441,0.0020980389531982265,0.001110996438616741,2.5916970877251089,2.5911001960244264,0.00023036226140473723,0.0054502072799470953,0.0054472713036975125,0.00053898109455094282,0.0021029491855975636,0.0021023005254892737,0.00030854775538759292,0.015550297321946861,0.99994889404012721,0.00011187759875249558,269
222,0.31402144772117963,0.0020942227292282088,0.0020965532794807165,0.0011116103155198146,2.5916960800374653,2.5911001960244264,0.00022997335801725084,0.0054540767465333642,0.0054511328858235179,0.00054004566968130017,0.0021044430280785548,0.0021037908507696049,0.00031000101968850833,0.015561148652546241,0.99994861887920661,0.00011214204557824642,269
223,0.31544235924932978,0.0020927406272034333,0.0020950707566906868,0.0011121960820712473,2.5916950684084292,2.5911001960244264,0.00022958293350273443,0.0054579434055130995,0.0054549917324220563,0.00054109579552608707,0.0021059357916148854,0.0021052801203101878,0.00031144136040243525,0.015571932635591691,0.99994834520006337,0.00011240365185279552,269
224,0.31686327077747989,0.0020912613623684409,0.002093591283798265,0.0011128826566363251,2.5916918258852153,2.5911001960244264,0.0002283315256185831,0.0054618108008217762,0.0054588476148695218,0.00054282261775963001,0.0021074306544746099,0.0021067682458768416,0.00031441930030256805,0.015582664223554797,0.99994815887998489,0.00011270802614962761,269
225,0.31828418230563005,0.0020897856389707277,0.0020921150289029597,0.0011134138897962488,2.5916907993102294,2.5911001960244264,0.0002279353329173196,0.0054656718790222405,0.0054627010057755349,0.00054384694376729582,0.0021089212804540234,0.002108255409866843,0.00031583961984116575,0.01559345745899183,0.9999478888247878,0.00011296434088403599,269
226,0.31970509383378015,0.0020883130878509163,0.0020906418915176295,0.0011139180154008826,2.5916897697057708,2.5911001960244264,0.00022753797103214059,0.0054695301677245506,0.0054665516779324741,0.00054485715448372555,0.0021104108337571185,0.0021097415245924902,0.00031724699771345594,0.015604824477851605,0.99994762043802632,0.00011321793386972719,269
227,0.32112600536193031,0.0020868436974488366,0.0020891718606831605,0.0011143952673967868,2.591688736871534,2.5911001960244264,0.00022713936265783403,0.0054733856731360095,0.0054703996370778453,0.00054585336653014543,0.0021118993169461447,0.002111226592268096,0.00031864162781595828,0.015616119459013127,0.9999473537140372,0.00011325898294706095,270
228,0.32254691689008042,0.002085377091981947,0.0020877048343438389,0.0011149767551424481,2.5916854315051876,2.5911001960244264,0.00022586370131850097,0.0054772420152548159,0.0054742446499201416,0.00054753952852982916,0.0021133899772989686,0.0021127105228579651,0.00032160318872474672,0.015627358455487777,0.9999471759637818,0.00011355321439276625,270
229,0.32396782841823057,0.0020839139875338131,0.0020862409837412292,0.0011154014447760699,2.591684382491716,2.5911001960244264,0.0002254588487878065,0.0054810919890794672,0.0054780871992935543,0.00054851076235157498,0.0021148763430097134,0.0021141935027054093,0.00032297909506879408,0.015638511770762229,0.9999469128087386,0.00011379848346920239,270
230,0.32538873994638068,0.0020824540101046572,0.0020847802073486925,0.0011157997547346474,2.5916833283591316,2.5911001960244264,0.00022505202060495578,0.0054849391984174425,0.0054819270533104664,0.00054946829421180846,0.0021163616474278567,0.0021156754423165454,0.0003243432794965953,0.015649595442974895,0.99994665109388448,0.00011404101672290933,270
231,0.32680965147453084,0.0020809971488534159,0.0020833224945536323,0.001116171743114873,2.5916822680804317,2.5911001960244264,0.00022464282041208947,0.0054887836495913639,0.005485764217981178,0.00055041221062488213,0.0021178458938397237,0.002117156344010968,0.00032569622489448102,0.015660610250229638,0.99994639068546576,0.00011428077109552405,270
232,0.32823056300268094,0.0020795430233084842,0.0020818677422851707,0.0011166506543469337,2.5916788909692627,2.5911001960244264,0.00022333947013095576,0.0054926290375826962,0.0054895984553599451,0.00055205899801143523,0.0021193323975133766,0.0021186361159567426,0.00032864612822839436,0.015671572177651465,0.99994622031750102,0.00011435412626939816,271
233,0.3296514745308311,0.0020780923610154191,0.0020804161248063092,0.0011169706690802121,2.5916778068498978,2.5911001960244264,0.00022292106895657805,0.0054964680072030099,0.005493430258295409,0.00055297851520253426,0.0021208145521313055,0.0021201149483621212,0.00032998388588538577,0.015682451536229543,0.99994596242236222,0.000114588720411268,271
234,0.33107238605898126,0.0020766447831499215,0.0020789675395271774,0.0011172643791177949,2.5916767129161986,2.5911001960244264,0.00022249888007292953,0.0055003042373569086,0.0054972593901410922,0.00055388458133830945,0.0021222956590013393,0.0021215927498966034,0.00033131198472005825,0.015693264290770611,0.9999457053092673,0.00011481888154606694,271
235,0.33249329758713136,0.0020752002793995687,0.0020775219761060737,0.0011175317196194386,2.5916756078482077,2.5911001960244264,0.00022207239406031316,0.0055041377341746699,0.0055010858570042967,0.00055477722938779685,0.0021237757215860028,0.0021230695229172208,0.00033263096717230702,0.015704011168289969,0.99994544878244929,0.00011504675713400833,271
236,0.33391420911528152,0.0020737588394750066,0.0020760794242524129,0.0011177726392822944,2.5916744903626689,2.5911001960244264,0.00022164111566340462,0.0055079685036920345,0.0055049096649755595,0.00055565647805930912,0.0021252547432842428,0.0021245452697745324,0.00033394134726330408,0.015714692881550515,0.99994519264574289,0.00011527153400841919,271
237,0.33533512064343163,0.0020723200768960563,0.0020746397795378263,0.0011181230904031031,2.5916710019758167,2.5911001960244264,0.00022029482004055659,0.0055118003303660521,0.0055087305700325566,0.000557253671144297,0.0021267361197327946,0.0021260198962914307,0.00033688463716322384,0.015725325308490055,0.99994502749752179,0.00011532971287851962,272
238,0.33675603217158179,0.0020708847327497409,0.002073203219784108,0.0011183115153605391,2.5916698484297314,2.5911001960244264,0.00021984962456448448,0.0055156256785784544,0.0055125490771048644,0.00055810867723027661,0.0021282130831287481,0.0021274935973386406,0.00033818470288584843,0.015736079420113788,0.99994477196694698,0.00011554790821932371,272
239,0.33817694369973189,0.0020694524219379575,0.0020717696409657581,0.001118473300304005,2.5916686793032162,2.5911001960244264,0.00021939841603269998,0.0055194483168523314,0.0055163649432845331,0.00055895025066314975,0.0021296890150079924,0.0021289662791691326,0.00033947735383663878,0.015747335973827704,0.9999445162976589,0.00011576279472606184,272
240,0.33959785522788205,0.0020680231342675819,0.0020703390329298355,0.0011186084140897175,2.5916674938628099,2.5911001960244264,0.00021894091137575908,0.0055232682507369056,0.0055201781744255692,0.0005597783647007024,0.0021311639181400637,0.0021304379440421801,0.00034076284639679503,0.015758522747320196,0.99994426035351036,0.00011597431053406214,272
241,0.34101876675603215,0.0020665964781584286,0.0020689112900839361,0.0011188550889553149,2.591663894972871,2.5911001960244264,0.000217551968584403,0.0055270893377187442,0.0055239885214092843,0.00056133648675085474,0.002132641253535926,0.0021319084958138024,0.00034370974343524293,0.015769656711257993,0.99994409630142356,0.00011623195936104948,272
242,0.34243967828418231,0.0020651732048577471,0.0020674865929036297,0.0011189373869813851,2.5916626679655068,2.5911001960244264,0.00021707842172348268,0.0055309038944753195,0.005527796498416033,0.00056214009690424204,0.0021341141201903255,0.0021333781329249384,0.00034498678599370971,0.015780706074360287,0.99994383989542135,0.00011643683824402293,272
243,0.34386058981233242,0.002063752923993327,0.0020660648361551424,0.0011189930351448701,2.5916614238492812,2.5911001960244264,0.00021659827192938946,0.0055347157626705196,0.005531601857336887,0.00056293012656043933,0.0021355859649483258,0.0021348467596213096,0.00034625685599438483,0.01579168778900927,0.99994358298712238,0.00011642495544807409,273
244,0.34528150134048258,0.0020623356251702205,0.0020646460097473139,0.0011190221307604113,2.5916601628449429,2.5911001960244264,0.00021611160439711228,0.0055385249473486522,0.0055354046035945891,0.00056370653592996639,0.002137056789601939,0.00213631437799575,0.00034751982846527947,0.015802602539018117,0.99994332557019094,0.00011662249572439201,273
245,0.34670241286863268,0.002060920911518359,0.0020632300068791384,0.0011191652666355802,2.5916564496797587,2.5911001960244264,0.00021467855862377123,0.0055423353790220609,0.0055392044828239681,0.00056522488162354611,0.002138530120266097,0.0021377808898794702,0.00035047108437249352,0.015813467193321825,0.99994316142599449,0.00011686701013297091,273
246,0.34812332439678284,0.0020595095440966715,0.0020618170105997126,0.0011191422377342293,2.5916551489694917,2.5911001960244264,0.0002141765671264741,0.0055461392269226806,0.0055430020183218605,0.00056597644930496405,0.0021399989227455542,0.0021392464972317909,0.00035172455102153578,0.015824250009564857,0.99994290349582482,0.0001170578177378285,273
247,0.349544235924933,0.0020581011271837519,0.0020604069144589438,0.001119093155342732,2.5916538334825256,2.5911001960244264,0.00021366887276249574,0.0055499404058712799,0.0055467969567235299,0.00056671429877014768,0.0021414667090834298,0.0021407111022700258,0.00035297000730402818,0.015834967847367678,0.99994264525030696,0.00011724522703371284,273
248,0.3509651474530831,0.0020566956500931368,0.0020589997084190072,0.0011190182866221076,2.591652504324887,2.5911001960244264,0.00021315590238772672,0.005553738920601692,0.0055505893030018466,0.00056743841561869254,0.0021429334802153246,0.0021421747069133874,0.00035420701191573217,0.015845621351135302,0.99994238681829362,0.0001172153134285163,274
249,0.35238605898123326,0.0020552931021293255,0.0020575953824627431,0.0011189179141051189,2.5916511627565719,2.5911001960244264,0.00021263814228058626,0.0055575347758181357,0.0055543790620376319,0.00056814879669845936,0.0021443992369354773,0.0021436373130455624,0.00035543507536371616,0.01585621115845802,0.99994212835487783,0.00011739566145600795,274
250,0.35380697050938337,0.0020538930797729111,0.0020561938283050296,0.0011189356277832108,2.5916473278391674,2.5911001960244264,0.00021115810788808939,0.0055613319909963016,0.0055581659729327876,0.00056961560322809572,0.0021458675843958916,0.0021450988199764663,0.00035838182011293607,0.015866754038001415,0.99994196563813353,0.00011762436994133529,274
251,0.35522788203753353,0.0020524963564429993,0.0020547952322508534,0.0011187858389840324,2.5916459581443663,2.5911001960244264,0.00021062949274490197,0.0055651225567929039,0.0055619505705954472,0.00057030104047062333,0.002147331327917014,0.0021465594341466424,0.00035959580624353113,0.015877388107616797,0.99994170803473081,0.00011779852621091382,274
252,0.35664879356568363,0.0020511025298772158,0.0020533994864056987,0.0011186116212113725,2.5916445803620647,2.5911001960244264,0.00021009775634053774,0.0055689104772001325,0.0055657325952506321,0.00057097280458860179,0.0021487940589531495,0.0021480190552994592,0.00036079924513626852,0.015888543515062536,0.99994145096958076,0.00011796958892866869,274
253,0.35806970509383379,0.0020497115893205304,0.0020520065808899359,0.0011184133573344428,2.591643195951276,2.5911001960244264,0.00020956346176142493,0.0055726957570064479,0.0055695120515643235,0.00057163094587974242,0.002150255778153505,0.0021494776852356888,0.00036199162390039368,0.015899630638680207,0.99994119464720999,0.00011792310112698015,275
254,0.35949061662198389,0.0020483231263424035,0.0020506164063453557,0.0011183369038968002,2.5916392851101726,2.5911001960244264,0.0002080541256464397,0.0055764824896445677,0.0055732886736881218,0.00057305769419842831,0.0021517201570771479,0.0021509352213547445,0.00036492764385020609,0.015910667424138266,0.99994103633480191,0.00011814058681688145,275
255,0.36091152815013405,0.0020469379243583203,0.002049229151739022,0.0011180923220603734,2.5916378841009884,2.5911001960244264,0.00020751342514154585,0.0055802625183411121,0.0055770630060678608,0.00057369125465684258,0.0021531798684432512,0.0021523918737781167,0.00036610185846469166,0.015921620059191153,0.99994078246604323,0.00011830283965510939,275
256,0.36233243967828416,0.002045555576357775,0.0020478447081504797,0.0011178248934569674,2.5916364803215104,2.5911001960244264,0.00020697165547932015,0.0055840399212137163,0.0055808347841221602,0.00057431140958963021,0.0021546385704992767,0.0021538475403942076,0.00036726374092581007,0.01593250649807194,0.99994052990533833,0.00011846233619469824,275
257,0.36375335120643432,0.0020441760718753047,0.0020464630659374518,0.0011175349803341861,2.5916350747294605,2.5911001960244264,0.00020642918627954932,0.0055878147033828398,0.0055846040125863373,0.00057491825548711584,0.002156096264427255,0.0021553022230305489,0.00036841301800802199,0.015943327431732622,0.99994027880501901,0.000118619164639368,275
258,0.36517426273458448,0.0020427994005294968,0.0020450842155304671,0.0011172229405612391,2.5916336680684315,2.5911001960244264,0.00020588630452177353,0.0055915868700709285,0.0055883706962526532,0.00057551189659480709,0.0021575529516246754,0.0021567559235366484,0.00036954950689089888,0.015954083548493425,0.99994002929039516,0.00011877338523154624,275
259,0.36659517426273458,0.00204142514835522,0.0020437080463818393,0.0011170372552287912,2.5916296938005865,2.5911001960244264,0.00020435248971556133,0.0055953606040564305,0.0055921345634689038,0.00057688894122846237,0.0021590123841538941,0.002158208537072021,0.00037246033831544968,0.015964792702227358,0.99993988034332149,0.00011876368574390104,276
260,0.36801608579088474,0.0020400541115735849,0.0020423347508790666,0.0011166824167781911,2.5916282790464824,2.5911001960244264,0.00020380648454514739,0.005599127571067895,0.0055958961709822765,0.0005774589068280188,0.0021604670763694313,0.0021596602785056958,0.00037357628501354714,0.015975421222743098,0.99993963461724233,0.00011891281736984648,276
261,0.36943699731903484,0.0020386858777874041,0.0020409642189462233,0.0011163062721381287,2.5916268640318227,2.5911001960244264,0.00020326037881684015,0.0056028919387814324,0.0055996552485248225,0.00057801598722752973,0.0021619207674305981,0.0021611110435314227,0.00037467945092368483,0.015985986970571651,0.99993939065265935,0.00011905946816043227,276
262,0.370857908847185,0.0020373204372606426,0.0020395964413330533,0.0011159090231217927,2.5916254484930894,2.5911001960244264,0.00020271407082940216,0.0056066537127808461,0.0056034118012072932,0.00057856029300834934,0.0021633734597107219,0.0021625608341216259,0.00037577004830293819,0.015996490618013229,0.99993914843570109,0.00011920365047030347,276
263,0.37227882037533511,0.002035957371998182,0.0020382313066373437,0.0011156411108772901,2.5916214270331586,2.5911001960244264,0.00020116204287733507,0.0056104171489315593,0.0056071655529846155,0.00057990011463332773,0.0021648289717045069,0.0021640095437404521,0.00037866189935486421,0.016006949931685496,0.99993900822481618,0.00011940000201870714,276
264,0.37369973190348527,0.0020345974883695787,0.0020368690099344818,0.0011152025750424579,2.5916200016532556,2.5911001960244264,0.00020061193682385854,0.005614173767449983,0.0056109170704180351,0.00058042152309074164,0.002166279687557809,0.002165457391044534,0.00037973340721258683,0.01601738265613328,0.99993876967729123,0.00011932414645022225,277
265,0.37512064343163537,0.0020332403699349836,0.0020355094402798937,0.0011147432185812239,2.5916185735952215,2.5911001960244264,0.00020006079718200347,0.0056179278092353133,0.0056146660788286866,0.00058093043483490442,0.00216772941299068,0.0021669042700252863,0.00038079345581062783,0.01602844462543385,0.9999385326196254,0.00011946084030391742,277
266,0.37654155495978553,0.0020318860076446394,0.002034152588731201,0.0011142630592798138,2.5916171417279847,2.5911001960244264,0.00019950818742998556,0.0056216792800156705,0.0056184125836380786,0.00058142692957529859,0.0021691781511629315,0.0021683501827750675,0.00038184256142810926,0.016039440273796248,0.99993829690386926,0.00011959498988930458,277
267,0.37796246648793563,0.0020305339795894605,0.0020327983430368491,0.0011139144495788008,2.5916130627664891,2.5911001960244264,0.00019793396752836316,0.0056254325076152212,0.0056221563044114992,0.00058273072222331051,0.0021706297859180406,0.002169795021063901,0.00038472060541933507,0.016050388558136962,0.99993816405940739,0.00011978205984816389,277
268,0.37938337801608579,0.0020291851019190034,0.0020314469008423383,0.0011133930807628377,2.5916116125603779,2.5911001960244264,0.00019737428013633462,0.0056291788681808192,0.0056258978172913574,0.00058320484943353494,0.0021720765723145848,0.0021712390072461409,0.00038575443129415423,0.01606125366505036,0.99993793084630778,0.00011991113624666727,277
269,0.38080428954423595,0.002027838954138226,0.0020300981503048941,0.0011128507093752056,2.5916101545420918,2.5911001960244264,0.00019681157774128957,0.0056329226746811289,0.0056296368430931564,0.0005836667052518369,0.0021735223813692775,0.0021726820335743148,0.00038677900492428712,0.01607205454637238,0.99993769840595725,0.00012003745449109639,277
270,0.38222520107238606,0.0020264955276758328,0.0020287520827114687,0.0011122872305915116,2.5916086872835224,2.5911001960244264,0.00019624530918418742,0.0056366639326648578,0.0056333733873526037,0.00058411631645820727,0.0021749672164330901,0.0021741241021848534,0.00038779490434304176,0.01608279187455593,0.99993746652814353,0.00011994527108706471,278
271,0.38364611260053622,0.0020251548140611001,0.002027408689389402,0.0011117025097592118,2.5916072093979445,2.5911001960244264,0.00019567493927715571,0.005640402647586756,0.0056371074555893836,0.00058455369590393032,0.0021764110807891588,0.0021755652152080042,0.00038880267768659309,0.016093466308135743,0.99993723500308052,0.0001200656239380698,278
272,0.38506702412868632,0.002023816386216736,0.0020260678569292458,0.0011112513851940467,2.5916030344585885,2.5911001960244264,0.00019406367802125716,0.005644143232469488,0.0056408387615945023,0.00058581197134796429,0.0021778579348085249,0.0021770052621852857,0.00039167228396282301,0.016104096627326116,0.99993710704374339,0.00012023963337148513,278
273,0.38648793565683648,0.0020224810718320265,0.002024729785975767,0.0011106243209914521,2.5916015249510886,2.5911001960244264,0.00019348110406205554,0.0056478768916074906,0.0056445678930131943,0.000586227087177413,0.002179299879719774,0.0021784444699104112,0.00039267000888848242,0.016114647169646362,0.99993687597745562,0.00012035419797658312,278
274,0.38790884718498658,0.0020211484449792938,0.002023394363450308,0.0011099756486345259,2.5916000013872531,2.5911001960244264,0.00019289310525063375,0.0056516080232974627,0.0056482945646883125,0.0005866299236348487,0.0021807408628925079,0.0021798827283308442,0.00039366088391407398,0.016125136707873126,0.99993664470199484,0.00012046553549872042,278
275,0.38932975871313674,0.0020198184972163493,0.0020220615807746362,0.0011093052652865205,2.5915984629677329,2.5911001960244264,0.00019229937308906783,0.0056553366324999139,0.0056520187818945222,0.00058702044940474026,0.0021821808869356188,0.0021813200394822712,0.00039464518629367656,0.01613556584442603,0.99993641307341541,0.00012035809205744689,279
276,0.39075067024128685,0.0020184907970922047,0.0020207313235299298,0.0011087700832049607,2.5915941880990934,2.5911001960244264,0.00019064954548067236,0.0056590672022000382,0.0056557402535473778,0.00058824283002984856,0.002183623974844188,0.0021827562910245947,0.00039751749801897736,0.016145953212926813,0.99993628573520843,0.00012052035682935978,279
277,0.39217158176943701,0.0020171661808070346,0.0020194037945752866,0.0011080566324886631,2.5915926120024384,2.5911001960244264,0.00019004127233964016,0.0056627907951001828,0.0056594595760613986,0.00058861080179363273,0.0021850620999898322,0.0021841917131359156,0.00039849379918529079,0.016156263280517145,0.9999360534363082,0.00012062201677177833,279
278,0.39359249329758711,0.0020158442178899311,0.0020180788797798687,0.0011073213799162348,2.5915910201289449,2.5911001960244264,0.00018942691034163264,0.0056665118795556219,0.0056631764592946013,0.00058896633099722064,0.0021864992722785727,0.0021856261938398673,0.00039946375147137544,0.016167095091789759,0.99993582054487196,0.00012072036822935113,279
279,0.39501340482573727,0.0020145248996315005,0.0020167565705850659,0.0011065643648395162,2.591589412685662,2.5911001960244264,0.00018880653939442216,0.0056702304600057055,0.0056668909080719596,0.00058930937403241593,0.0021879354932730836,0.0021870597349985836,0.0004004272313580052,0.01617801145513012,0.9999355870543235,0.00012081538648050331,279
280,0.39643431635388737,0.0020132082172029187,0.0020154368584332631,0.001105785686621241,2.5915877901408502,2.5911001960244264,0.00018818034021681772,0.0056739465407816634,0.0056706029270952038,0.00058963989005175179,0.0021893707642731603,0.0021884923384266329,0.0004013840172540881,0.016188863695375623,0.99993535299601877,0.00012090707952787188,279
281,0.39785522788203753,0.0020118937334137311,0.0020141196275749603,0.0011051449629678903,2.5915833899779774,2.5911001960244264,0.0001864821569973953,0.0056776646891195572,0.0056743122189519069,0.00059081524567035023,0.0021908091829403969,0.0021899238893417204,0.00040425770182482622,0.016199671621503656,0.99993522487366171,0.0001208385183653525,280
282,0.39927613941018769,0.0020105822947570303,0.0020128050835696732,0.0011043239262396973,2.5915817331448308,2.5911001960244264,0.00018584272470171587,0.0056813757975338565,0.0056780193909211777,0.00059112278095518444,0.0021922425694209631,0.0021913546221149875,0.00040520475189844443,0.016210397404799539,0.99993499026348631,0.00012092371013991544,280
283,0.4006970509383378,0.0020092734649796297,0.0020114931109551613,0.0011034817685642792,2.5915800640192708,2.5911001960244264,0.00018519854831573521,0.0056850844187908761,0.005681724146541646,0.00059141770395090918,0.0021936750084324626,0.0021927844223311862,0.0004061439383674453,0.016221060864248515,0.99993475539191146,0.00012100568014921233,280
284,0.40211796246648795,0.0020079672349277147,0.0020101837011977397,0.0011026187649936208,2.5915783839025952,2.5911001960244264,0.00018455013005767639,0.0056887905569747927,0.0056854264900788425,0.00059170000734695238,0.0021951065004671712,0.0021942132916365404,0.00040707475159109047,0.016231662587247262,0.9999345204211022,0.0001210847686825607,280
285,0.40353887399463806,0.0020066631628903537,0.002008876737527838,0.0011018966948705903,2.5915738952850069,2.5911001960244264,0.00018281780893973201,0.00569249884991629,0.0056891261191492851,0.00059283810841394291,0.0021965412062040627,0.002195641113330244,0.00040994535416287578,0.01624222225444916,0.99993439330211431,0.00012121981068613051,280
286,0.40495978552278822,0.0020053621035912529,0.0020075724276801049,0.0011009934477961445,2.5915721911028942,2.5911001960244264,0.00018216010295237753,0.0056962000485523958,0.0056928236498384561,0.00059309736637205108,0.0021979708179104464,0.0021970681251821376,0.00041086242067892969,0.016252702227228327,0.99993415904527394,0.00012107746480512257,281
287,0.40638069705093832,0.0020040636163661577,0.0020062706552101787,0.0011000703411025239,2.5915704804039073,2.5911001960244264,0.00018149988186577626,0.005699898776389184,0.0056965187808311587,0.00059334405591692744,0.0021993994836292589,0.0021984942109037056,0.00041176943794690431,0.016263122204976641,0.99993392528423963,0.00012114737013058991,281
288,0.40780160857908848,0.0020027676919636347,0.0020049714116859734,0.0010991277528917907,2.5915687647046726,2.5911001960244264,0.0001808377310013227,0.0057035950376009168,0.0057002115161804172,0.00059357822264934339,0.002200827203692155,0.0021999193720591581,0.00041266586608907209,0.016273482764194543,0.99993369223241158,0.00012121444766864127,281
289,0.40922252010723859,0.0020014743211884175,0.0020036746887169806,0.0010981660550755633,2.591567045456745,2.5911001960244264,0.00018017421056694646,0.0057072888364339755,0.0057039018599334412,0.00059379992568346705,0.0022022539785105607,0.00220134361021046,0.00041355120385485131,0.01628378448048538,0.99993346009938522,0.00012127879116922669,281
290,0.41064343163538874,0.0020001830570609428,0.0020023803683877437,0.001097349615233265,2.5915624830537531,2.5911001960244264,0.00017841341297260871,0.0057109848962255093,0.0057075895038237187,0.00059489078524582761,0.0022036840452698643,0.0022027668063863298,0.00041640308037837342,0.016294046899371906,0.99993333851969324,0.00012140122202917948,281
291,0.41206434316353885,0.0019988947650588047,0.0020010886612864117,0.0010963513361755225,2.5915607542443539,2.5911001960244264,0.00017774620241786231,0.0057146737976759877,0.0057112750754250759,0.00059508992405848005,0.002205108943834994,0.0022041892027903792,0.00041726955356213846,0.016304524413310262,0.99993310914470357,0.00012146057845368116,281
292,0.41348525469168901,0.0019976089994617149,0.0019997994498831143,0.0010953350454854013,2.5915590254474514,2.5911001960244264,0.00017707899668603647,0.0057183602500085855,0.005714958267728238,0.00059527683685077276,0.0022065328992540577,0.0022056106809365404,0.00041812379922175346,0.01631536607213217,0.99993288122754964,0.00012130256256841885,282
293,0.41490616621983917,0.001996325751420515,0.0019985127260148763,0.0010943010599298226,2.5915572974413474,2.5911001960244264,0.00017641209615218751,0.0057220442578677765,0.0057186390849406927,0.00059545162345546986,0.0022079559126542054,0.0022070312424486353,0.00041896561670065174,0.016326144815308495,0.9999326548989198,0.00012135693827908715,282
294,0.41632707774798927,0.0019950445702756709,0.0019972283709863022,0.0010934156265529249,2.5915526945347831,2.5911001960244264,0.00017463566675304419,0.0057257306156512054,0.0057223172144600584,0.0005965068106538159,0.0022093822856567645,0.0022084507666820128,0.00042179748301619091,0.016336881477250237,0.99993254100435924,0.00012147056810582565,282
295,0.41774798927613943,0.0019937663302525017,0.0019959465977140677,0.0010923475928980326,2.5915509632479568,2.5911001960244264,0.00017396750006886826,0.0057294097630448109,0.0057259932932682495,0.00059665975867941989,0.0022108034317273148,0.0022098694994712085,0.0004226187366855043,0.016347536286291795,0.99993231844705199,0.00012152012994641286,282
296,0.41916890080428953,0.0019924905820659193,0.0019946672879142266,0.001091262618831759,2.5915492335970285,2.5911001960244264,0.00017329996473738419,0.0057330864804820683,0.0057296670101114515,0.00059680088992645304,0.002212223640653987,0.0022112873206920317,0.00042342754521033265,0.016358130099056938,0.99993209766166258,0.00012156816769036989,282
297,0.42058981233243969,0.0019912173174825012,0.001993390433712943,0.0010901608604562618,2.5915475053087484,2.5911001960244264,0.00017263295530150946,0.0057367607730124844,0.0057333383695526204,0.00059693031167301982,0.0022136429146140716,0.0022127042321054926,0.0004242241213077868,0.016368663548062545,0.99993187863351285,0.00012139926449951789,283
298,0.4220107238605898,0.0019899465284166163,0.001992116027310171,0.0010890424371938115,2.5915457778467936,2.5911001960244264,0.00017196626477465716,0.0057404326457607428,0.0057370073762512477,0.00059704812716019978,0.0022150612560393307,0.0022141202355098603,0.00042500877521394056,0.01637913726051551,0.99993166130925992,0.00012144232392020574,283
299,0.42343163538873996,0.0019886777600258082,0.0019908439491188087,0.0010880757851258185,2.5915411334555261,2.5911001960244264,0.00017017382491660074,0.0057441069774110919,0.0057406737124097744,0.0005980595960184455,0.0022164830429498052,0.002215535208255473,0.00042781296853255024,0.016389571899012599,0.99993155796416677,0.00012154576982032808,283
300,0.42485254691689006,0.0019874118974404389,0.001989574414943573,0.0010869246643360282,2.5915393991271753,2.5911001960244264,0.00016950448439732171,0.0057477740399576567,0.0057443380268192776,0.00059815650164336408,0.0022178995395144268,0.0022169494007344536,0.00042857937112070069,0.016399927964299683,0.99993134406892625,0.00012158443092566759,283
301,0.42627345844504022,0.0019861484871598347,0.0019883073055874272,0.001085756925765937,2.591537662706402,2.5911001960244264,0.00016883433633587091,0.005751438698281053,0.005748000002991996,0.00059824204719328446,0.0022193151120461409,0.0022183626908026405,0.00042933522432970307,0.016410226131604373,0.9999311315047289,0.00012162072083291374,283
302,0.42769436997319032,0.0019848875217266344,0.0019870426135159009,0.0010845725072062017,2.5915359228528647,2.5911001960244264,0.00016816286344574071,0.0057551009576115482,0.0057516596459013247,0.00059831629861404787,0.0022207297637132912,0.0022197750803794481,0.0004300811114970867,0.016420466995966262,0.99993092009012052,0.00012165458350603866,283
303,0.42911528150134048,0.0019836285430316928,0.0019857802184270173,0.0010835415598151362,2.5915312272450377,2.5911001960244264,0.00016635065725077592,0.0057587657655574177,0.0057553166335796218,0.00059929491240703762,0.0022221479351724237,0.0022211864452058288,0.00043287224657352912,0.016430671059496828,0.99993082324488713,0.00012153588292827743,284
304,0.43053619302949064,0.0019823724444525477,0.001984520338283871,0.0010823239197340182,2.5915294703558573,2.5911001960244264,0.00016567260968509108,0.0057624232559858844,0.0057589716239146724,0.00059934868525463546,0.0022235607666829327,0.0022225970391846562,0.00043360423922372045,0.016440799030584756,0.99993061383119819,0.00012156484789612216,284
305,0.43195710455764075,0.0019811187690575338,0.0019832628531206388,0.0010810892059674507,2.5915277056102681,2.5911001960244264,0.00016499153004489639,0.0057660783627862932,0.0057626242961084147,0.00059939126696339302,0.0022249726870770471,0.0022240067385082664,0.00043432807646465291,0.016451502722217914,0.99993040492575558,0.00012159116090701907,284
306,0.43337801608579091,0.0019798675097559997,0.0019820077555777835,0.0010798372588405392,2.5915259315264332,2.5911001960244264,0.00016430684643533512,0.0057697310909499673,0.0057662746552026431,0.00059942266957500846,0.0022263836995648125,0.002225415545122472,0.00043504434237571067,0.016462217922776266,0.99993019630588387,0.0001216146699774188,284
307,0.43479892761394101,0.0019786186595113554,0.0019807550383218733,0.0010785679042512437,2.5915241467091619,2.5911001960244264,0.0001636180204014946,0.0057733814453598967,0.0057699227062068094,0.00059944289190679337,0.0022277938072432029,0.0022268234609606028,0.00043575357436801104,0.016472872525972015,0.99992998775585618,0.00012163548608731539,284
308,0.43621983914209117,0.0019773717557790014,0.0019795045800415079,0.0010774535628817752,2.5915193600511404,2.5911001960244264,0.00016177067461808984,0.0057770344547412736,0.0057735681215858765,0.00060037971015486195,0.002229207523507473,0.0022282303596149505,0.00043853809293368482,0.016483488256217128,0.99992989424308854,0.00012150517032632524,285
309,0.43764075067024127,0.0019761277015531483,0.0019782566011895663,0.0010761493909019894,2.5915175445493448,2.5911001960244264,0.00016107000630802168,0.0057806800891134196,0.0057772115700912849,0.00060037943565911117,0.0022306158417764671,0.0022296364991810694,0.00043923868117400029,0.016494023380404087,0.99992968556218798,0.00012152023634434816,285
310,0.43906166219839143,0.0019748860352012841,0.0019770109807147494,0.0010748273703047834,2.5915157151103929,2.5911001960244264,0.00016036395914138162,0.0057843233635767755,0.0057808527251503065,0.00060036790270915936,0.0022320232633937071,0.0022310417536226413,0.00043993339410706929,0.016504499629662581,0.99992947641117647,0.00012153225672456615,285
311,0.44048257372654154,0.0019736467495883648,0.0019757677113237952,0.0010734873959496747,2.5915138710911108,2.5911001960244264,0.00015965228489389811,0.005787964282484113,0.0057844915914590017,0.00060034507271803012,0.0022334297906139292,0.0022324461247520476,0.00044062244144454698,0.016514917551732653,0.99992926666560145,0.00012154117870237806,285
312,0.4419034852546917,0.0019724093783402333,0.00197452667081116,0.0010723038094273187,2.5915089893422221,2.5911001960244264,0.00015776824007919909,0.0057916079418099207,0.0057881278367521482,0.00060124882447746598,0.0022348399969393698,0.0022338494843360287,0.00044341062828387234,0.016525298676010328,0.99992917262023395,0.00012161255041482468,285
313,0.4433243967828418,0.0019711748315076679,0.0019732880814587882,0.001070928249644155,2.5915071097447711,2.5911001960244264,0.00015704283491968445,0.0057952441753908509,0.0057917621380638024,0.00060120516762323154,0.0022362447525608392,0.0022352520936667025,0.00044409259114410908,0.01653560150626909,0.99992896176869617,0.00012161538301482609,285
314,0.44474530831099196,0.0019699426434829077,0.0019720518212862975,0.0010695346748109448,2.591505215266062,2.5911001960244264,0.00015631168654034895,0.0057988780656489693,0.0057953941639959398,0.0006011500778796545,0.0022376486188369934,0.0022366538248454926,0.00044476886876741446,0.016545847584556746,0.99992875017000959,0.00012140309046499689,286
315,0.44616621983914206,0.0019687128067713113,0.0019708178829781582,0.001068123150813843,2.5915033063545332,2.5911001960244264,0.00015557496800982815,0.0058025096164272755,0.005799023918749209,0.00060108351455434431,0.0022390515968855403,0.0022380546794935831,0.00044543924734794817,0.016556037416858703,0.99992853785273317,0.00012139955152851074,286
316,0.44758713136729222,0.0019674853137568314,0.0019695862592120821,0.0010666938020227254,2.5915013837227141,2.5911001960244264,0.00015483295431925975,0.005806138831472232,0.0058026514063966115,0.00060100544240449677,0.002240453687557621,0.0022394546591828941,0.00044610341657524451,0.016566171501713318,0.99992832488473349,0.00012139287076716799,286
317,0.44900804289544238,0.001966259693027475,0.0019683568266091142,0.0010654234807882465,2.5914963871329624,2.5911001960244264,0.00015290458823006214,0.0058097708875068923,0.0058062762885583352,0.00060186576988137538,0.0022418595358083397,0.0022408536333203221,0.00044889254392180576,0.016576271152148058,0.999928229280171,0.00012144965098220634,286
318,0.45042895442359249,0.0019650368632559371,0.0019671298097083301,0.0010639595018405647,2.5914944346051993,2.5911001960244264,0.00015215103660514887,0.0058133954553657979,0.0058098992526101831,0.00060176650292929987,0.0022432598649402224,0.0022422518671892425,0.00044954706727189043,0.016586483610473549,0.99992801567345579,0.00012143709621673581,286
319,0.45184986595174265,0.0019638163537998147,0.001965905085368098,0.0010624783382622985,2.5914924718339387,2.5911001960244264,0.00015139353164117858,0.0058170176983563518,0.0058135199610829932,0.00060165567449208001,0.0022446593079391754,0.0022436492305480064,0.00045019398639347839,0.01659714322858321,0.99992780182875296,0.00012121058292731029,287
320,0.45327077747989275,0.0019625981567016645,0.0019646826462703113,0.0010609802924680413,2.5914905003022972,2.5911001960244264,0.00015063264572695456,0.0058206376200475897,0.0058171384176306431,0.00060153329106647877,0.0022460578649115682,0.0022450457248067777,0.0004508327352119366,0.016607743090100092,0.99992758793874259,0.00012119201891560145,287
321,0.45469168900804291,0.0019613817966504612,0.0019634623681562481,0.001059644197683631,2.591485427428204,2.5911001960244264,0.00014867483873013502,0.0058242604654598759,0.0058207542791246106,0.000602359448128528,0.0022474602418427973,0.0022464412175397549,0.00045361716793922326,0.016618305847701239,0.99992749333624409,0.00012123817951055287,287
322,0.45611260053619301,0.0019601681993166907,0.0019622444774154897,0.0010581138704661465,2.5914834376103131,2.5911001960244264,0.00014790689548581173,0.0058278757687042961,0.0058243682414068363,0.00060221592318356445,0.0022488570384529877,0.0022478359772977029,0.00045424184219715487,0.016628787781982169,0.99992728031254607,0.00012121424799960627,287
323,0.45753351206434317,0.0019589568902995589,0.0019610288500724279,0.0010565677158663348,2.591481443837389,2.5911001960244264,0.0001471374258500367,0.0058314887615144965,0.0058279799624032661,0.00060206094287660467,0.0022502529490928559,0.0022492298720617767,0.00045485659059887683,0.016639211581203791,0.99992706790199359,0.00012118765428396315,287
324,0.45895442359249328,0.0019577478615820311,0.0019598154789044701,0.0010550061190427711,2.591479447655892,2.5911001960244264,0.00014636702665819882,0.0058350994476375605,0.0058315894456221051,0.00060189456891388568,0.0022516479738690061,0.0022506229031859218,0.00045546087780112208,0.016649577785999421,0.99992685632731926,0.00012115850794222094,287
325,0.46037533512064344,0.0019565411052069747,0.0019586043567300887,0.0010534294565537749,2.5914774505034015,2.5911001960244264,0.00014559625272457776,0.005838707830912975,0.0058351966945875454,0.00060171687591719432,0.0022530421130150255,0.0022520150720302507,0.00045605422340665337,0.016659886937841189,0.99992664580081925,0.00012091728200358235,288
326,0.46179624664879354,0.0019553361414321757,0.0019573953583316771,0.0010520188937489393,2.5914723210793036,2.5911001960244264,0.00014361662101995042,0.0058423192386606922,0.0058388013606229579,0.00060250003732940103,0.0022544401462977876,0.0022534062440277454,0.00045881752248729478,0.016670161502996328,0.99992655716248602,0.00012095208489652696,288
327,0.4632171581769437,0.0019541339052097902,0.0019561887125648021,0.0010504136650076904,2.5914703201955605,2.5911001960244264,0.00014284440705994756,0.005845923041488222,0.0058424041506918104,0.00060230184452317965,0.0022558325271682333,0.0022547966920213737,0.00045939181591178244,0.016680358141236033,0.99992634960461235,0.00012091610735119646,288
328,0.46463806970509386,0.0019529339179325707,0.0019549842945572153,0.0010487944227240067,2.5914683216022159,2.5911001960244264,0.0001420730770482154,0.0058495245536139629,0.0058460047173728687,0.00060209261046849567,0.0022572240242540965,0.0022561862819286196,0.00045995418631381458,0.01669049935588602,0.99992614360196097,0.0001208779172906489,288
329,0.46605898123324396,0.0019517361720470174,0.0019537820973510758,0.0010471614551245338,2.5914663259038777,2.5911001960244264,0.00014130286432498533,0.0058531237793360748,0.0058496030644404175,0.00060187244448425467,0.0022586146386812736,0.0022575750152061171,0.00046050450955294404,0.016700585690519108,0.9999259392620764,0.00012083758429449561,288
330,0.46747989276139412,0.0019505406601314987,0.001952582114055157,0.0010455150177621131,2.5914643334289647,2.5911001960244264,0.00014053389563897439,0.0058567207230724293,0.0058531991957659598,0.00060164145942905023,0.0022600043718614309,0.0022589628933480199,0.00046104277165323816,0.016710617687865439,0.99992573665472395,0.00012079513809406148,288
331,0.46890080428954423,0.0019493468986836867,0.0019513842186592283,0.0010440383580335665,2.591459173704433,2.5911001960244264,0.00013854256989265614,0.0058603207941662957,0.005856792757601338,0.00060238371254963308,0.0022613980778208049,0.0022603497798300213,0.00046377688981498157,0.016720617626454357,0.99992565795745902,0.00012061226893639932,289
332,0.47032171581769439,0.0019481558322146772,0.0019501886425613523,0.0010423660061957974,2.5914571822470047,2.5911001960244264,0.00013777399389109822,0.0058639132006847979,0.0058603844683669673,0.00060213324516127683,0.0022627860652516384,0.0022617359519167437,0.00046429528345462038,0.016730901516799599,0.99992545916743691,0.00012056602551600054,289
333,0.47174262734584449,0.0019469669784613712,0.001948995260116284,0.0010406806503940695,2.591455193330761,2.5911001960244264,0.00013700639862529107,0.0058675033390300241,0.0058639739756489884,0.00060187227905374575,0.002264173177344658,0.0022631212735988336,0.00046480219955323093,0.016741450335066032,0.99992526207293342,0.00012051773312896801,289
334,0.47316353887399465,0.0019457803306633561,0.0019478040647077936,0.0010389823499732313,2.591453206168731,2.5911001960244264,0.00013623948037447001,0.0058710912139876906,0.0058675612837459541,0.00060160091578675111,0.0022655594166285016,0.0022645057465352607,0.00046529804344855644,0.016751941228893358,0.99992506658096059,0.00012046737690536988,289
335,0.47458445040214475,0.0019445954025949347,0.0019466149297494302,0.0010374559054447303,2.5914480172684398,2.5911001960244264,0.00013423689463919772,0.005874682302658257,0.00587114603501922,0.00060231300975047001,0.0022669496989758515,0.0022658892327002363,0.0004680132904605273,0.016762397844901775,0.99992499587884842,0.00012048569586445138,289
336,0.47600536193029491,0.0019434131462208188,0.0019454280886016112,0.0010357321314511982,2.5914460252405376,2.5911001960244264,0.00013346809847097419,0.0058782656781944838,0.005874728956919633,0.00060202288493412047,0.0022683342122276555,0.0022672720128435555,0.000468492257692443,0.016772774593237623,0.99992480346773827,0.00012022448351781049,290
337,0.47742627345844502,0.0019422330764818909,0.001944243415012733,0.0010339952885111633,2.5914440313674993,2.5911001960244264,0.00013269859019750412,0.0058818468048381792,0.0058783096930681593,0.00060172259624071951,0.0022697178614096256,0.0022686539494255606,0.00046896177547678055,0.01678309514357499,0.99992461217348527,0.00012016801908006532,290
338,0.47884718498659518,0.0019410551871898414,0.0019430609025957403,0.0010322452596413108,2.5914420341347988,2.5911001960244264,0.0001319277853078973,0.0058854256874387558,0.0058818882480714488,0.00060141220269983636,0.0022711006497213491,0.0022700350442241253,0.00046942248752284538,0.016793360051779262,0.99992442178299146,0.0001201092709875993,290
339,0.48026809651474534,0.001939879472268683,0.0019418805450060505,0.0010304818916455454,2.5914400319571578,2.5911001960244264,0.00013115507198554644,0.0058890023308030863,0.0058854646265708126,0.00060109175005524621,0.0022724825804112778,0.002271415299030501,0.00046987505157347934,0.016803569862299039,0.99992423206778502,0.00012004818665890568,290
340,0.48168900804289544,0.001938705441941414,0.0019407022148685148,0.0010288919710621676,2.5914347844513022,2.5911001960244264,0.00012912986822705323,0.005892582291214094,0.0058890384658482724,0.00060176638111179024,0.0022738686408663614,0.0022727945738586003,0.0004725754892742545,0.016813747957008959,0.99992416754674429,0.00012005652786777308,290
341,0.4831099195710456,0.0019375340569518595,0.0019395261478235713,0.0010271018382233127,2.5914327627018561,2.5911001960244264,0.00012834960143182027,0.0058961544827930311,0.0058926105042131386,0.00060142759772744477,0.002275248876859007,0.0022741731536488944,0.00047301728471580416,0.016823849115447598,0.9999239787634645,0.00011999074242649034,290
342,0.4845308310991957,0.0019363648284466228,0.0019383522167554551,0.0010252978234053516,2.5914307313807776,2.5911001960244264,0.00012756564059480913,0.0058997244490343465,0.0058961803799943259,0.0006010788021420622,0.002276628264684825,0.00227555089881933,0.0004734527652420103,0.016833896735043069,0.99992378994987829,0.00011971705530669113,291
343,0.48595174262734586,0.001935197750506095,0.0019371804154162395,0.0010234797411569384,2.591428689132302,2.5911001960244264,0.00012677746247695873,0.0059032921943737906,0.0058997480977557998,0.00060071998994990037,0.0022780068072605973,0.0022769278111313077,0.00047388244985837626,0.016843891309644837,0.99992360088973331,0.00011964606416425178,291
344,0.48737265415549597,0.0019340323302355386,0.0019360106157048774,0.0010218360649941853,2.5914233651858329,2.5911001960244264,0.00012472275749982799,0.005906863340637317,0.0059033132904130993,0.00060136571609421124,0.0022793895509287928,0.0022783037489135555,0.00047658351778381245,0.016853855998746267,0.99992353726544825,0.00011964502884882116,291
345,0.48879356568364613,0.0019328695347008121,0.0019348430548929449,0.0010199898059649094,2.5914212929500149,2.5911001960244264,0.00012392300617364199,0.0059104266693967705,0.0059068767044402528,0.00060098849766902838,0.0022807664216837839,0.0022796790002576066,0.00047700637943077573,0.016863745873596382,0.99992334744300504,0.00011956866244490842,291
346,0.49021447721179623,0.0019317088717212614,0.001933677605081481,0.0010181290588699645,2.5914192069575437,2.5911001960244264,0.0001231179456536351,0.0059139877897222207,0.0059104379736330372,0.00060060119148860024,0.0022821424545454148,0.0022810534238319044,0.00047742446631564365,0.016874028549651653,0.99992315687534061,0.00011948941429311591,291
347,0.49163538873994639,0.0019305503351550281,0.0019325142600148722,0.0010162537480209771,2.5914171067699701,2.5911001960244264,0.00012230740672625185,0.0059175467054950939,0.0059139971021640089,0.00060020376570461267,0.0022835176514177311,0.0022824270212467913,0.00047783791586203877,0.016884480334112644,0.99992296546442605,0.00011940720697882955,291
348,0.49305630026809649,0.0019293939187500781,0.0019313530134251681,0.0010143638482825114,2.5914149922396987,2.5911001960244264,0.00012149133242909856,0.0059211034204568677,0.0059175540940758012,0.00059979618684345324,0.0022848920138952341,0.0022837997940624664,0.00047824675157924414,0.016894875835211282,0.99992277315243272,0.00011911858504855769,292
349,0.49447721179624665,0.0019282391252616912,0.0019301937361822323,0.0010126501210221464,2.591409558453639,2.5911001960244264,0.00011939423635071877,0.0059246636341498543,0.0059211085764237477,0.00060040407640249373,0.0022862706571497153,0.0022851715983459903,0.00048095241710533924,0.01690523952712766,0.99992270720462162,0.00011910442769892907,292
350,0.49589812332439676,0.001927086929182091,0.0019290366674801153,0.0010107315899656852,2.5914074111838974,2.5911001960244264,0.000118565526698786,0.0059282159706787801,0.0059246613055976777,0.00059997777050038606,0.0022876433651821829,0.0022865427260157657,0.00048135517167224786,0.016915523851979097,0.99992251337481852,0.00011901370592972923,292
351,0.49731903485254692,0.0019259368338547516,0.0019278816783649419,0.0010087986892638417,2.5914052508919263,2.5911001960244264,0.00011773179129387892,0.0059317661169000216,0.0059282119094597584,0.00059954122668786508,0.0022890152417721576,0.0022879130334502408,0.00048175271778343464,0.016925753313761591,0.99992231872414183,0.00011892005039621054,292
352,0.49873994638069707,0.0019247888325733794,0.0019267287625138695,0.0010068516016541087,2.5914030785632383,2.5911001960244264,0.00011689341048121225,0.0059353140761237823,0.005931760391513447,0.000599094429946896,0.0022903862873445845,0.0022892825220015255,0.00048214465993214197,0.016935928373151013,0.99992212336107023,0.00011882346459453247,292
353,0.50016085790884723,0.001923642918536404,0.0019255779135954327,0.0010048905553843527,2.5914008954147696,2.5911001960244264,0.00011605085392086758,0.005938859851598581,0.0059353067551425045,0.00059863737506035838,0.0022917565020938338,0.0022906511929755386,0.00048253052306027945,0.016946049486871735,0.99992192743030228,0.00011852232192744519,293
354,0.50158176943699728,0.0019224985899934741,0.0019244290014385282,0.0010031086850234828,2.5913953621997727,2.5911001960244264,0.00011391538459191404,0.0059424092214063915,0.0059388506214642887,0.00059920684471187946,0.0022931310706530029,0.0022920189001476585,0.00048523618425342426,0.016956140874992857,0.99992185979642545,0.0001184952373445711,293
355,0.50300268096514744,0.0019213568288383145,0.0019232822671738613,0.0010011210358508876,2.5913931569733459,2.5911001960244264,0.00011306430734288191,0.0059459506515788293,0.0059423927568956602,0.00059873098745289724,0.0022944996345222604,0.002293385939306085,0.00048561177475103421,0.016966155415466543,0.99992166357563994,0.00011839074282596434,293
356,0.5044235924932976,0.0019202171340060494,0.0019221375808442958,0.00099912038419375021,2.5913909455661783,2.5911001960244264,0.00011221084472071078,0.005949489907625889,0.0059459327834829245,0.00059824493018921781,0.0022958673672165736,0.0022947521645847119,0.00048597955329242082,0.016976117370127941,0.99992146738781684,0.00011828364263265367,293
357,0.50584450402144776,0.0019190794984272619,0.0019209949361366921,0.0009971071101740473,2.5913887296955731,2.5911001960244264,0.00011135565949528935,0.0059530269927871035,0.0059494707042935888,0.00059774871921769879,0.0022972342684713471,0.0022961175771674027,0.00048633890313319118,0.01698602719233579,0.99992127146708443,0.00011817403670320989,293
358,0.50726541554959781,0.0019179434170311662,0.001919854202140435,0.00099527615541765532,2.5913831394675335,2.5911001960244264,0.00010919818675526787,0.0059565677521672697,0.0059530061359553913,0.00059828868483214064,0.0022986055830367101,0.0022974820290968291,0.00048903709611284219,0.016995908925169646,0.99992120586314326,0.00011813798778769522,293
359,0.50868632707774797,0.001916809877883746,0.0019187156216242936,0.00099323928938167198,2.5913809149370941,2.5911001960244264,0.00010833965938422183,0.005960100518150606,0.0059565398532338398,0.00059777404407580358,0.002299970831688898,0.0022988458193832374,0.00048938136528115959,0.017005715807143124,0.99992101148140466,0.00011782414367554862,294
360,0.51010723860589813,0.0019156783767858873,0.0019175790639471698,0.0009911910267575159,2.5913786908823915,2.5911001960244264,0.00010748131561733901,0.0059636311233806603,0.0059600714738658987,0.00059724946762303079,0.0023013352484387304,0.0023002088004973899,0.00048971551673780906,0.017015922526651184,0.99992081806731103,0.00011770808478878227,294
361,0.51152815013404829,0.0019145489067676456,0.001916444522923746,0.00098913176636512726,2.5913764687025584,2.5911001960244264,0.00010662369543096295,0.0059671595714351376,0.0059636010009466731,0.00059671505318675648,0.0023026988334206625,0.0023015709736338014,0.00049003910797520717,0.017026281911905985,0.99992062582861574,0.00011758993502438866,294
362,0.51294906166219845,0.0019134214609369941,0.0019153119924174317,0.00098706189274754387,2.5913742495971333,2.5911001960244264,0.00010576726177062093,0.0059706858660148465,0.00596712843763199,0.00059617090867717651,0.0023040615869911792,0.0023029323400104197,0.0004903517837412481,0.017036586096440581,0.99992043494854566,0.00011746979110461987,294
363,0.5143699731903485,0.0019122955306186784,0.0019141813407468136,0.00098517840916758975,2.5913686272159571,2.5911001960244264,0.00010359737996334419,0.0059742159324516113,0.0059706533953918887,0.00059667457207817731,0.0023054288261836467,0.0023042927496793732,0.00049302611590110916,0.01704686054399018,0.9999203767994268,0.00011742484763430737,294
364,0.51579088471849865,0.0019111721121561991,0.0019130528128852142,0.00098308876594925239,2.5913664121472397,2.5911001960244264,0.00010274250421568461,0.0059777379442351782,0.0059741766599933346,0.00059611297832755969,0.0023067899299049521,0.0023056525058967711,0.00049331978920154514,0.017057055842598964,0.99992018934707505,0.00011730118608929916,294
365,0.51721179624664881,0.0019100506979584984,0.0019119262774748567,0.00098098945469558461,2.5913642022523322,2.5911001960244264,0.00010188962522979942,0.0059812578143877129,0.005977697844199931,0.00059554200974478171,0.0023081502048955494,0.0023070114592139757,0.00049360209158288428,0.017067197503500241,0.99992000360002153,0.0001169780113172935,295
366,0.51863270777479897,0.0019089312816755446,0.0019108017286192799,0.00097888070526646969,2.5913619976417679,2.5911001960244264,0.00010103878566454081,0.005984775547125263,0.0059812169515614626,0.00059496179333060008,0.0023095096526736221,0.0023083696110009779,0.00049387310732698511,0.017077286046982044,0.99991981959385612,0.00011685114037361376,295
367,0.52005361930294902,0.0019078138571320612,0.0019096791604876066,0.00097676269089569715,2.5913597981226228,2.5911001960244264,0.00010018991106354484,0.0059882911467803021,0.0059847339857464115,0.00059437245537772307,0.0023108682750726754,0.0023097269626735778,0.00049413303716922842,0.017087321991172431,0.99991963732082378,0.0001167224423650198,295
368,0.52147453083109918,0.0019066979125920505,0.0019085584407601624,0.00097483426673111153,2.5913541607258508,2.5911001960244264,9.8014234190565554e-05,0.0059918106183542976,0.0059882485534690846,0.00059484252422178625,0.0023122314615135289,0.0023110833624484946,0.0004967795985593035,0.017097330554513627,0.99991958933665603,0.00011667029332021404,295
369,0.52289544235924934,0.0019055844528879685,0.0019074398166486362,0.00097269845395570422,2.591351965084439,2.5911001960244264,9.7166856148155623e-05,0.0059953219775107014,0.0059917614517012363,0.00059423690982459755,0.0023135884504656024,0.0023124391179061726,0.00049702175963470415,0.01710726279316872,0.99991941061661249,0.00011653839291799718,295
370,0.5243163538873995,0.0019044729674032451,0.0019063231561537192,0.00097055357298765209,2.5913497722976002,2.5911001960244264,9.6320579789511824e-05,0.0059988312170547653,0.0059952722884593704,0.00059362251189919429,0.0023149446212102614,0.0023137940777658962,0.00049725403631253819,0.017117143961143846,0.99991923335253075,0.00011640474015037464,295
371,0.52573726541554955,0.0019033634506233467,0.0019052084536907874,0.00096839958056377533,2.5913475811218825,2.5911001960244264,9.547492522118584e-05,0.0060023383416108684,0.0059987810678481046,0.00059299943147279844,0.0023162999766369635,0.0023151482436117856,0.00049747700967136329,0.017126974555050245,0.99991905737757147,0.00011607391382294783,296
372,0.52715817694369971,0.0019022558971681439,0.0019040957037266854,0.00096623638976794837,2.5913453901334016,2.5911001960244264,9.462934291440071e-05,0.0060058433558216355,0.0060022877940520535,0.00059236775902437027,0.0023176545198061987,0.0023165016170588366,0.00049769131990756916,0.017136755062981682,0.99991888249511851,0.00011593685778190938,296
373,0.52857908847184987,0.0019011497923907272,0.0019029847733008879,0.00096426463096586609,2.5913397209648399,2.5911001960244264,9.2441404149854145e-05,0.0060093523427933102,0.0060057920690154325,0.00059280670009298291,0.002319013711006534,0.0023178540444828153,0.00050031904574798021,0.017146510428051837,0.99991884244545515,0.00011587729214840952,296
374,0.53000000000000003,0.0019000461491918193,0.0019018759117228764,0.00096208302538490888,2.5913375212269836,2.5911001960244264,9.1592445140207504e-05,0.0060128531621887939,0.0060092947005703163,0.00059215961203233376,0.002320366649629548,0.0023192058376555603,0.00050052132292022189,0.017156570710551954,0.99991866934526508,0.00011573656921784044,296
375,0.53142091152815019,0.0018989444538660017,0.0019007689862906301,0.00095989172686836979,2.5913353168457105,2.5911001960244264,9.0741694066799941e-05,0.0060163518849711819,0.006012795291784708,0.00059150411977825412,0.0023217187856238363,0.0023205568433865478,0.00050071698980356876,0.017166847120689919,0.99991849663279875,0.00011559377791029571,296
376,0.53284182305630023,0.0018978447014041716,0.0018996639916103876,0.00095769052540375964,2.5913331061745004,2.5911001960244264,8.9888515477457124e-05,0.0060198485156139183,0.0060162938469614635,0.00059084026526565116,0.002323070122196996,0.0023219070633364067,0.00050090672402629364,0.017177070125345764,0.99991832406028325,0.00011544883106349762,296
377,0.53426273458445039,0.0018967463746220347,0.0018985607941283925,0.00095568154149666728,2.5913273815102595,2.5911001960244264,8.7679158907744885e-05,0.0060233492020019775,0.0060197899639655413,0.0005912561829801115,0.0023244261782513526,0.0023232563423065682,0.00050353287473347197,0.017187266098625208,0.99991828639995195,0.00011518890114691467,297
378,0.53568364611260055,0.0018956504922503694,0.0018974596446460772,0.00095346027559138689,2.5913251494224689,2.5911001960244264,8.6817714879442243e-05,0.0060268416732393842,0.0060232844587898605,0.00059057719652149895,0.0023257759353675057,0.0023246049952184399,0.00050371575019168434,0.017197383678764167,0.99991811366793004,0.00011503989125521609,297
379,0.53710455764075071,0.001894556537830591,0.00189636040980447,0.00095122845032661132,2.5913229068070609,2.5911001960244264,8.5952207859881847e-05,0.0060303320650707043,0.0060267769302300251,0.00058988989999725035,0.0023271249018135963,0.0023259528672326226,0.00050389438130283616,0.017207449265267138,0.99991794039979542,0.00011488848570213606,297
380,0.53852546916890076,0.00189346450633692,0.0018952630842330215,0.00094898587487097477,2.5913206526255683,2.5911001960244264,8.5082237066765967e-05,0.0060338203814899859,0.0060302673823457833,0.00058919429586231113,0.0023284730800784614,0.0023272999599159212,0.00050406917146279763,0.017217463303146146,0.99991776641694241,0.00011473462450967613,297
381,0.53994638069705092,0.0018923743926889142,0.0018941676625515921,0.00094673238179045487,2.5913183860964657,2.5911001960244264,8.4207500880916742e-05,0.0060373066263447895,0.0060337558190872486,0.00058849038045395653,0.0023298204723655449,0.0023286462747928284,0.00050424041874756243,0.017227426225577682,0.99991759157414306,0.00011457825174010175,297
382,0.54136729222520108,0.0018912856760119042,0.0018930740103172321,0.00094467215522560464,2.5913125672489259,2.5911001960244264,8.1961795543572069e-05,0.0060407970235340502,0.0060372418327283997,0.0005888766599306171,0.002331172665112831,0.0023299916545070133,0.00050687332013967814,0.017237364083207394,0.99991755209076705,0.0001143100225453203,298
383,0.54278820375335124,0.0018901993817404302,0.0018919823800349232,0.00094239688133883944,2.5913102706065243,2.5911001960244264,8.1075437538153026e-05,0.006044279148066707,0.0060407262490116392,0.00058815760036288697,0.0023325185010176254,0.002331336417742563,0.00050704105424947033,0.017247225981534338,0.99991737551808191,0.00011414890208347902,298
384,0.54420911528150129,0.0018891149895238718,0.0018908926374063121,0.00094011042577153215,2.5913079610449055,2.5911001960244264,8.018409353594722e-05,0.0060477592117151383,0.0060442086609871996,0.00058743020419794209,0.0023338635556371585,0.0023326804074427312,0.00050720544085349579,0.017257038003148616,0.9999171978905661,0.00011398533166888837,298
385,0.54563002680965145,0.0018880324938864987,0.0018898047769805636,0.00093781279190991058,2.5913056389915585,2.5911001960244264,7.9287928520599765e-05,0.0060512372177763075,0.0060476890720609642,0.00058669446677327283,0.0023352078298765357,0.002334023624921972,0.00050736631022889507,0.017266800544584952,0.99991701923054832,0.00011381918560802773,298
386,0.54705093833780161,0.0018869518892299935,0.0018887187932874559,0.00093550403783878157,2.5913033051757566,2.5911001960244264,7.8387223945173529e-05,0.0060547131694366147,0.0060511674854964292,0.00058595038869505315,0.002336551324325174,0.0023353660714397879,0.00050752338140093738,0.017276513996535701,0.99991683960406452,0.000113650492794074,298
387,0.54847184986595177,0.0018858726506538941,0.0018876345509197274,0.00093339055749686864,2.5912973877053469,2.5911001960244264,7.6103456447970254e-05,0.0060581933671231512,0.0060546434876996447,0.00058630692801620488,0.0023378996929749618,0.0023367075873751996,0.00051016464627532114,0.017286204119565916,0.9999167967606748,0.0001135620350809184,298
388,0.54989276139410193,0.0018847958099922105,0.0018865523040321904,0.00093106034549140951,2.5912950293801194,2.5911001960244264,7.5193292791942746e-05,0.0060616652311737832,0.0060581179140486363,0.00058554771885848474,0.0023392416388124796,0.0023380484951310335,0.00051031605372207651,0.017296055771113341,0.99991661583495806,0.00011320019709510868,299
389,0.55131367292225197,0.0018837208428637744,0.0018854719173752809,0.00092871948681373488,2.5912926630426076,2.5911001960244264,7.4280036903441254e-05,0.006065135049945952,0.0060615903517709548,0.00058478022586294588,0.0023405828050408156,0.0023393886354033571,0.00051046227180317572,0.017306258324228802,0.99991643437686439,0.00011302474116338652,299
390,0.55273458445040213,0.0018826477432597444,0.0018843933854323042,0.00092636823396579433,2.5912902903483235,2.5911001960244264,7.3364327704777727e-05,0.0060686028263987621,0.0060650608036572759,0.00058400449000451694,0.00234192319131602,0.0023407280092691946,0.00051060270227574372,0.017316408284746641,0.99991625259429573,0.00011284701918835797,299
391,0.55415549597855229,0.0018815765051069095,0.0018833167026880134,0.0009240068750094733,2.5912879130782129,2.5911001960244264,7.2446852527943426e-05,0.0060720685634961229,0.0060685292724216959,0.00058322056556788285,0.0023432627971791296,0.0023420666177760142,0.00051073671177263424,0.017326506081723946,0.99991607071669264,0.00011266716465786574,299
392,0.55557640750670245,0.0018805065995704806,0.001882241732838642,0.00092184401072894226,2.5912819264389255,2.5911001960244264,7.0136390239916289e-05,0.0060755386395342044,0.006071995338781418,0.00058354800277192584,0.0023446073457099766,0.0023434042991073035,0.00051337560622013285,0.017336578933981835,0.99991602795584411,0.0001125691107497204,299
393,0.5569973190348525,0.0018794390651716067,0.0018811687318028374,0.00091946384287019901,2.5912795412911969,2.5911001960244264,6.9215874803147057e-05,0.0060790003190476262,0.0060754598481755993,0.00058274944786115162,0.0023459453996300798,0.0023447413795488459,0.00051349803084275623,0.017346573646312848,0.99991584689993362,0.00011238545421927103,299
394,0.55841823056300266,0.001878373373770373,0.0018800975634983052,0.00091707460368385489,2.5912771571333444,2.5911001960244264,6.8295741395672769e-05,0.0060824599683781009,0.0060789223823550344,0.00058194294984500539,0.0023472826716486599,0.0023460776976830301,0.00051361213092807371,0.017356517495433602,0.99991566649203623,0.00011201418460999706,300
395,0.55983914209115282,0.0018773095192175758,0.0018790282224864128,0.00091467666545355414,2.5912747757131407,2.5911001960244264,6.7376664546635914e-05,0.0060859175907447783,0.0060823829439577912,0.00058112861678636426,0.002348619161420225,0.002347413254527982,0.00051371733967883141,0.017366410920819215,0.99991548697168009,0.0001118273271970433,300
396,0.56126005361930298,0.001876246969909863,0.0018779605718746057,0.00091248026737443348,2.5912687624138981,2.5911001960244264,6.505591321028355e-05,0.0060893796311475221,0.0060858411095437194,0.00058143509501975166,0.0023499606522771324,0.0023487478866627155,0.00051634559047548944,0.017376280939114867,0.99991544858563486,0.00011172376635798955,300
397,0.56268096514745314,0.0018751867700310546,0.0018768948691054649,0.0009100664627126623,2.5912663868209562,2.5911001960244264,6.4139085313947615e-05,0.0060928332217969599,0.0060892977330165767,0.00058060698218343355,0.0023512955876650843,0.0023500819236398113,0.00051643477321561564,0.017386074797706836,0.99991527175723682,0.00011153405675988769,300
398,0.56410187667560319,0.0018741283888396565,0.0018758309775620879,0.00090764506120063712,2.5912640182017297,2.5911001960244264,6.3224948828539612e-05,0.0060962847958460614,0.0060927523921550384,0.00057977141752408483,0.0023526297409388356,0.0023514152025086725,0.00051651381213634843,0.017395819570465671,0.99991509640502896,0.00011134295212243804,300
399,0.56552278820375335,0.0018730718204448152,0.0018747688919907137,0.00090521639928453212,2.5912616574891763,2.5911001960244264,6.23138638164425e-05,0.0060997343570264265,0.0060962050898806892,0.00057892854549721309,0.0023539631126780198,0.0023527477243968455,0.00051658249142962239,0.017405515708246222,0.99991492266109205,0.00011115053775706074,300
400,0.56694369973190351,0.0018720170590544743,0.0018737086071958062,0.00090278079250723936,2.5912593053301864,2.5911001960244264,6.1406079936292477e-05,0.006103181909211274,0.0060996558292273021,0.00057807851503297134,0.0023552957037750368,0.0023540794904751724,0.00051664071021615635,0.017415163663103951,0.99991475061733959,0.00011077382545443665,301
401,0.56836461126005366,0.0018709635700559432,0.0018726499856888989,0.00090055036757724584,2.5912532922334854,2.5911001960244264,5.9085406768101801e-05,0.0061066339763261208,0.0061031041819997259,0.00057836049019212494,0.0023566333691225588,0.0023554103354875401,0.0005192444036573831,0.017424790199426304,0.99991472166495499,0.0001106654835752883,301
402,0.56978552278820371,0.0018699124050582034,0.0018715932869286034,0.00089810210484270354,2.5912509537643058,2.5911001960244264,5.8182906284632206e-05,0.0061100775345746582,0.0061065510131192357,0.00057749807507480658,0.0023579644131721629,0.0023567405932385906,0.00051928495528246691,0.017434364538595825,0.99991455339120017,0.00011047008460721783,301
403,0.57120643431635387,0.0018688630303979523,0.0018705383737289863,0.00089564766730453548,2.5912486240080934,2.5911001960244264,5.7283768452769042e-05,0.0061135190961628073,0.0061099958957136821,0.00057662893875212956,0.0023592946811512566,0.002358070098982804,0.00051931542195491568,0.017444495951557261,0.99991438682733758,0.00011027355850198596,301
404,0.57262734584450403,0.0018678154407485315,0.0018694852411410151,0.00089318725590174775,2.5912463024135857,2.5911001960244264,5.6387780520187268e-05,0.0061169586654329358,0.0061134388333209657,0.00057575322301180003,0.0023606241752223119,0.0023593988540855848,0.00051933615827833653,0.017454576100787406,0.99991422188778645,0.00011007590396488276,301
405,0.57404825737265419,0.0018667696308950789,0.0018684338842740479,0.00089072104342383411,2.5912439881631091,2.5911001960244264,5.5494626916888574e-05,0.0061203962468034667,0.0061168798295972637,0.00057487106239825368,0.0023619528978211413,0.0023607268599579851,0.00051934761447921683,0.017464605475160509,0.99991405844547121,0.0001098771262188657,301
406,0.57546916890080424,0.0018657250634429303,0.0018673841651061463,0.00088846296022957068,2.5912379774672973,2.5911001960244264,5.3174880339367325e-05,0.0061238384419149503,0.0061203184517912646,0.0005751318581560936,0.0023632867745711464,0.0023620539495855016,0.00052192922429274906,0.017474612315359763,0.99991403896772846,0.00010958428383104924,302
407,0.5768900804289544,0.0018646827972133048,0.0018663363450531992,0.00088598598225729064,2.5912356705935582,2.5911001960244264,5.2284573687897984e-05,0.0061272720725378737,0.0061237555757400379,0.00057423859498357481,0.002364613972427424,0.0023633804609855809,0.00052192673257893147,0.017484541520750102,0.99991387825481159,0.00010938370979400435,302
408,0.57831099195710456,0.001863642295635088,0.0018652902863575919,0.00088350362115588942,2.5912333674071903,2.5911001960244264,5.1395690127400903e-05,0.0061307037286637226,0.0061271907699071253,0.00057333921670119396,0.0023659404072888099,0.0023647062276125753,0.00052191670230452344,0.017494421370234908,0.99991371845200916,0.00010918186964165403,302
409,0.57973190348525472,0.0018626035537654857,0.0018642459843137749,0.00088101600438404769,2.5912310664094735,2.5911001960244264,5.0507651247106287e-05,0.0061341334147671867,0.0061306240382726944,0.00057243381303171521,0.0023672660822436488,0.0023660312510025761,0.00052189980185147111,0.017504252316958617,0.99991355931611225,0.0001089786971908209,302
410,0.58115281501340488,0.0018615665666717747,0.0018632034342460952,0.00087852327031740483,2.5912287660554578,2.5911001960244264,4.9619860794523348e-05,0.0061375611352705185,0.0061340553848460398,0.00057152246018832233,0.002368591000405389,0.0023673555327029176,0.00052187670394434509,0.017514034802611246,0.99991340059200629,0.00010877410274794925,302
411,0.58257372654155493,0.0018605307939499707,0.0018621624975176368,0.00087624123557492083,2.5912227299951511,2.5911001960244264,4.7290325133975613e-05,0.0061409935677395307,0.0061374843720458953,0.00057176450169365331,0.0023699211560061538,0.0023686789038350397,0.00052444937517821604,0.017523796728017561,0.99991338590925882,0.00010865674265809722,302
412,0.58399463806970509,0.0018594973008957091,0.0018611234372934301,0.00087373914332403255,2.5912204225815776,2.5911001960244264,4.6399810140736919e-05,0.0061444173813552209,0.0061409118860239909,0.00057084279929307097,0.0023712445795073152,0.0023700017063971925,0.0005244186562262151,0.017533483512333956,0.99991322749185085,0.00010827177397860188,303
413,0.58541554959785524,0.0018584655476660762,0.0018600861151225974,0.00087123248937016797,2.5912181114714858,2.5911001960244264,4.5507868526401782e-05,0.0061478392420482352,0.0061443374901681792,0.00056991528959131701,0.0023725672550802897,0.002371323771884835,0.00052438355748711443,0.017543123087333148,0.9999130687291381,0.0001080630750664411,303
414,0.5868364611260054,0.001857435529136142,0.0018590505263733025,0.00086872154051192128,2.5912157954698043,2.5911001960244264,4.4614039069285659e-05,0.0061512591538129555,0.0061477611883583756,0.00056898199969181423,0.0023738891853650854,0.0023726451017953691,0.00052434456749344042,0.017552715845426378,0.99991290939867727,0.00010785265711719809,303
415,0.58825737265415545,0.0018564072400794962,0.001858016666407005,0.00086620661515432863,2.5912134735900492,2.5911001960244264,4.3717941049343419e-05,0.0061546771204944277,0.0061511829843840845,0.00056804294705810451,0.0023752103727553197,0.0023739656975913007,0.00052430208460123686,0.017562262167109953,0.99991274930502383,0.00010764044810810849,303
416,0.58967828418230561,0.0018553801365743727,0.0018569843958142242,0.00086390561141363976,2.5912073787114127,2.5911001960244264,4.1365705251667627e-05,0.0061580998943974114,0.0061546024352952412,0.00056826726647899914,0.0023765368781327669,0.0023752853883220581,0.00052687976647422963,0.017571789609180481,0.99991273341012354,0.00010751634604760148,303
417,0.59109919571045577,0.0018543552896246956,0.0018559539792824371,0.00086138432072524235,2.5912050393835382,2.5911001960244264,4.0462873366543135e-05,0.006161513993130952,0.006158020436874829,0.00056731806786532407,0.0023778565954768326,0.0023766045197029413,0.00052683387728630847,0.017581602291181917,0.99991257159586922,0.00010730067744815436,303
418,0.59252010723860593,0.0018533321556687551,0.0018549252775248409,0.00085886039474949744,2.5912026927993974,2.5911001960244264,3.9557241023811614e-05,0.0061649261573638514,0.0061614365469374573,0.00056636311999814202,0.002379175575301519,0.0023779229210784919,0.00052678504081156039,0.017591624301889909,0.99991240865110598,0.00010690836875678115,304
419,0.59394101876675598,0.0018523107289189315,0.0018538982858283812,0.00085633441790488186,2.5912003390856615,2.5911001960244264,3.8648857110474127e-05,0.0061683363903154821,0.0061648507687505714,0.00056540242345837059,0.0023804938187419579,0.0023792405937097367,0.00052673320871144812,0.017601596599749997,0.99991224453968142,0.00010668920169730866,304
420,0.59536193029490614,0.0018512910034325534,0.0018528729994553845,0.00085380704629843172,2.5911979786725312,2.5911001960244264,3.7737887656684411e-05,0.0061717446950616296,0.0061682631054302568,0.00056443598009102945,0.002381811326598599,0.0023805575387992862,0.00052667821671105604,0.017611519560902188,0.99991207927176962,0.0001064681144285362,304
421,0.5967828418230563,0.0018502724314709842,0.001851849278114843,0.00085149837111152813,2.5911918143344974,2.5911001960244264,3.5358844946079706e-05,0.006175157898824348,0.0061716731082631215,0.00056464276381728521,0.0023831342259817727,0.0023818735831722892,0.00052926520466485072,0.017621422214315764,0.99991205926223004,0.00010633634475493375,304
422,0.59820375335120646,0.0018492560894725375,0.0018508273879177231,0.00084897081999276292,2.591189439183526,2.5911001960244264,3.4442187622252282e-05,0.0061785623673240638,0.0061750816823851421,0.00056366621818956699,0.0023844502736437927,0.002383189076153707,0.00052920580356183669,0.017631247550988938,0.99991189215050336,0.00010611175315828681,304
423,0.59962466487935662,0.0018482414300964713,0.0018498071886918176,0.00084644421587181491,2.5911870602792222,2.5911001960244264,3.3524081750693135e-05,0.0061819649161830789,0.0061784883798364117,0.00056268396619680965,0.0023857655863397682,0.0023845038448594854,0.00052914214544163933,0.017641024652388058,0.99991172418203944,0.00010588536055103016,304
424,0.60104557640750667,0.0018472284469126686,0.001848788675616372,0.00084391943994530322,2.5911846790623776,2.5911001960244264,3.260508338534735e-05,0.0061853655480929304,0.0061818932031745865,0.00056169603780291085,0.0023870801637848175,0.0023858178902767175,0.00052907370392531639,0.017650753881631363,0.99991155553594679,0.00010548551569393994,305
425,0.60246648793565682,0.0018462165893113143,0.0018477717077159063,0.00084161825733024558,2.5911784710969399,2.5911001960244264,3.0209203269543621e-05,0.0061887711549645777,0.0061852956991172289,0.00056189000759410471,0.0023884001908771055,0.0023871310374671902,0.0005316647431562626,0.017660464021976782,0.99991153376987973,0.00010534837345289131,305
426,0.60388739946380698,0.0018452069383448947,0.0018467565522788437,0.00083910027666443145,2.5911760863214099,2.5911001960244264,2.928883147782403e-05,0.00619216797250478,0.0061886967804457719,0.00056089224955663557,0.0023897133063216693,0.0023884436387065252,0.00053158784849186372,0.017670098542877818,0.99991136468283948,0.00010511770230216636,305
427,0.60530831099195714,0.001844198944027829,0.0018457430684906042,0.00083658689507522894,2.5911737042857736,2.5911001960244264,2.8369517110919388e-05,0.0061955628810888451,0.0061920959947746514,0.00055988898058415763,0.0023910256849401681,0.0023897555194026462,0.00053150438495038377,0.017679686289479989,0.99991119561694008,0.00010488558685694455,305
428,0.60672922252010719,0.0018431925998775268,0.0018447312515269467,0.00083407902812201377,2.5911713267382575,2.5911001960244264,2.745193487313298e-05,0.0061989558834285655,0.0061954933443653989,0.00055888028131216561,0.002392337326158882,0.0023910666804283602,0.00053141375810322375,0.017689227633916706,0.99991102683405664,0.00010465213697222946,305
429,0.60815013404825735,0.0018421878994974343,0.0018437210965807501,0.00083157755593248029,2.5911689553581194,2.5911001960244264,2.6536732851354113e-05,0.0062023469823090024,0.006198888831466058,0.00055786624618764586,0.0023936482294925421,0.0023923771226512696,0.00053131541396110886,0.017698722952753272,0.99991085859712403,0.0001044174665968901,305
430,0.60957104557640751,0.0018411842893511492,0.0018427124619406748,0.00082930604806142488,2.5911627334467129,2.5911001960244264,2.4135470477911097e-05,0.0062057431471528729,0.0062022819974556914,0.00055804455498819846,0.0023949646492862752,0.0023936866690728396,0.00053389619867442789,0.017708200759776506,0.99991083976524642,0.000104106572419147,306
431,0.61099195710455767,0.0018401828571998438,0.0018417056165502476,0.00082682016969474928,2.5911603750077163,2.5911001960244264,2.3225262914282327e-05,0.0062091304595398153,0.0062056737653383718,0.00055702157930872425,0.0023962740860921528,0.0023949956759139819,0.00053378391912253873,0.017717612091899392,0.99991067363111674,0.00010387045512679139,306
432,0.61241286863270783,0.0018391830505407509,0.0018407004189338308,0.00082434293895513103,2.5911580267943632,2.5911001960244264,2.2319001799138564e-05,0.0062125158774760884,0.006209063677650048,0.00055599362565193788,0.0023975827846987271,0.0023963039666226454,0.00053366271303386759,0.017727577224375731,0.99991050875558729,0.00010363346246276238,306
433,0.61383378016085788,0.0018381848637251351,0.0018396968644258608,0.00082187491317899466,2.5911556896612606,2.5911001960244264,2.1417016956487814e-05,0.0062158994042368944,0.0062124517368355794,0.00055496083468506278,0.0023988907455612953,0.0023976115421423922,0.00053353239105617483,0.017737493296489673,0.99991034532533185,0.00010339566231528321,306
434,0.61525469168900804,0.0018371882913849815,0.0018386949484115857,0.00081941652578410538,2.5911533641447639,2.5911001960244264,2.0519515385428516e-05,0.0062192810432537791,0.0062158379454428881,0.00055392335532416788,0.0024001979694885851,0.0023989184034565567,0.00053339289497496072,0.01774736075141177,0.99991018349080452,0.00010315712756951596,306
435,0.6166756032171582,0.0018361927780779514,0.0018376945286205731,0.00081719269401585813,2.5911471599279907,2.5911001960244264,1.8125082015873998e-05,0.0062226678422769369,0.0062192218400903875,0.00055408896404623206,0.0024015107819850218,0.0024002243717292969,0.00053595416781725689,0.017757209682713666,0.99991017322132003,0.00010301299358499304,306
436,0.61809651474530836,0.0018351994192351824,0.0018366958758114884,0.00081475468857619931,2.5911448540441739,2.5911001960244264,1.7235157411524184e-05,0.0062260457283419531,0.0062226043546166039,0.00055304395542936206,0.0024028165459852794,0.0024015298073629351,0.00053579956342798731,0.017766981182294,0.99991001511895761,0.00010260777237469389,307
437,0.6195174262734584,0.0018342076607764388,0.001835698847994962,0.00081232671696227919,2.5911425592685675,2.5911001960244264,1.634951987039508e-05,0.006229421737873303,0.0062259850269647818,0.0005519947275229157,0.0024041215777922138,0.0024028345320329281,0.00053563645025392684,0.01777670540527208,0.99990985880290317,0.00010236811349582756,307
438,0.62093833780160856,0.001833217498745157,0.0018347034407906273,0.0008099085729244682,2.5911402746869183,2.5911001960244264,1.5467816548888024e-05,0.0062327958749133659,0.0062293638602105954,0.00055094144117863214,0.0024054258797958981,0.0024041385469262921,0.00053546534215004554,0.017786382797659605,0.9999097042428079,0.00010212791364634313,307
439,0.62235924932975872,0.0018322289295818949,0.0018337096498778321,0.00080749986566073671,2.5911379990297827,2.5911001960244264,1.4589557522428411e-05,0.0062361681436336166,0.0062327408575681819,0.00054988425537908067,0.0024067294547680082,0.0024054418532834789,0.00053528688825783518,0.017796013802597883,0.9999095513613665,0.00010188716419289224,307
440,0.62378016085790888,0.0018312413966660491,0.0018327173325175293,0.00080532650905460444,2.5911318082851684,2.5911001960244264,1.2200323550012086e-05,0.0062395456697096523,0.0062361155511971899,0.00055004088431362375,0.0024080386994434809,0.0024067442705478464,0.00053783399901471192,0.017805628201817688,0.99990955113821933,0.00010174222774620384,307
441,0.62520107238605893,0.0018302560035177134,0.0018317267612946331,0.00080293513639567574,2.5911295416940079,2.5911001960244264,1.1325563413751965e-05,0.0062429142261636039,0.0062394888858908603,0.00054897770240271149,0.0024093408398571077,0.0024080461633495397,0.00053764604984448815,0.017815167683056254,0.99990940146064633,0.00010150059586100465,307
442,0.62662198391420909,0.0018292721949345334,0.0018307377937312509,0.0008005509045238108,2.5911272784174297,2.5911001960244264,1.045208249563687e-05,0.0062462809273456871,0.0062428603950825078,0.00054791106106964987,0.0024106422634555791,0.0024093473516234704,0.00053745336106733859,0.017824662073752183,0.99990925297704658,0.00010109564726167963,308
443,0.62804289544235925,0.0018282899689126479,0.0018297504257102071,0.00079817267810845403,2.5911250161125343,2.5911001960244264,9.5789765853025485e-06,0.0062496457777342727,0.0062462300824299996,0.00054684109602062608,0.0024119429741412549,0.002410647836781344,0.00053725697306336248,0.017834111790433895,0.99990910545885525,0.00010085307218683594,308
444,0.62946380697050941,0.001827309323797753,0.001828764653150789,0.00079579914809080755,2.5911227522969509,2.5911001960244264,8.7052876454036276e-06,0.0062530087818221591,0.0062495979516551782,0.00054576793473210862,0.0024132429759566808,0.0024119476202595536,0.00053705797184262836,0.017843517239664923,0.99990895865498675,0.00010060972481165483,308
445,0.63088471849865957,0.0018263297018270366,0.0018277803327817154,0.00079365716364341731,2.5911165305700075,2.5911001960244264,6.3040964629982016e-06,0.0062563771421032775,0.0062529635302391827,0.00054591904264061171,0.002414548735377396,0.0024132465196958501,0.00053961154441445,0.017852907859748246,0.99990896462327683,0.00010046312410448762,308
446,0.63230563002680962,0.0018253522142237873,0.0018267977388579926,0.0007912888238568597,2.5911142524467423,2.5911001960244264,5.4248856672760194e-06,0.0062597364783157985,0.0062563277734768727,0.00054484115320439482,0.0024158473415075554,0.0024145449037733364,0.00053941334128166773,0.017862417876570197,0.99990881869528392,0.00010021839507583662,308
447,0.63372654155495978,0.0018243763043976789,0.0018258167282970243,0.00078892031002966365,2.5911119651873515,2.5911001960244264,4.5421489076996329e-06,0.0062630939815249516,0.0062596902098880497,0.00054376039752336753,0.0024171452510243401,0.002415842590530621,0.00053921579941719673,0.017872287554517592,0.99990867267466599,9.9972532661682853e-05,308
448,0.63514745308310994,0.001823401971796163,0.0018248372970867167,0.00078654973396543432,2.5911096664010054,2.5911001960244264,3.6549634759306846e-06,0.0062664496560431507,0.0062630508431912608,0.00054267687377707497,0.0024184424678354551,0.0024171395814028252,0.00053901994020293153,0.017882110077416365,0.99990852630357674,9.9565986867673463e-05,309
449,0.6365683646112601,0.0018224292160500663,0.0018238594412125541,0.00078417510152917246,2.5911073538842908,2.5911001960244264,2.7624789945847001e-06,0.0062698035060853499,0.0062664096770376487,0.00054159067514167119,0.0024197389956407554,0.0024184358777990592,0.00053882670764965823,0.017891885831562399,0.99990837934374355,9.9318296952222157e-05,309
450,0.63798927613941014,0.0018214574775549468,0.0018228830166979869,0.00078202447989359045,2.5911010405999342,2.5911001960244264,3.2595246955260852e-07,0.006273162810285381,0.0062697662336228827,0.00054173896377243496,0.0024210413688973377,0.0024197312953172178,0.00054141283482806802,0.017901645775783605,0.99990838512087443,9.9168492385299075e-05,309
451,0.6394101876675603,0.0018204878743054347,0.0018219082992542573,0.00077963580790761503,2.5910986914400183,2.5911001960244264,5.8067395868463046e-07,0.0062765130349434822,0.0062731214780744494,0.00054064900239646912,0.0024223365384262044,0.0024210262064351725,0.00054122999063331318,0.017911329037619165,0.99990823663604689,9.8918596525515213e-05,309
452,0.64083109919571046,0.001819519847461207,0.001820935145020997,0.00077723666527052101,2.5910963236047055,2.5911001960244264,1.4945079031781791e-06,0.0062798614471043868,0.0062764749333833452,0.00053955663919398177,0.0024236310282621646,0.0024223204270577641,0.00054105195570365908,0.017920966614960267,0.99990808703922063,9.8667445310827149e-05,309
453,0.64225201072386062,0.0018185533969533093,0.0018199635499113662,0.00077482483543451705,2.5910939361511982,2.5911001960244264,2.415913223975304e-06,0.0062832080505131026,0.006279826602713764,0.00053846196929663108,0.0024249248407590186,0.0024236139584061702,0.00054087918923789073,0.017930558847002034,0.99990793623906993,9.8414978401343989e-05,309
454,0.64367292225201067,0.0018175885226824988,0.0018189935098100929,0.00077239809818823791,2.5910915285398461,2.5911001960244264,3.345098191718418e-06,0.0062865528487966935,0.0062831764890715009,0.00053736509408341189,0.0024262179778494143,0.0024249068016404369,0.00054071200100987821,0.017940106063908227,0.99990778419243875,9.8004726704988075e-05,310
455,0.64509383378016083,0.0018166246621479356,0.001818024879879262,0.00077018623167542924,2.5910850840055879,2.5911001960244264,5.8322788372724052e-06,0.0062899031973644758,0.0062865241087987885,0.00053751302106005473,0.0024275170414862807,0.002426198770099404,0.00054334846885717219,0.017949638859257575,0.99990778566708971,9.7850638203825297e-05,310
456,0.64651474530831099,0.0018156629391269915,0.0018170579371715402,0.00076772348091454993,2.5910826324189142,2.5911001960244264,6.778435484332998e-06,0.0062932444074744621,0.0062898704365079716,0.00053641342863075439,0.0024288088418080987,0.0024274902399214963,0.00054319554613121144,0.017959096947843138,0.99990763145335415,9.7595140704277903e-05,310
457,0.64793565683646115,0.0018147027915090058,0.0018160925369462928,0.000765239330603648,2.5910801615391414,2.5911001960244264,7.7320380414930546e-06,0.0062965838228074781,0.0062932149892722137,0.00053531200523215588,0.0024300999699936763,0.0024287810247276471,0.00054304824214325073,0.017968510973232293,0.99990747616374065,9.7338495696438156e-05,310
458,0.64935656836461131,0.0018137442187292007,0.0018151286749730467,0.00076273173518485527,2.5910776724732707,2.5911001960244264,8.6926592766605441e-06,0.0062999214466622679,0.0062965577694532706,0.00053420890145973064,0.0024313904263042726,0.0024300711254293434,0.00054290628003577648,0.017977881244872932,0.99990731994988402,9.7080811584510898e-05,310
459,0.65077747989276136,0.0018127872200355436,0.0018141663469991604,0.0007601987358535643,2.5910751666957772,2.5911001960244264,9.6597301361142479e-06,0.0063032572823081712,0.0062998987792736239,0.00053310428503973374,0.0024326802106425529,0.0024313605428843226,0.00054276925818034334,0.017987208071025149,0.99990716300492077,9.6822206264540999e-05,310
460,0.65219839142091152,0.0018118312290791823,0.0018132054073019799,0.00075787233882251414,2.5910685971083534,2.5911001960244264,1.2195173355918505e-05,0.0063065987637926334,0.0063032375291015765,0.00053325527961437056,0.0024339759938547486,0.0024326490881258671,0.00054545710491427915,0.017996521730158782,0.99990716156867687,9.6511499196896857e-05,311
461,0.65361930294906168,0.0018108773747846352,0.0018122461343455562,0.00075528347666485726,2.5910660597590454,2.5911001960244264,1.3174428929241837e-05,0.0063099310447494606,0.006306575003319396,0.00053214961025567617,0.0024352644429823022,0.0024339371410629709,0.0005453312236123034,0.018006067374483549,0.99990700413822242,9.6252200501050427e-05,311
462,0.65504021447721184,0.0018099250909686278,0.0018112883825535451,0.00075266401421698295,2.5910635119006016,2.5911001960244264,1.4157740361076523e-05,0.0063132615474401875,0.0063099107131982116,0.00053104305184019211,0.0024365522182083731,0.0024352245130773503,0.00054520851112202788,0.018015850439014821,0.99990684674368357,9.5992444123754834e-05,311
463,0.65646112600536188,0.0018089743759270107,0.0018103321476457049,0.00075001248829388275,2.5910609560413631,2.5911001960244264,1.5144139591177639e-05,0.0063165902752813363,0.0063132446606128847,0.00052993584888675108,0.0024378393185052107,0.0024365112048925831,0.00054508824337058486,0.018025587022259756,0.99990668967693819,9.573239653091189e-05,311
464,0.65788203753351204,0.0018080252276800103,0.0018093774253536239,0.0007473275916158583,2.5910583948118866,2.5911001960244264,1.6132611391857186e-05,0.0063199172317929741,0.0063165768474165405,0.00052882826523353074,0.0024391257427649779,0.0024377972172238585,0.00054496966840921629,0.018035277482432468,0.99990653323379353,9.5472240023910114e-05,311
465,0.6593029490616622,0.0018070770754684334,0.0018084240691987278,0.00074484395183438076,2.5910517491432716,2.5911001960244264,1.8697417116145691e-05,0.0063232499316520701,0.006319906778417028,0.00052898774495523256,0.0024404182331529446,0.0024390823589584762,0.00054769540256068515,0.018044953744163504,0.99990653498751725,9.5315839446209137e-05,311
466,0.66072386058981236,0.0018061310530740045,0.0018074723592574125,0.00074208945798711603,2.591049181362171,2.5911001960244264,1.9688417427356073e-05,0.0063265733686341582,0.0063232354485188236,0.00052788167426478833,0.0024417033123655882,0.0024403670140663346,0.0005475808726929667,0.018054552991116749,0.99990638091305883,9.4906044993132201e-05,312
467,0.66214477211796252,0.0018051865897946884,0.0018065221492774911,0.00073929870349875285,2.5910466162671555,2.5911001960244264,2.0678381080417836e-05,0.0063298950456700184,0.0063265623637196238,0.00052677611612685831,0.0024429877123512784,0.0024416509918939403,0.00054746581791414702,0.018064107219274622,0.99990622828416231,9.4647437489343638e-05,312
468,0.66356568364611257,0.0018042436824581599,0.0018055734351159077,0.00073647110213625642,2.5910440564197401,2.5911001960244264,2.1666319493336334e-05,0.0063332149668731026,0.0063298875260622426,0.00052567139576491337,0.0024442714322751536,0.0024429342932296896,0.0005473495743089766,0.018073616805800038,0.99990607732508552,9.4389460980895946e-05,312
469,0.66498659517426273,0.0018033023275721735,0.001804626212677695,0.00073360627049585871,2.5910415042410451,2.5911001960244264,2.2651298267589687e-05,0.0063365331365342866,0.0063332109376972485,0.00052456784871371691,0.0024455544714982679,0.0024442169189035656,0.0005472315424861437,0.01808308213147377,0.99990592822330637,9.4132290121147374e-05,312
470,0.66640750670241289,0.0018023619497174557,0.0018036803349178944,0.00073094171673095847,2.5910348473466049,2.5911001960244264,2.5220436446939386e-05,0.0063398571506725915,0.0063365320985154907,0.00052474320423309716,0.0024468436451810112,0.0024454986759052198,0.00054997751135303077,0.018092534829212043,0.99990593967696961,9.3981329045689981e-05,312
471,0.66782841823056305,0.001801423687277387,0.0018027360836980789,0.00072800252491739823,2.5910323132448174,2.5911001960244264,2.6198438683753486e-05,0.0063431718427222903,0.0063398520146183447,0.00052364441571991517,0.0024481253322458842,0.0024467799525258412,0.00054985725980553977,0.018101912724496516,0.999905794937898,9.3726545089757894e-05,312
472,0.6692493297587131,0.0018004869647764311,0.0018017933122492246,0.00072502626350788829,2.5910297929655215,2.5911001960244264,2.7171106317290964e-05,0.0063464847970728768,0.0063431701872743987,0.00052254782713033021,0.0024494063380911995,0.0024480605562868019,0.00054973387032499941,0.018111247512207721,0.99990565234746609,9.332578439561574e-05,313
473,0.67067024128686326,0.0017995517773221018,0.0018008520167048219,0.00072201345288730348,2.5910272881101339,2.5911001960244264,2.8137821302452901e-05,0.0063497960186647837,0.0063464866192017881,0.00052145378404844873,0.0024506866630865372,0.0024493404882371282,0.00054960707009659956,0.01812053957586918,0.9999055119041298,9.3073999547582502e-05,313
474,0.67209115281501342,0.0017986181196348022,0.0017999121932575218,0.00071896486260123078,2.5910248000552651,2.5911001960244264,2.9098052355121708e-05,0.0063531055125657689,0.0063498013132704135,0.00052036262748094894,0.0024519663078602185,0.0024506197494844205,0.00054947666853713811,0.018129789296056412,0.99990537355631415,9.2823667233052882e-05,313
475,0.67351206434316357,0.001797685411471174,0.0017989736944134982,0.00071612105631383566,2.5910181832731261,2.5911001960244264,3.1651709735582261e-05,0.0063564209547828541,0.006353113764862266,0.00052056204925519261,0.0024532521600265462,0.0024518981452781976,0.00055223123805374548,0.018139027988051112,0.99990539699556436,9.2681686326649717e-05,313
476,0.67493297587131362,0.0017967547952548657,0.0017980368038137972,0.00071300462605232689,2.5910157285864366,2.5911001960244264,3.2599062791722042e-05,0.0063597270203434491,0.0063564249913364776,0.00051947895420334348,0.0024545304569853319,0.0024531760682544269,0.00055209601480772641,0.018148540146495723,0.99990526274545133,9.2434682776002487e-05,313
477,0.67635388739946378,0.0017958256904936777,0.0017971013742192001,0.00070985629626856906,2.5910132937162591,2.5911001960244264,3.3538767933660241e-05,0.0063630313737988416,0.0063597344893937709,0.00051839969271814728,0.0024558080767977932,0.0024544533241715738,0.00055195697260883975,0.018158240356579272,0.99990513016177651,9.2189351754009419e-05,313
478,0.67777479892761394,0.0017948980901928287,0.0017961674020254917,0.00070667791389129029,2.5910108793526505,2.5911001960244264,3.4470558843289373e-05,0.006366334020440745,0.0063630422624030274,0.00051732455985203604,0.0024570850208206528,0.0024557299143298131,0.00055181414003729944,0.018167895555076044,0.99990499902815289,9.1801431021836072e-05,314
479,0.6791957104557641,0.0017939719868865279,0.0017952348836649079,0.00070347161247325657,2.5910084861029765,2.5911001960244264,3.5394201116044839e-05,0.0063696349655363539,0.0063663483138093153,0.00051625383422855737,0.0024583612904783055,0.0024570058400587222,0.00055166756117720067,0.018177506122662127,0.99990486910252108,9.1559793692165724e-05,314
480,0.68061662198391426,0.0017930467953042512,0.0017943036711684857,0.00070048113060816499,2.5910019372245654,2.5911001960244264,3.7921651973084175e-05,0.0063729419619889174,0.0063696521343910356,0.00051648465700651776,0.0024596438429588742,0.0024582809048311264,0.00055442733377998555,0.018187104979231736,0.99990490109745123,9.1428132616900703e-05,314
481,0.68203753351206431,0.0017921236610736002,0.0017933740497413796,0.00069722692148893898,2.5909995847325362,2.5911001960244264,3.8829564385266417e-05,0.0063762395303860646,0.0063729547520800138,0.00051542470232958945,0.0024609187774317113,0.0024595555053633809,0.00055427578900237506,0.018196627311275998,0.99990477303713576,9.1190099942231817e-05,314
482,0.68345844504021447,0.0017912019984762924,0.0017924458715885695,0.00069395295667963131,2.5909972552225393,2.5911001960244264,3.9728607193597563e-05,0.0063795354124167591,0.0063762556586996581,0.00051436985790025093,0.0024621930415240152,0.0024608294455316184,0.0005541204795288981,0.018206106081152064,0.99990464538621959,9.095371211264047e-05,314
483,0.68487935656836463,0.0017902817980355939,0.0017915191332100165,0.00069066255084060217,2.5909949494434028,2.5911001960244264,4.0618491398018179e-05,0.0063828296129107244,0.0063795548577276276,0.00051332032659457782,0.0024634666363521408,0.0024621027266779946,0.00055396131906587317,0.018215541619454441,0.99990451788587231,9.0718940888647031e-05,314
484,0.68630026809651479,0.0017893630497593605,0.0017905938311026503,0.00068735931170494182,2.5909926682937772,2.5911001960244264,4.1498870176553292e-05,0.0063861221365129305,0.0063828523525792319,0.00051227629170793015,0.0024647395628171827,0.0024633753501206021,0.00055379814388166113,0.018224934244010314,0.99990439029518574,9.0344412977899641e-05,315
485,0.68772117962466484,0.0017884451633234592,0.0017896698166976969,0.00068429012034043786,2.5909862065903346,2.5911001960244264,4.3992677036069543e-05,0.006389420809346626,0.0063861476289746692,0.00051254379981852984,0.0024660188437494327,0.0024646471173801207,0.00055656096146131236,0.018234316461530259,0.99990442448673766,9.0223027262072204e-05,315
486,0.689142091152815,0.0017875292868765409,0.001788747376450241,0.00068097350678853678,2.5909839753188137,2.5911001960244264,4.4853806036138326e-05,0.0063927100025225909,0.0063894417243601752,0.00051151232038867522,0.0024672904438692968,0.0024659184288448647,0.00055639108268266794,0.018243624095208754,0.99990429632793232,8.9993738489682767e-05,315
487,0.69056300268096515,0.0017866148296344264,0.0017878263618802718,0.00067765655081357336,2.5909817726777082,2.5911001960244264,4.5703885515460762e-05,0.0063959975313038755,0.0063927341252023326,0.00051048675537395467,0.0024685613765216838,0.0024671890863235718,0.0005562160621247216,0.01825288969849221,0.99990416753767974,8.9766046296749319e-05,315
488,0.69198391420911531,0.0017857017796738769,0.0017869067694087453,0.00067434393080679968,2.5909796004644536,2.5911001960244264,4.6542221778155664e-05,0.0063992833994093003,0.0063960248344372252,0.00050946721697052661,0.0024698316413846633,0.0024684590909493835,0.00055603531786781559,0.01826211354607166,0.99990403801811156,8.9539956753292475e-05,315
489,0.69340482573726536,0.0017847901246580524,0.0017859885954270209,0.00067104054977571803,2.5909774607332228,2.5911001960244264,4.7368022044061547e-05,0.0064025676103020906,0.0063993138548421816,0.0005084538020348776,0.002471101237789318,0.002469728443794172,0.00055584815350672389,0.018271295905064676,0.99990390771906701,8.9315507988529925e-05,315
490,0.69482573726541552,0.0017838792697716086,0.0017850716906715873,0.00066799608453260576,2.5909711221120233,2.5911001960244264,4.9814326980165845e-05,0.0064058580601893027,0.0064026006667141991,0.00050876099333168549,0.0024723772509543003,0.0024709969442856085,0.0005586031467517045,0.01828046888536462,0.99990393978147429,8.9065290931202674e-05,316
491,0.69624664879356568,0.0017829703657338213,0.0017841563426033609,0.00066472698676678951,2.5909690519209647,2.5911001960244264,5.0613289159148684e-05,0.0064091389757916645,0.0064058863161800582,0.00050776105773070717,0.0024736455153873331,0.0024722649961621433,0.00055840260948274829,0.018289889414528967,0.99990380818429403,8.8844855066222775e-05,316
492,0.69766756032171584,0.0017820628176154559,0.0017832424020143177,0.00066148292432333089,2.5909670218364607,2.5911001960244264,5.1396772757031704e-05,0.0064124182429747233,0.0064091702841635066,0.00050676743903061816,0.0024749131073191519,0.0024735323990933335,0.00055819290110144021,0.018299515536030313,0.99990367595202356,8.8626187155494852e-05,316
493,0.699088471849866,0.0017811566119268695,0.0017823298651755048,0.00065826942114319948,2.590965034749253,2.5911001960244264,5.2163662131173012e-05,0.0064156958642450686,0.0064124525727943986,0.00050578018532722899,0.0024761800248940696,0.0024747991539011672,0.00055797295337105094,0.01830909715942006,0.99990354322805108,8.8409353575112629e-05,316
494,0.70050938337801605,0.0017802517350527191,0.0017814187283344634,0.00065509206969851803,2.5909630936609647,2.5911001960244264,5.2912798845880014e-05,0.0064189718419078732,0.0064157331840630103,0.0005047993350016164,0.0024774462660670437,0.0024760652613537637,0.00055774164551907434,0.018318634571331083,0.99990341019691553,8.8194431926359956e-05,316
495,0.70193029490616621,0.0017793475891510625,0.0017805088415798634,0.0006522025623700462,2.5909569419457918,2.5911001960244264,5.5286969934384558e-05,0.006422254139977132,0.0064190115929788766,0.00050514739711672672,0.0024787189767631031,0.0024773305188381702,0.00056046535348223047,0.018328161520247042,0.99990344121858377,8.8094212817614552e-05,316
496,0.70335120643431637,0.0017784453285366916,0.0017796004933048368,0.00064911465943682275,2.5909550997380735,2.5911001960244264,5.5997945033378686e-05,0.0064255268458930847,0.0064222888541133442,0.0005041803402639879,0.002479983866390683,0.002478595333351903,0.00056020965588690261,0.018337611305655734,0.99990330846306585,8.7883642438878868e-05,316
497,0.70477211796246653,0.0017775443559559752,0.0017786935336876455,0.0006460796702216498,2.5909533126582192,2.5911001960244264,5.6687644280464016e-05,0.0064287979140326273,0.006425564443225288,0.00050321973048585936,0.002481248072909861,0.0024798595025712056,0.00055993911639577222,0.018347017762026234,0.9999031761355639,8.7539438080897123e-05,317
498,0.70619302949061658,0.0017766446581175908,0.0017777879589424399,0.00064310303098756485,2.5909515835232253,2.5911001960244264,5.7354980494057121e-05,0.0064320673461386911,0.0064288383619622771,0.00050226557188295473,0.0024825115942121324,0.0024811230271319356,0.00055965265124393812,0.018356381195381594,0.99990304451727985,8.7333666931721193e-05,317
499,0.70761394101876673,0.0017757462220329165,0.0017768837652936034,0.00064019002419042365,2.5909499149269806,2.5911001960244264,5.7998952597988354e-05,0.006435335143881781,0.0064321106119531778,0.00050131786020763411,0.0024837744283695059,0.0024823859076627316,0.00055934925447657707,0.018365701919209439,0.99990291389263908,8.7130277576103962e-05,317
500,0.70903485254691689,0.0017748484490653651,0.0017759808023805371,0.00063759321815543804,2.5909440249718734,2.5911001960244264,6.0272100937150912e-05,0.0064386093370463332,0.0064353806636111323,0.0005017066750157386,0.002485043781336121,0.0024836479397767237,0.00056201264963612156,0.018375013323856736,0.99990294961967985,8.7043282434837426e-05,317
501,0.71045576407506705,0.0017739524988043382,0.0017750793595856223,0.0006348227616973397,2.5909424820627351,2.5911001960244264,6.0867565805934255e-05,0.0064418738795303052,0.0064386495801909286,0.00050077260755057996,0.0024863052437975063,0.0024849095338226861,0.00056167436110766749,0.018384249524338449,0.99990282199161662,8.6845101031823396e-05,317
502,0.71187667560321721,0.0017730577740430139,0.0017741792867033313,0.00063213039895269657,2.5909410055225259,2.5911001960244264,6.1437416486149728e-05,0.0064451367923254472,0.0064419168330971137,0.00049984489271735256,0.0024875660150454216,0.0024861704857963682,0.00056131679505734989,0.018393444003539105,0.99990269613716309,8.6649488714943761e-05,317
503,0.71329758713136726,0.0017721642638785018,0.0017732805800762268,0.00062952034227822297,2.5909395963857778,2.5911001960244264,6.1981253714188291e-05,0.0064483980770411011,0.0064451824241672515,0.00049892348458470002,0.0024888260946091803,0.0024874307964069531,0.00056093950603275941,0.018402597106420438,0.9999025722658057,8.6323100202080039e-05,318
504,0.71471849865951742,0.00177127195812995,0.0017723832360930609,0.00062699643083994412,2.5909382551591364,2.5911001960244264,6.2498881956956655e-05,0.0064516577353174592,0.0064484463553530916,0.00049800832439301232,0.002490085482535436,0.002488690466407692,0.00056054223961314934,0.018411709184706877,0.99990245054921834,8.613307279387913e-05,318
505,0.71613941018766758,0.0017703802597756272,0.0017714871041934819,0.00062481088077614782,2.5909326749114512,2.5911001960244264,6.4652502914505142e-05,0.0064549238599699733,0.0064517080933685494,0.00049843646905370364,0.0024913514436227407,0.0024899492899840485,0.00056312537943341127,0.018420813270858125,0.9999024970618422,8.6060559526570502e-05,318
506,0.71756032171581774,0.0017694903352332432,0.0017705924747944909,0.0006224693581032446,2.5909314672396428,2.5911001960244264,6.511858747973624e-05,0.0064581802782958326,0.0064549687103613897,0.00049753423735234275,0.0024926094572375259,0.0024912076809169206,0.00056268946637533961,0.018430071160321665,0.99990238016338395,8.5876411925585915e-05,318
507,0.71898123324396779,0.0017686015895652931,0.0017696991975287969,0.00062022289722258423,2.5909303256149911,2.5911001960244264,6.5559182040090616e-05,0.0064614350751889807,0.0064582276741861604,0.00049663795775431614,0.0024938667826412022,0.0024924654338319839,0.00056223399939546979,0.018439620533675313,0.9999022656543114,8.569451267290235e-05,318
508,0.72040214477211795,0.001767714016090032,0.0017688072690063401,0.00061807350945716538,2.5909292481838455,2.5911001960244264,6.5975001986879375e-05,0.0064646882524641144,0.006461484987393463,0.00049574750647894184,0.0024951234222222178,0.0024937225497136083,0.00056175957055464791,0.018449126418324756,0.99990215351217626,8.5515156038228871e-05,318
509,0.72182305630026811,0.0017668276091082943,0.0017679166858948262,0.00061602268660113275,2.5909282325009477,2.5911001960244264,6.63669910343679e-05,0.006467939811971162,0.0064647406526951983,0.00049486274049213863,0.0024963793789563394,0.0024949790296084151,0.00056126698112729067,0.018458589217902676,0.99990204366274038,8.5207085231567002e-05,319
510,0.72324396782841827,0.0017659417750048334,0.0017670272975973771,0.00061432134864001196,2.5909229481771998,2.5911001960244264,6.8406404159348358e-05,0.0064711979057393834,0.006467994133709621,0.00049532698446108918,0.0024976419736033005,0.0024962346665071407,0.00056377195423258023,0.018468043606253176,0.99990210270942204,8.5149092397919401e-05,319
511,0.72466487935656831,0.0017650576876941516,0.0017661393954695773,0.00061247021509200914,2.5909220453804851,2.5911001960244264,6.8754826314579653e-05,0.0064744462423309817,0.0064712465111789628,0.00049445360279374239,0.002498896581575919,0.0024974898775075999,0.0005632471550687171,0.018477421349844893,0.99990199718028416,8.4977221210074628e-05,319
512,0.72608579088471847,0.0017641747558598949,0.0017652528290811355,0.00061071887464512011,2.5909211938442955,2.5911001960244264,6.9083465164928876e-05,0.0064776929666092668,0.0064744972497782736,0.00049358532527024395,0.0025001505186647336,0.0024987444560083841,0.00056270766423055626,0.018486757199479072,0.99990189343264579,8.4807405022888332e-05,319
513,0.72750670241286863,0.0017632929778563671,0.0017643675953001807,0.00060906664046428047,2.5909203891187302,2.5911001960244264,6.9394038089329928e-05,0.0064809380804154654,0.0064777463527625877,0.0004927219250436503,0.00250140378980146,0.0024999984032657305,0.00056215497333665838,0.018496051540169728,0.99990179121796052,8.4639463319242524e-05,319
514,0.72892761394101879,0.0017624123530312094,0.0017634836910315871,0.00060751228141556711,2.5909196263962597,2.5911001960244264,6.9688400488624862e-05,0.0064841815855360904,0.0064809938234758656,0.00049186315356109238,0.0025026564002508305,0.0025012517205701946,0.00056159069040670744,0.018505304748385885,0.99990169025884312,8.4473206900712765e-05,319
515,0.73034852546916895,0.0017615322917877139,0.001762600965642454,0.00060630504326917569,2.5909145548050607,2.5911001960244264,7.1645712369803076e-05,0.0064874316890096142,0.0064842391224559605,0.00049235793026160919,0.0025039157223375611,0.0025025041997236734,0.00056404405396944521,0.018514551020329319,0.9999017576833259,8.4296606973333324e-05,320
516,0.731769436997319,0.0017606539749982816,0.0017617197111750099,0.00060494082569891537,2.5909138599341732,2.5911001960244264,7.1913888370315408e-05,0.0064906719880852932,0.0064874833381611012,0.00049150799439214856,0.0025051670333224433,0.0025037562608018664,0.00056346240353486593,0.018523722965873204,0.99990165846761414,8.413355795596629e-05,320
517,0.73319034852546916,0.001759776815091568,0.0017608397770838152,0.00060366763977105135,2.5909131913086689,2.5911001960244264,7.2171935320920538e-05,0.0064939106831678126,0.0064907259319042553,0.00049066179915301404,0.0025064177005049487,0.0025050076959058152,0.00056287435820574598,0.018532854846208893,0.99990155958191029,8.3971552525542774e-05,320
518,0.73461126005361932,0.001758900815039246,0.0017599611603456532,0.00060248221966381871,2.5909125434512545,2.5911001960244264,7.2421967108720963e-05,0.0064971477756152578,0.0064939669071140335,0.0004898190192099179,0.0025076677296720553,0.0025062585063587461,0.00056228170786604928,0.018541946994064407,0.99990146071759922,8.3810370921947168e-05,320
519,0.73603217158176948,0.0017580259785959843,0.0017590838579358372,0.00060138084667224923,2.5909119109196679,2.5911001960244264,7.266608410104511e-05,0.0065003832666276273,0.0064972062671690934,0.000488979313245371,0.0025089171265264116,0.0025075086934646055,0.00056168621288409733,0.018550999730157423,0.99990136158019383,8.3649786545942199e-05,320
520,0.73745308310991953,0.0017571517195377603,0.0017582077190572186,0.00060061135439933727,2.5909069256451498,2.5911001960244264,7.4590083229190293e-05,0.0065036254151086426,0.0065004434690593823,0.00048949676501390006,0.0025101733106407151,0.0025087580476560243,0.00056412892666673163,0.018560046750721055,0.99990142996547959,8.3607868210078119e-05,320
521,0.73887399463806969,0.0017562792242255838,0.001757333036145314,0.00059966545785865744,2.5909063074650542,2.5911001960244264,7.4828661458046846e-05,0.0065068577121281668,0.0065036796079052123,0.00048866248255702099,0.002511421464134102,0.0025100069915798429,0.00056353331245854944,0.018569088423844068,0.99990132962818445,8.3447946701057339e-05,320
522,0.74029490616621985,0.0017554079078568785,0.0017564596584096629,0.00059879004208764899,2.5909056892444062,2.5911001960244264,7.5067255337571919e-05,0.0065100884102360897,0.0065069141411753378,0.00048783017447015167,0.0025126690011378402,0.002511255315853481,0.00056293968814507818,0.018578575588403166,0.99990122829773331,8.3161166670841339e-05,321
523,0.74171581769437001,0.0017545377766755212,0.0017555875827537835,0.00059797989492242805,2.5909050663784381,2.5911001960244264,7.5307642015436368e-05,0.0065133175099337422,0.0065101470718031459,0.00048699946339586525,0.0025139159263129793,0.0025125030216090393,0.0005623494546227745,0.0185880207359676,0.99990112581113832,8.3001315858417235e-05,321
524,0.74313672922252005,0.0017536688373764365,0.0017547168060514952,0.00059722951956951167,2.5909044346131638,2.5911001960244264,7.5551463259897073e-05,0.0065165450115468584,0.0065133784025661811,0.00048616996970875768,0.0025151622439211325,0.002513750109918474,0.00056176387505131717,0.018597424165091019,0.99990102205175535,8.284107233138764e-05,321
525,0.74455764075067021,0.0017528005056062631,0.0017538471771985482,0.00059678608597865212,2.5908994107592687,2.5911001960244264,7.7490351575687554e-05,0.006519779225043194,0.0065166075863675411,0.00048670088441228561,0.0025164154185100371,0.0025149963696371506,0.00056423495875315016,0.018606821144889679,0.99990108564558733,8.2799480770892801e-05,321
526,0.74597855227882037,0.0017519339714384681,0.0017529789888509418,0.00059613801370127619,2.5908987494670144,2.5911001960244264,7.7745568357849766e-05,0.0065230035368971347,0.0065198357243576987,0.00048587306081980856,0.0025176605370005336,0.0025162422257391684,0.00056366245143531734,0.018616141911422936,0.9999009793228224,8.2638197657958418e-05,321
527,0.74739946380697053,0.0017510686512526221,0.001752112089881727,0.00059553189269718001,2.5908980688941341,2.5911001960244264,7.8008226236274576e-05,0.0065262262507946181,0.0065230622698060538,0.00048504534491564225,0.0025189050581137643,0.002517487467221264,0.00056309749738896544,0.018625421814389802,0.99990087167707764,8.2476122007929057e-05,321
528,0.74882037533512069,0.0017502045528644643,0.0017512464770349301,0.00059496146552138725,2.5908973664338992,2.5911001960244264,7.8279331242536832e-05,0.0065294473665425175,0.0065262872248201351,0.00048421738325645067,0.0025201489843380493,0.0025187320948968084,0.00056254074981282917,0.01863466112991664,0.99990076279025841,8.2188175268842862e-05,322
529,0.75024128686327074,0.0017493416842081035,0.0017503821470260987,0.00059442037829450121,2.5908966399004059,2.5911001960244264,7.8559726996619119e-05,0.0065326668838803321,0.006529510591353275,0.0004833888364063325,0.0025213923177311495,0.0025199761095196648,0.00056199271339704661,0.018643860132469534,0.99990065278953844,8.2024524084528988e-05,322
530,0.7516621983914209,0.0017484794610282289,0.0017495189483965883,0.00059415610749005785,2.5908914909307383,2.5911001960244264,8.0546902048909063e-05,0.0065358931656280496,0.0065327318180256333,0.00048392428932919238,0.0025226425685933029,0.0025212192982922567,0.00056451666144643369,0.018653053620014643,0.99990071118651846,8.1980034748066076e-05,322
531,0.75308310991957106,0.0017476190756055942,0.0017486571740660494,0.0005936546487504571,2.5908907105207932,2.5911001960244264,8.0848090689282292e-05,0.0065391094917563184,0.0065359520121786177,0.00048309405757833142,0.0025238847262846901,0.0025224620885779914,0.00056398774560005214,0.01866217273389496,0.99990059963902589,8.1814543704618721e-05,322
532,0.75450402144772122,0.0017467599438330133,0.001747796672592982,0.00059316325304052176,2.5908899017266229,2.5911001960244264,8.1160233836639087e-05,0.0065423242187351181,0.00653917062294373,0.00048226234995661573,0.002525126295167995,0.0025237042677766384,0.00056346831501354673,0.018671252363645724,0.99990048758126249,8.164800189608282e-05,322
533,0.75592493297587127,0.0017459020735473806,0.0017469374406290327,0.00059267553466556711,2.5908890637768462,2.5911001960244264,8.1483629195090756e-05,0.0065455373463942099,0.0065423876518401081,0.0004814289097063646,0.0025263672759699364,0.0025249458364744889,0.00056295841079596291,0.018680292790868431,0.99990037526469766,8.1480416244925164e-05,322
534,0.75734584450402143,0.0017450454724339249,0.0017460794748263774,0.00059218518249599711,2.5908881961527896,2.5911001960244264,8.1818476939663078e-05,0.0065487488746778563,0.0065456031003395749,0.00048059350529796138,0.0025276076692163306,0.0025261867952395727,0.00056245800169468828,0.01868929430150006,0.99990026295300727,8.1188807274722367e-05,323
535,0.75876675603217159,0.0017441901479818358,0.0017452227718452026,0.00059168598990659972,2.5908872985394278,2.5911001960244264,8.2164898650115742e-05,0.0065519588036807444,0.0065488169698946991,0.0004797559315657346,0.0025288474752932361,0.0025274271446324888,0.00056196700417800443,0.018698257186365801,0.99990015091347828,8.1019452363979545e-05,323
536,0.76018766756032174,0.0017433355139682076,0.0017443671799052594,0.00059142705098815494,2.5908819546300665,2.5911001960244264,8.422730803491808e-05,0.0065551755596760623,0.0065520287043507952,0.00048028717016722729,0.0025300942592006393,0.0025286666700128752,0.00056456202974228796,0.018707215749799659,0.99990020960316206,8.0970557856118551e-05,323
537,0.7616085790884719,0.0017424827640603177,0.0017435129925548935,0.00059089235295355915,2.5908809955823364,2.5911001960244264,8.459743950709801e-05,0.006558382298281297,0.0065552394196590905,0.00047944528353625519,0.0025313328977532639,0.0025299058020669817,0.00056409044365063289,0.018716495481583603,0.99990009903576715,8.0799569760588248e-05,323
538,0.76302949061662195,0.0017416313116802654,0.0017426600581271821,0.00059033111025817036,2.5908800062757846,2.5911001960244264,8.4979248961363299e-05,0.0065615874392016436,0.0065584485605396274,0.00047860078996455463,0.0025325709501434934,0.0025311443264920352,0.00056362793560471201,0.018725884685992639,0.99989998948030645,8.0627598914527522e-05,323
539,0.76445040214477211,0.001740781163125936,0.0017418083733868363,0.00058973781306547574,2.5908789867239124,2.5911001960244264,8.5372731187108726e-05,0.0065647909834264323,0.0065616561286433294,0.00047775359172183308,0.0025338084167826807,0.002532382243925187,0.00056317440264589097,0.018735232825266613,0.99989988113469119,8.0454807859438429e-05,323
540,0.76587131367292227,0.001739932324304004,0.0017409579351402864,0.0005891071895425897,2.5908779369156938,2.5911001960244264,8.5777890439610462e-05,0.0065679929322215516,0.0065648621257307898,0.00047690361667927696,0.0025350452982128551,0.0025336195550459146,0.0005627297768921295,0.01874454024567342,0.99989977416132447,8.0281220068512864e-05,323
541,0.76729222520107243,0.0017390842060381535,0.001740108591488293,0.00058869053066590749,2.5908724205516331,2.5911001960244264,8.790685637814019e-05,0.0065712017720882801,0.0065680659922237915,0.00047742819091664676,0.0025362892128394259,0.0025348560438925895,0.00056538474849074578,0.018753842943245981,0.99989983963315487,8.0108769168711687e-05,324
542,0.76871313672922248,0.0017382380023885132,0.0017392606367682109,0.00058797074922473211,2.5908713086732873,2.5911001960244264,8.8335970754938335e-05,0.0065744005424973537,0.0065712688522767465,0.0004765731384620129,0.0025375249324382384,0.0025360921443173703,0.00056495901542004097,0.018763069888231912,0.99989973588645742,7.9934177828775018e-05,324
543,0.77013404825737264,0.0017373931234980337,0.0017384139192505022,0.00058719948176012924,2.5908701660626692,2.5911001960244264,8.8776945835668242e-05,0.0065775977230579166,0.0065744701474079832,0.00047571524089534467,0.002538760069576877,0.0025373276407818254,0.00056454230507265964,0.018772257163766987,0.99989963373994017,7.9758866144330389e-05,324
544,0.7715549597855228,0.0017365495733689955,0.0017375684359426035,0.00058637263001114085,2.5908689923899435,2.5911001960244264,8.9229908915781746e-05,0.0065807933161709121,0.0065776698799540822,0.00047485451137472775,0.0025399946255485763,0.002538562534187726,0.0005641347579836305,0.018781405117974052,0.999899533173221,7.9582823781660519e-05,324
545,0.77297587131367296,0.0017357073554454749,0.0017367241839044735,0.00058548643959837265,2.5908677872324906,2.5911001960244264,8.9695023099630282e-05,0.0065839873245011832,0.0065808680524065775,0.00047399097957374231,0.0025412286018400257,0.0025397968254966467,0.00056373656703780496,0.018790514095643862,0.99989943411719073,7.9406107663055166e-05,324
546,0.77439678284182301,0.0017348658766194569,0.0017358810111693598,0.00058479500805133601,2.5908620928307524,2.5911001960244264,9.1892700266603731e-05,0.0065871882967875658,0.0065840641019667672,0.00047450856680835124,0.0025424696725522985,0.0025410302975040567,0.00056645332000001929,0.018799619657171359,0.99989950819860407,7.9352558069095339e-05,324
547,0.77581769436997317,0.0017340263307519235,0.0017350392129774185,0.00058378059580386121,2.590860821718576,2.5911001960244264,9.2383268781999031e-05,0.0065903791523161019,0.0065872591614661007,0.00047364021568369779,0.0025437025011419007,0.002542263387410898,0.00056607578039674427,0.018808651612712932,0.99989941194020993,7.9055920982564932e-05,325
548,0.77723860589812332,0.0017331881237543831,0.0017341986375262759,0.00058269782366693475,2.5908595174515225,2.5911001960244264,9.2886632972805455e-05,0.0065935684324647248,0.0065904526691940423,0.00047276923560146228,0.0025449347554553762,0.0025434958784326042,0.00056570841532429617,0.018817645590641259,0.99989931671883148,7.8877521902548505e-05,325
549,0.77865951742627348,0.0017323512565294288,0.0017333592820568038,0.00058154448290653152,2.590858179452435,2.5911001960244264,9.3403015584939873e-05,0.0065967561407127701,0.0065936446281603372,0.00047189570076981886,0.0025461664374492941,0.0025447277717307458,0.00056535152189179873,0.018826601906715226,0.99989922230246242,7.869833887940331e-05,325
550,0.78008042895442364,0.0017315157292739443,0.0017325211438422564,0.00058031878680703459,2.5908568071954963,2.5911001960244264,9.3932619550410996e-05,0.0065999422806656757,0.0065968350414573988,0.00047101969182943883,0.0025473975490794727,0.0025459590684987969,0.00056500538381554189,0.018835520866050535,0.99989912843283624,7.8518335491439503e-05,325
551,0.78150134048257369,0.0017306809441078378,0.0017316840707579048,0.00057927809524054052,2.590850921304336,2.5911001960244264,9.6204199464329713e-05,0.0066031354641518667,0.0066000233427321352,0.00047153188074077,0.0025486358207085064,0.0025471895501604585,0.00056779070405531186,0.018844437572040212,0.99989920739176297,7.8462642942128569e-05,325
552,0.78292225201072385,0.0017298480941348329,0.0017308483588904567,0.00057790432679210397,2.5908494778546709,2.5911001960244264,9.6761279297577014e-05,0.0066063184867213983,0.0066032106733240172,0.00047065186181871458,0.0025498658039338124,0.0025484196572002297,0.00056746805005088098,0.018853395976472676,0.99989911394798137,7.828113483805796e-05,325
553,0.78434316353887401,0.0017290165802644744,0.0017300138562203608,0.00057645547305913941,2.5908479993277918,2.5911001960244264,9.7331896706127693e-05,0.0066094999522648282,0.0066063964677515125,0.00046976964347584551,0.0025510952220970493,0.0025496491713781775,0.00056715674262360083,0.018862739078438776,0.99989902020035026,7.7982083824007576e-05,326
554,0.78576407506702417,0.0017281863996676458,0.0017291805600778338,0.00057493152140412852,2.5908464858814488,2.5911001960244264,9.7915990808408152e-05,0.0066126798645433516,0.0066095807291655,0.00046888532039201006,0.0025523240765435041,0.0025508780939103408,0.000566856815547267,0.018872042387253943,0.9998989258684875,7.77988568547893e-05,326
555,0.78718498659517422,0.0017273575487279115,0.0017283484677882875,0.0005733329122245836,2.5908449379633636,2.5911001960244264,9.8513388812406652e-05,0.0066158582272742277,0.0066127634606591452,0.00046799898915090784,0.0025535523683153671,0.0025521064259904852,0.00056656819251597954,0.018881306172285943,0.99989883068838459,7.7614831471924047e-05,326
556,0.78860589812332438,0.0017265294242211373,0.0017275174268750883,0.00057192051355349017,2.5908388550386729,2.5911001960244264,0.00010086101114671598,0.0066190437159847305,0.0066159440915832214,0.00046850825197456808,0.0025547878838979082,0.0025533339473842761,0.00056942669607378069,0.018890567185735098,0.99989890781970681,7.7556192336177693e-05,326
557,0.79002680965147454,0.0017257032182607336,0.0017266877341310439,0.00057017597962250163,2.5908372391900536,2.5911001960244264,0.00010148462601959163,0.0066222189988348447,0.0066191237712826161,0.0004676189264895487,0.0025560150590181728,0.002554561101665795,0.00056916131363215637,0.018899752595963885,0.99989881043589979,7.7370286560965806e-05,326
558,0.7914477211796247,0.001724878326385042,0.0017258592371175486,0.00056836079757284291,2.590835592295412,2.5911001960244264,0.00010212022268392602,0.006625392742839408,0.0066223019297252566,0.00046672790624024371,0.0025572416723553979,0.0025557876688388887,0.00056890622575459144,0.018908899214766291,0.99989871159098298,7.7183357212033712e-05,326
559,0.79286863270777475,0.0017240547418663674,0.0017250319330758576,0.00056647717109084138,2.5908339163000527,2.5911001960244264,0.00010276705037586796,0.0066285649513120638,0.0066254785695224428,0.00046583529887463641,0.0025584677233105933,0.0025570136499113538,0.00056866078884245004,0.018918007263971411,0.99989861116174916,7.6995405024612296e-05,326
560,0.7942895442359249,0.0017232324572420011,0.0017242058192144139,0.00056452771563912359,2.5908322135678112,2.5911001960244264,0.00010342419680503308,0.0066317356274308084,0.0066286536931187074,0.00046494121654000985,0.002559693210815187,0.0025582390458266241,0.00056842420216168452,0.018927076956713137,0.99989850907395106,7.6692314379218801e-05,327
561,0.79571045576407506,0.0017224114643459919,0.0017233808927064303,0.00056251543958807859,2.5908304868781848,2.5911001960244264,0.00010409058926219876,0.0066349047742358747,0.0066318273027818949,0.0004640457770498431,0.0025609181333320604,0.0025594638574599434,0.0005681955101175726,0.018936108499122493,0.99989840530517826,7.6502778581206458e-05,327
562,0.79713136729222522,0.001721591153601626,0.0017225570004180848,0.00056070528651560052,2.5908242130142085,2.5911001960244264,0.00010651190202577391,0.0066380811408027606,0.0066349988217808895,0.00046455456958827872,0.0025621503409835379,0.0025606878622297558,0.00057112730346939712,0.018945138094579726,0.99989847434247403,7.6440626637905201e-05,327
563,0.79855227882037538,0.0017207727166939492,0.0017217344399026258,0.00055857813283388279,2.5908224464287408,2.5911001960244264,0.00010719369174212644,0.0066412472463809593,0.0066381694087592298,0.00046365758874250383,0.0025633741345476736,0.0025619115072988289,0.00057091247870104161,0.01895409385731724,0.99989836754372952,7.6249773316733248e-05,327
564,0.79997319034852543,0.0017199555432141258,0.0017209130580437709,0.00055639930510696656,2.5908206664930251,2.5911001960244264,0.00010788063380574777,0.0066444118310603102,0.0066413384875210367,0.00046275965982584932,0.0025645973559622281,0.0025631345702921741,0.0005707018613100998,0.018963012065399677,0.99989825931456733,7.6058263507335522e-05,327
565,0.80139410187667559,0.0017191396226396913,0.0017200928518766537,0.00055417312845784596,2.5908188774040424,2.5911001960244264,0.00010857110844871408,0.0066475748974058205,0.006644506059631859,0.00046186093389333335,0.0025658200020784857,0.0025643570518139934,0.00057049398150599718,0.018971892915730381,0.99989814983739389,7.5866219639336797e-05,327
566,0.80281501340482575,0.0017183249440059526,0.0017192738184092218,0.00055190417786220563,2.5908170835991684,2.5911001960244264,0.00010926340312598099,0.0066507364479065729,0.0066476721265084741,0.00046096157268036582,0.0025670420694722902,0.002565578952411073,0.00057028728733614332,0.018980736607609242,0.99989803933747023,7.5561773076240519e-05,328
567,0.80423592493297591,0.0017175108935262495,0.0017184558039321795,0.00054986017316701805,2.5908107390421713,2.5911001960244264,0.00011171199890272523,0.0066539052989031686,0.0066508361062117115,0.00046147471422284815,0.0025682714675496262,0.0025668000474918778,0.00057325075211300586,0.018989578953141847,0.99989810344352392,7.5499141441107297e-05,328
568,0.80565683646112596,0.0017166986640930007,0.0017176391067137608,0.00054752049897110111,2.5908089477243537,2.5911001960244264,0.00011240333373430864,0.0066570638340846949,0.0066539991654642376,0.00046057544406732215,0.0025694923741605689,0.0025680207873372066,0.00057304318976647334,0.018998661846515462,0.99989799190514683,7.5306970720879018e-05,328
569,0.80707774798927612,0.0017158876417739581,0.0017168235731133774,0.00054515289402861148,2.5908071657675658,2.5911001960244264,0.00011309105580335069,0.0066602208607079308,0.0066571607230581538,0.00045967609572317419,0.0025707126908979115,0.0025692409476377486,0.00057283193369468742,0.019007920706595568,0.99989788021039183,7.5114875751682285e-05,328
570,0.80849865951742628,0.0017150778145754661,0.0017160092000925091,0.00054276254287727408,2.5908053978837891,2.5911001960244264,0.00011377334658447016,0.0066633763812032594,0.0066603207800524557,0.00045877687452459633,0.0025719324140076327,0.0025704605288022092,0.00057261536947600714,0.019017139785087601,0.99989776868381353,7.4923027294733382e-05,328
571,0.80991957104557644,0.0017142691704451322,0.0017151959846198627,0.00054035467843980319,2.5908036486597048,2.5911001960244264,0.00011444843591020537,0.0066665303980551118,0.0066634793374894738,0.00045787799603015373,0.0025731515398721531,0.0025716795312328618,0.00057239194130289522,0.019026319340772969,0.99989765765283223,7.4731194132435022e-05,328
572,0.8113404825737266,0.0017134610931539226,0.001714383772548512,0.00053819886151733548,2.5907973471714882,2.5911001960244264,0.00011688040987486837,0.006669691796408703,0.0066666358087313178,0.00045840027340068938,0.0025743780399074289,0.0025728977285247642,0.00057534793017736323,0.019035496983149911,0.99989772372955743,7.4672165386969384e-05,328
573,0.81276139410187664,0.0017126547787998739,0.0017135728630553659,0.00053577193902048007,2.5907956461197625,2.5911001960244264,0.00011753690773176709,0.0066728428228457698,0.0066697913693560427,0.00045750358905479951,0.0025755959690760225,0.0025741155743763322,0.00057510809321334639,0.019044598226914945,0.99989761482734374,7.4372740666130857e-05,329
574,0.8141823056300268,0.0017118496118097568,0.0017127631021410287,0.00053334307011281869,2.5907939759959824,2.5911001960244264,0.00011818146936729338,0.0066759923536016579,0.0066729454337673688,0.00045660793491141439,0.0025768132917767792,0.0025753328427846186,0.00057485734176396827,0.019053660781542785,0.99989750732509386,7.4184174518233503e-05,329
575,0.81560321715817696,0.0017110455806894354,0.0017119544868820441,0.00053091726419909717,2.5907923401516078,2.5911001960244264,0.00011881280133088765,0.0066791403915748065,0.0066760980032509647,0.00045571355039430203,0.0025780300057487268,0.0025765495342458104,0.00057459462092189462,0.019062684943085252,0.99989740146894757,7.3996661908918261e-05,329
576,0.81702412868632712,0.0017102426742675845,0.0017111470143990931,0.00052849937725904853,2.5907907414717459,2.5911001960244264,0.00011942979015450702,0.0066822869398044356,0.0066792490792217272,0.00045482067619828507,0.0025792461092432502,0.002577765649305968,0.00057431905715740696,0.019071671015568874,0.99989729746439637,7.3810336360376726e-05,329
577,0.81844504021447717,0.0017094402758750821,0.0017103405303112555,0.00052635976299383251,2.59078458276419,2.5911001960244264,0.00012180665985849841,0.0066854409521218379,0.0066823980711267486,0.00045535763698918377,0.0025804696371123721,0.002578980960049201,0.00057723460786727294,0.01908065624117862,0.99989737266911904,7.3758228382095984e-05,329
578,0.81986595174262733,0.0017086395865954578,0.0017095353348576547,0.00052397177404435978,2.5907830631638982,2.5911001960244264,0.00012239312899394643,0.006688584539296538,0.0066855461640398118,0.00045446926581241975,0.002581684524032804,0.0025801959238386731,0.00057693300744243226,0.019089566993304163,0.99989727297608899,7.3574902643205905e-05,329
579,0.82128686327077749,0.0017078399910507255,0.0017087312738545582,0.00052160501623063182,2.5907815862593617,2.5911001960244264,0.00012296312028132006,0.0066917266465869015,0.0066886927686541382,0.00045358308980512235,0.002582898798601001,0.0025814103132394202,0.00057661711272583114,0.019098440603557348,0.99989717545013512,7.3285477747615517e-05,330
580,0.82270777479892765,0.0017070414799317279,0.0017079283446387328,0.00051926341628369052,2.5907801527526519,2.5911001960244264,0.000123516362765721,0.0066948672775628557,0.006691837887065108,0.00045269932548774812,0.0025841124614335545,0.0025826241290601267,0.00057628686911148478,0.019107277394054795,0.99989708008636813,7.3105427681450597e-05,330
581,0.8241286863270777,0.0017062440444998456,0.0017071265446040687,0.00051695060744761246,2.5907787627800216,2.5911001960244264,0.00012405280386223306,0.0066980064358974486,0.0066949815215529085,0.00045181817676450618,0.0025853255137502315,0.0025838373721807995,0.00057594242789976897,0.019116077687107807,0.99989698682324124,7.2926923752385348e-05,330
582,0.82554959785522786,0.0017054476766121876,0.0017063258711999894,0.00051466991307127401,2.5907774159309529,2.5911001960244264,0.00012457260200465298,0.0067011441253428637,0.0066981236745773378,0.00045093983214881066,0.0025865379573470301,0.0025850500435507643,0.00057558413616704744,0.019124841803303889,0.99989689554424233,7.2749987100638726e-05,330
583,0.82697050938337802,0.0017046517610331423,0.0017055261699241348,0.00051269157073764412,2.5907714871359091,2.5911001960244264,0.00012686074009089668,0.0067042893743744147,0.0067012637515196779,0.00045150033888020777,0.0025877578966973999,0.0025862619136849869,0.00057843445959481128,0.019133606500710634,0.99989698431202612,7.2709251286779848e-05,330
584,0.82839142091152818,0.0017038575059705931,0.0017047277422620167,0.00051048403205359216,2.5907702218358959,2.5911001960244264,0.00012734906548068683,0.0067074241454870721,0.0067044029488082593,0.00045062874380928707,0.0025889691370367821,0.0025874734443287646,0.00057805142359846956,0.019142741832980571,0.99989689661960113,7.2535656266771702e-05,330
585,0.82981233243967834,0.0017030642977340792,0.0017039304338775378,0.00050831661095908733,2.5907689955880904,2.5911001960244264,0.00012782231920024605,0.0067105574590119836,0.0067075406729646394,0.00044976038080598137,0.0025901797769077918,0.0025886844064371361,0.00057765653740457132,0.019151915855582534,0.99989681027069743,7.2257949392134335e-05,331
586,0.83123324396782838,0.0017022721306485323,0.0017031342423993827,0.00050619130858170556,2.5907678062186035,2.5911001960244264,0.00012828134023259476,0.0067136893187097826,0.0067106769270079917,0.00044889535505236228,0.0025913898198807925,0.0025898948011753111,0.00057725074578432835,0.01916105159185879,0.9998967249776155,7.2087496398906182e-05,331
587,0.83265415549597854,0.0017014809996371302,0.001702339165484722,0.00050410979491707128,2.5907666512665868,2.5911001960244264,0.00012872707830882313,0.0067168197282564557,0.0067138117140349207,0.00044803374739374154,0.002592599269784758,0.002591104629738382,0.00057683507999711325,0.019170149355492654,0.99989664042869886,7.1918358474267927e-05,331
588,0.8340750670241287,0.0017006902912406661,0.00170154504849488,0.00050234183042645016,2.5907608827912068,2.5911001960244264,0.00013095334319386344,0.006719957778127077,0.0067169444359111291,0.00044861800550820925,0.0025938162887835484,0.0025923136612845238,0.00057964725544823643,0.019179247621149986,0.9998967353121031,7.1886421790807206e-05,331
589,0.83549597855227886,0.0016999012191744262,0.0017007521936889861,0.00050035185473677106,2.5907597873893784,2.5911001960244264,0.0001313760986820671,0.0067230853052978714,0.0067200762975368391,0.00044776392823622861,0.0025950245707929945,0.0025935223608286465,0.00057921612207270103,0.019188270243685628,0.99989665142560114,7.1719883533592015e-05,331
590,0.83691689008042891,0.0016991131713051495,0.0016999604465077732,0.00049840877437134937,2.5907587181199383,2.5911001960244264,0.00013178876872923167,0.0067262113923816065,0.0067232067015836347,0.00044691334527377486,0.0025962322717812498,0.0025947304978399433,0.00057877839049440478,0.019197255760665208,0.9998965672992518,7.1554348510736735e-05,331
591,0.83833780160857907,0.0016983261446812199,0.0016991698046381737,0.00049651303516041177,2.5907576721414958,2.5911001960244264,0.00013219244993157629,0.0067293360423861803,0.006726335651128906,0.00044606624065375128,0.0025974393957207795,0.0025959380735060917,0.00057833514212458361,0.019206204434982943,0.99989648262382758,7.1389716756005761e-05,331
592,0.83975871313672923,0.0016975401367948222,0.0016983802657534774,0.00049466481423254729,2.5907566467103518,2.5911001960244264,0.00013258820118255862,0.0067324592580817301,0.0067294631491619291,0.00044522257621310539,0.0025986459463996207,0.0025971450889807619,0.0005778873984463353,0.019215116516568896,0.99989639711545619,7.1122434379457589e-05,332
593,0.84117962466487939,0.0016967545355145359,0.0016975916749235439,0.00049313354994260034,2.5907509742011641,2.5911001960244264,0.00013477742921642915,0.0067355901886389669,0.0067325885934178993,0.00044583077956109204,0.0025998601392848374,0.0025983513118280166,0.00058068647220738253,0.019224029965531252,0.9998964902690789,7.1096793569548424e-05,332
594,0.84260053619302944,0.0016959705589326089,0.0016968043348811342,0.00049138013817230945,2.5907499814339232,2.5911001960244264,0.00013516057427673313,0.0067387105500169454,0.0067357131961102556,0.00044499428930862154,0.0026010655595130861,0.002599557209885201,0.00058023328824978568,0.019232869474836437,0.99989640253749579,7.0934741687540048e-05,332
595,0.8440214477211796,0.0016951875958332121,0.0016960180906911274,0.00048967334869459461,2.5907490022447992,2.5911001960244264,0.00013553847904688006,0.006741829483767098,0.0067388363554460925,0.0004441610039375025,0.0026022704159783614,0.0026007625508985004,0.00057977806522171635,0.019241673071182783,0.99989631335687679,7.0773193690072914e-05,332
596,0.84544235924932976,0.00169440564508616,0.0016952329399057835,0.00048801247318227344,2.5907480348799266,2.5911001960244264,0.00013591182040748615,0.0067449469915987059,0.0067419580737945991,0.00044333082042210522,0.0026034747110833239,0.0026019673357822719,0.00057932137745255428,0.019250440961732933,0.99989622262347988,7.0612075453761844e-05,332
597,0.84686327077747992,0.0016936247058112015,0.0016944488800362993,0.00048639663008316787,2.5907470779359758,2.5911001960244264,0.00013628113995453245,0.0067480630749551232,0.0067450783533254651,0.00044250362609747222,0.0026046784467788505,0.0026031715653738767,0.00057886365425069473,0.019259173346602286,0.99989613029152102,7.0451328620820274e-05,332
598,0.84828418230563007,0.0016928441663496543,0.00169366575572839,0.00048509534774314971,2.5907414462729275,2.5911001960244264,0.00013845460397455959,0.0067511869401125461,0.0067481965870985761,0.00044313365435842981,0.0026058898890990788,0.0026043750054330051,0.00058166879305532706,0.019267907698435498,0.99989621682037211,7.0327769033488101e-05,333
599,0.84970509383378012,0.0016920652480022199,0.0016928838700007872,0.00048356654173031989,2.5907405065823816,2.5911001960244264,0.00013881726480383287,0.0067543001847510014,0.0067513139939027484,0.00044231254107716684,0.0026070925156688302,0.0026055781263346805,0.00058121048793116788,0.019276569567187617,0.99989612153948004,7.0168156210824112e-05,333
600,0.85112600536193028,0.0016912873396726631,0.0016921030674689023,0.00048207926096334696,2.5907395753127238,2.5911001960244264,0.00013917667570552715,0.006757412007814257,0.0067544299671639411,0.0004414940512837997,0.0026082945859189962,0.0026067806939798735,0.00058075155406010185,0.019285704488834758,0.99989602488009355,7.0008836047940376e-05,333
601,0.85254691689008044,0.0016905104411859004,0.0016913233454798513,0.00048063210155730346,2.590738652496857,2.5911001960244264,0.00013953282398117034,0.0067605224098921633,0.0067575445082468525,0.00044067806607513295,0.0026094961000317899,0.0026079827088952715,0.000580291859818158,0.019294805418821104,0.99989592702901975,6.9849816140537871e-05,333
602,0.8539678284182306,0.0016897345524897205,0.001690544701347495,0.00047922356452854498,2.5907377384739783,2.5911001960244264,0.00013988557872223357,0.0067636313914373599,0.00676065761834413,0.00043986447193553946,0.0026106970578277599,0.0026091841715411598,0.00057983116067519358,0.019303868547182641,0.99989582822225764,6.9691120630506256e-05,333
603,0.85538873994638065,0.0016889596736422527,0.0016897671323583448,0.00047785206649457202,2.5907368338448853,2.5911001960244264,0.00014023470805901343,0.0067667389528049595,0.0067637692984993834,0.00043905316318741856,0.0026118974588254544,0.0026103850823203057,0.00057936911890574922,0.01931289409587585,0.99989572873808508,6.9532784011041199e-05,333
604,0.85680965147453081,0.0016881851926591734,0.0016889904826697351,0.00047678777282917663,2.5907312355959835,2.5911001960244264,0.00014239527634208219,0.0067698543644469592,0.0067668789362097812,0.000439704665212263,0.0026131056249412885,0.0026115852048455438,0.00058218284164106044,0.019321921222771779,0.99989581017208884,6.9514971908264249e-05,333
605,0.85823056300268097,0.0016874123338723795,0.0016882150557008392,0.00047548552878320748,2.5907303514887388,2.5911001960244264,0.00014273648554970138,0.0067729590932223398,0.0067699877583841444,0.00043889811093315932,0.002614304915727846,0.0026127850126257037,0.00058171762881281577,0.019330872213830119,0.99989571043986214,6.9258045150489311e-05,334
606,0.85965147453083113,0.0016866404856992088,0.0016874406956458687,0.00047421515240488033,2.5907294795810119,2.5911001960244264,0.0001430729865187665,0.0067760624027138738,0.006773095153150133,0.00043809358892008194,0.0026155036471850156,0.0026139842695169484,0.00058124973657469842,0.019339786335591868,0.99989561103004432,6.910164686781455e-05,334
607,0.86107238605898129,0.0016858696485840001,0.0016866673997609418,0.00047297480051773205,2.5907286209227136,2.5911001960244264,0.00014340437405042551,0.0067791642933044856,0.0067762011212684249,0.00043729104007261187,0.0026167018183826675,0.0026151829758128521,0.00058077870032910873,0.019348663843049677,0.99989551229679063,6.8945795556774102e-05,334
608,0.86249329758713134,0.0016850998230677451,0.0016858951653171905,0.00047176257801046282,2.5907277765051977,2.5911001960244264,0.00014373026554516825,0.0067822647654857621,0.0067793056635196596,0.00043649041848427668,0.0026178994284898598,0.0026163811318146921,0.00058030409129066678,0.019357505001345768,0.99989541458639219,6.8790771672549764e-05,334
609,0.8639142091152815,0.0016843303967251947,0.0016851238362712319,0.00047084939928976392,2.59072222455044,2.5911001960244264,0.00014587296723081835,0.0067853731482383347,0.0067824081635729644,0.00043715809987589845,0.0026191048518973427,0.0026175784996579211,0.00058311612798664413,0.01936634855475634,0.99989550019830764,6.8777803307816393e-05,334
610,0.86533512064343165,0.0016835625962291357,0.0016843537165781499,0.00046968777473971551,2.5907214102197482,2.5911001960244264,0.00014618724712359008,0.0067884707924820223,0.0067855098559280666,0.00043636169084168422,0.0026203013437505101,0.0026187755557809771,0.00058263411164228825,0.019375117760974073,0.99989540563002011,6.8624568478165324e-05,334
611,0.86675603217158181,0.0016827958095710323,0.001683584650320517,0.00046854831405978995,2.5907206121072783,2.5911001960244264,0.00014649526781345589,0.0067915670207284208,0.0067886101252466659,0.00043556713777953478,0.0026214972733799328,0.0026199720627023831,0.00058214768747438057,0.019383851472831958,0.99989531296781642,6.8472235879752299e-05,334
612,0.86817694369973186,0.0016820300377097511,0.0016828166349166886,0.00046742894657474457,2.5907198303370853,2.5911001960244264,0.00014679698142307438,0.0067946618341929972,0.0067917089727448296,0.00043477443748215675,0.0026226926411062079,0.0026211680208914636,0.0005816568043683683,0.019392549992313768,0.99989522242221562,6.8223082161111506e-05,335
613,0.86959785522788202,0.0016812652817110964,0.0016820496678395429,0.00046632756656582924,2.5907190646917599,2.5911001960244264,0.00014709247185858016,0.0067977552343182176,0.0067948063998208661,0.00043398359332639462,0.0026238874476831801,0.002622363430887877,0.00058116154967396679,0.019401213627850789,0.99989513414841968,6.8072941126273628e-05,335
614,0.87101876675603218,0.0016805009288055584,0.0016812835930650916,0.00046551590865544169,2.5907135734651678,2.5911001960244264,0.00014921173633184438,0.006800856608740702,0.0067979017872049118,0.00043466669985609983,0.0026250901212689151,0.0026235580536928134,0.0005839655707047122,0.019409880709445399,0.99989523088670207,6.8066372379934839e-05,335
615,0.87243967828418234,0.0016797382079464498,0.00168051871525285,0.00046444428099256055,2.5907128372434305,2.5911001960244264,0.00014949587113237487,0.006803947194011695,0.0068009963776982678,0.0004338800007457066,0.0026262838150951646,0.0026247523689485893,0.00058346309720211831,0.019418481216946271,0.9998951475131227,6.791852956142662e-05,335
616,0.87386058981233239,0.0016789765067378307,0.001679754878552853,0.00046338416691655757,2.590712114252844,2.5911001960244264,0.00014977489954957755,0.0068070363715703932,0.0068040895532288145,0.0004330951729141107,0.0026274769528120759,0.0026259461381186477,0.00058295738484755817,0.019427546265413514,0.9998950664960341,6.7771686357407987e-05,335
617,0.87528150134048255,0.0016782158265996889,0.001678992080686711,0.00046233338200417514,2.5907114027525822,2.5911001960244264,0.00015004949343170926,0.0068101241437299852,0.0068071813160584778,0.00043231222070802566,0.0026286695370601127,0.0026271393620759488,0.00058244911033374493,0.019436574526061779,0.99989498773117091,6.7625832808784991e-05,335
618,0.87670241286863271,0.0016774561690022229,0.0016782303194374691,0.0004612897444884728,2.5907107006479229,2.5911001960244264,0.00015032046120840023,0.0068132105129788652,0.0068102716686649399,0.00043153114250160164,0.0026298615709098349,0.0026283320417767198,0.00058193908106112001,0.019445566338019183,0.99989491104982831,6.7384776702317687e-05,336
619,0.87812332439678287,0.0016766975354422656,0.0016774695926458736,0.00046025108710924469,2.5907100055280838,2.5911001960244264,0.00015058873328837967,0.0068162954819513573,0.0068133606137275949,0.00043075192847553636,0.002631053057812984,0.0026295241782550369,0.00058142821830284601,0.019454522033587222,0.99989483622313136,6.7240975746021511e-05,336
620,0.87954423592493303,0.0016759393125282283,0.0016767097444126335,0.00045949031248402618,2.5907045552598613,2.5911001960244264,0.00015269219043406634,0.0068193885020483421,0.0068164475288837153,0.00043145247611236565,0.002632252484446001,0.0026307155313184407,0.00058423387449649668,0.019463481616580274,0.99989494639439924,6.7241948230084894e-05,336
621,0.88096514745308308,0.0016751827313325372,0.0016759510802202681,0.00045845543870526014,2.5907038653799668,2.5911001960244264,0.00015295844022849834,0.0068224706850066813,0.0068195336668616701,0.00043067727039506997,0.0026334428941017004,0.0026319065844404659,0.0005837249962886129,0.019472365942970114,0.99989487451431136,6.7099870546021516e-05,336
622,0.88238605898123323,0.001674427178530924,0.0016751934442942879,0.00045741927057667709,2.5907031739371691,2.5911001960244264,0.00015322529320421324,0.0068255514760540842,0.0068226184063112372,0.00042990382404119089,0.0026346327687093111,0.0026330970978194158,0.00058321848106818218,0.019481215087257971,0.99989480351081983,6.6958393223614997e-05,336
623,0.88380697050938339,0.0016736726554135166,0.0016744368346390606,0.00045637984648655899,2.5907024778552676,2.5911001960244264,0.00015349393657914729,0.0068286308780406684,0.0068257017504547634,0.00042913207945393078,0.002635822112500468,0.0026342870726989119,0.00058271545932290581,0.019490029333720498,0.99989473299298859,6.6817399074141091e-05,336
624,0.88522788203753355,0.0016729191631267985,0.0016736812492773787,0.00045533529810964061,2.5907017740824645,2.5911001960244264,0.00015376554815334478,0.006831708893767786,0.0068287837025603855,0.00042836196529461192,0.0026370109296687911,0.0026354765103402469,0.00058221703837007318,0.019498808950819721,0.9998946625559294,6.66767468575741e-05,336
625,0.8866487935656836,0.0016721660870689754,0.0016729265322787752,0.00045455983578908242,2.5906962831554665,2.5911001960244264,0.00015588469700231639,0.0068347950296250935,0.0068318636371559075,0.00042907654849010476,0.0026382077567580855,0.0026366651693509047,0.00058505244621583367,0.019507593392985176,0.9998947758359934,6.658704070222511e-05,337
626,0.88806970509383376,0.0016714146589579797,0.001672172989555865,0.00045350008798231216,2.5906955549452437,2.5911001960244264,0.00015616573986739212,0.0068378702869323288,0.0068349428142386037,0.00042830975668539108,0.0026393955375728631,0.0026378535360097556,0.00058456678585728334,0.019516304396986043,0.99989470448071527,6.6447204657291977e-05,337
627,0.88949061662198392,0.0016706642638640141,0.0016714204652012957,0.00045243034474308892,2.5906948108760552,2.5911001960244264,0.0001564529032853205,0.0068409441657053521,0.0068380206089392308,0.00042754430460465397,0.0026405828031098944,0.0026390413691569836,0.00058408859024563034,0.019524981476912343,0.99989463203183293,6.6307306493092354e-05,337
628,0.89091152815013408,0.0016699149019719554,0.0016706689572077034,0.00045134928286947814,2.590694048814409,2.5911001960244264,0.00015674701064844,0.0068440166681985682,0.0068410970242860436,0.00042678007666895062,0.0026417695564362863,0.0026402286699613031,0.00058361856778330068,0.019533624834559282,0.9998945581524864,6.616726645954481e-05,337
629,0.89233243967828413,0.0016691665731393974,0.0016699184635359575,0.00045025575378573077,2.5906932670425413,2.5911001960244264,0.00015704872490437098,0.0068470877964591243,0.0068441720631475297,0.00042601695058112573,0.0026429558001189223,0.0026414154395297683,0.00058315725958965495,0.019542234656398292,0.9998944825518723,6.6026980984666133e-05,337
630,0.89375335120643429,0.0016684192768687284,0.0016691689821072065,0.00044914879590657271,2.5906924643151314,2.5911001960244264,0.00015735852666777178,0.0068501575523123165,0.0068472457281992102,0.00042525480005988967,0.002644141536159988,0.0026426016788949603,0.00058270502033117401,0.019550811114977727,0.99989440499484161,6.588635408591235e-05,337
631,0.89517426273458445,0.0016676723958980258,0.0016684203566303272,0.00044830472688071465,2.5906868459463221,2.5911001960244264,0.00015952685995643495,0.0068532355021527517,0.0068503173889104202,0.00042598219566519145,0.0026453353530072879,0.002643787144712115,0.00058560247494563345,0.01955939301578638,0.99989451009507069,6.5798994012509438e-05,338
632,0.89659517426273461,0.0016669271615713968,0.001667672893220106,0.00044716901722211455,2.5906859991734672,2.5911001960244264,0.00015985366046235313,0.0068563025239971277,0.0068533883127298995,0.00042522196820734637,0.0026465200823969264,0.0026449723261358945,0.00058516917010356705,0.019568358393659276,0.99989442831201913,6.5657945181005659e-05,338
633,0.89801608579088477,0.0016661829559919557,0.0016669264355194046,0.00044601819948773911,2.5906851308856833,2.5911001960244264,0.0001601887643634787,0.0068593681776009706,0.0068564578693594376,0.00042446235315450896,0.0026477043064110006,0.0026461569799112474,0.00058474478706289489,0.019577330185774476,0.99989434427229307,6.5516392903011871e-05,338
634,0.89943699731903481,0.0016654397770862804,0.0016661809812412941,0.0004448521279252119,2.5906842420188374,2.5911001960244264,0.00016053181047465142,0.0068624324639148153,0.0068595260604921715,0.00042370324086723902,0.0026488880244885191,0.002647341106691617,0.00058432885471086974,0.019586266147299785,0.99989425802342224,6.5374324558462342e-05,338
635,0.90085790884718497,0.0016646976223835569,0.0016654365280436511,0.00044367086205447518,2.590683334051739,2.5911001960244264,0.00016088222806938163,0.0068654953837074652,0.0068625928875601355,0.00042294453348545993,0.0026500712354412177,0.0026485247070296776,0.00058392070401883849,0.019595166431563425,0.99989416968773626,6.5231752141885747e-05,338
636,0.90227882037533513,0.0016639558718984958,0.0016646929191808442,0.00044275269862448815,2.5906775973852985,2.5911001960244264,0.0001630962167253779,0.0068685665587525924,0.0068656577151577488,0.00042368025257383539,0.0026512625753528159,0.0026497075356992587,0.00058687218593234081,0.019604071612167276,0.99989426488044364,6.5236536459963728e-05,338
637,0.90369973190348529,0.0016632157564909177,0.0016639504608661926,0.00044154221688337265,2.5906766569870023,2.5911001960244264,0.00016345915070128744,0.0068716267538136092,0.0068687218166473274,0.00042292252384443669,0.0026524447716317553,0.0026508900841372847,0.00058647753966629252,0.019612900911815841,0.99989417315770523,6.5093312904587679e-05,338
638,0.90512064343163534,0.0016624766556579786,0.0016632089963089243,0.00044031787500601688,2.5906757047375391,2.5911001960244264,0.00016382665847452713,0.00687468558395876,0.0068717845569334982,0.00042216501422978321,0.0026536264540510035,0.002652072107237306,0.00058608768949223566,0.019621695007204988,0.99989408012383552,6.485860085363976e-05,339
639,0.9065415549597855,0.0016617385655491716,0.0016624685229907159,0.00043908045863699243,2.5906747438050886,2.5911001960244264,0.00016419751732899151,0.006877743049574646,0.0068748459365784026,0.00042140769741893228,0.0026548076195288292,0.0026532536052162737,0.00058570138546133223,0.019630454068553987,0.99989398614800973,6.4715011174579308e-05,339
640,0.90796246648793566,0.0016610014820556279,0.0016617290383687609,0.00043783089561171738,2.5906737775941355,2.5911001960244264,0.00016457041334995835,0.0068807991510577435,0.0068779059560057495,0.00042065056871963649,0.0026559882647392567,0.002654434578237711,0.00058531730798099782,0.019639178276248285,0.99989389163781273,6.4571274024069131e-05,339
641,0.90938337801608582,0.0016602647828817007,0.0016609903853249711,0.00043684927359074864,2.5906679796078218,2.5911001960244264,0.00016680806757985765,0.0068838635681336561,0.0068809639752447378,0.00042139341222392735,0.0026571770764603122,0.0026556147793135631,0.00058829961292539894,0.019647907774061189,0.99989398311428379,6.4576640036163893e-05,339
642,0.91080428954423598,0.0016595296992926783,0.0016602528703719762,0.0004355788760876157,2.5906670127293965,2.5911001960244264,0.00016718122120271142,0.0068869169496779863,0.0068840212743948009,0.00042063717814991736,0.0026583566764229868,0.0026567947024808548,0.00058791668798249721,0.019656562774312668,0.99989388899123577,6.4433234189908783e-05,339
643,0.91222520107238603,0.001658795608919468,0.0016595163364472713,0.00043429974865219018,2.5906660512285082,2.5911001960244264,0.00016755229943801725,0.0068899689688209373,0.0068870772142089589,0.00041988125325680809,0.0026595357458572,0.0026579741010308786,0.00058753199503176301,0.01966518353888828,0.99989379565810588,6.4290062073141843e-05,339
644,0.91364611260053619,0.0016580625071128455,0.0016587807810207046,0.00043301316007358042,2.5906650984871669,2.5911001960244264,0.00016791999704494017,0.0068930196264278317,0.0068901317950132686,0.00041912571493235584,0.0026607142816155774,0.0026591529750894724,0.00058714430524723618,0.01967377030173242,0.99989370354311358,6.4147711216307603e-05,339
645,0.91506702412868635,0.0016573303892207674,0.001658046201594149,0.00043172040241901534,2.5906641576350959,2.5911001960244264,0.00016828310614908142,0.0068960689235771861,0.00689318501722966,0.00041837065744176194,0.0026618922808861129,0.0026603313248194736,0.0005867525041247457,0.019682323311015881,0.99989361304474633,6.3915569927060312e-05,340
646,0.91648793565683651,0.0016565992506399813,0.0016573125957122683,0.00043042276643074479,2.5906632314607414,2.5911001960244264,0.00016864055058753426,0.0068991168615879289,0.0068962368814213353,0.00041761618925132576,0.002663069741294731,0.0026615091504382424,0.00058635562317402236,0.019690842828443973,0.99989352451866464,6.377410005908251e-05,340
647,0.91790884718498655,0.0016558684677832568,0.0016565798061352445,0.00042940180083884049,2.5906574725081684,2.5911001960244264,0.00017086314027429315,0.0069021731874750764,0.0068992867434723576,0.00041836846474743012,0.0026642554103428716,0.0026626862033579642,0.00058933230018934693,0.019699368538360424,0.99989362518168023,6.3784062881493589e-05,340
648,0.91932975871313671,0.00165513927425095,0.0016558481401450066,0.00042809837259264301,2.5906565815024947,2.5911001960244264,0.00017120701183705777,0.0069052184191201278,0.0069023358932912351,0.00041761598876900881,0.0026654317937869366,0.0026638629814013438,0.00058892382849492825,0.01970816810115773,0.99989354158123689,6.3644404972735009e-05,340
649,0.92075067024128687,0.0016544110469852978,0.0016551174406812422,0.00042679369969882147,2.59065571078715,2.5911001960244264,0.00017154305262237745,0.0069082622971463926,0.0069053836880103702,0.00041686447358754074,0.0026666076346545378,0.0026650392364623451,0.00058850848075117613,0.019717076665720347,0.99989346065176432,6.3505650359180446e-05,340
650,0.92217158176943703,0.0016536837820224108,0.0016543877055425322,0.00042548884869193809,2.5906548611369997,2.5911001960244264,0.00017187096358141333,0.0069113048239407273,0.0069084301291124812,0.00041611404827443711,0.0026677829330408989,0.0026662149691132034,0.00058808608677831027,0.019725949903922551,0.99989338247615567,6.3367861292828933e-05,340
651,0.92359249329758708,0.0016529574756398184,0.0016536589326028226,0.00042418478754873643,2.5906540327346828,2.5911001960244264,0.00017219067422719877,0.0069143460021483258,0.0069114752183628498,0.00041536483815333357,0.0026689576897497092,0.002667390180035205,0.00058765670138422879,0.019734788145781713,0.9998933070542676,6.3143206117503614e-05,341
652,0.92501340482573724,0.0016522315044276443,0.0016529309647599149,0.00042316366937455053,2.5906483566487073,2.5911001960244264,0.00017438128267382232,0.0069173956389043034,0.0069145183092013535,0.00041612872716252381,0.0026701407086574752,0.0026685646196972345,0.00059061300168911091,0.019743632941352094,0.99989342189064934,6.315963718427943e-05,341
653,0.9264343163538874,0.0016515071048994142,0.0016522041100965883,0.00042186385623586674,2.5906475682706827,2.5911001960244264,0.0001746855464864879,0.0069204341354319335,0.0069175607004223882,0.0004153826954304694,0.0026713143926603202,0.0026697387893513847,0.00059017133631951435,0.019752402085497854,0.9998933517794214,6.3025349902186083e-05,341
654,0.92785522788203756,0.0016507836543724977,0.0016514782117026646,0.00042056705637722385,2.5906467982698911,2.5911001960244264,0.00017498271785514193,0.0069234712925259866,0.0069206017467812915,0.00041463818461012531,0.0026724875413930145,0.0026709124399742243,0.00058972409398992535,0.019761137214344082,0.99989328392551002,6.2892045149817242e-05,341
655,0.92927613941018772,0.0016500611501846108,0.0016507532677377851,0.00041927377440407381,2.5906460446490507,2.5911001960244264,0.00017527356760366011,0.0069265071135712819,0.0069236414511213377,0.00041389527031040503,0.002673660158197953,0.0026720855726630756,0.00058927212174125798,0.019769838641547893,0.99989321801357756,6.2759672704800867e-05,341
656,0.93069705093833777,0.0016493395899204667,0.0016500292764183625,0.0004179844004906524,2.5906453049982292,2.5911001960244264,0.00017555902581273071,0.0069295416020369229,0.0069266798164970113,0.00041315400967369587,0.0026748322468797634,0.0026732581885967766,0.00058881640752142647,0.019778506669309505,0.99989315366674714,6.2628162931955821e-05,341
657,0.93211796246648793,0.0016486189713898144,0.0016493062360079976,0.00041669921763383319,2.590644576577886,2.5911001960244264,0.0001758401497709135,0.0069325747614265376,0.0069297168461347983,0.00041241443989639692,0.0026760038116012534,0.0026744302890205451,0.00058835804663449139,0.019787141585869483,0.99989309045805652,6.249743198151769e-05,341
658,0.93353887399463809,0.0016478986717296975,0.0016485839895249053,0.00041570086787342468,2.5906389694648335,2.5911001960244264,0.00017800413905281524,0.0069356164631465085,0.0069327518903858111,0.00041319418406850759,0.0026771837160232512,0.0026756016232111989,0.00059130357760565769,0.019795784312706372,0.99989321628527728,6.2434554872311285e-05,342
659,0.93495978552278824,0.0016471799306854221,0.0016478628458168256,0.00041442473998191411,2.5906382539780428,2.5911001960244264,0.00017828027148173524,0.0069386469810190834,0.0069357862579464153,0.00041245836683483577,0.0026783542512600804,0.0026767726962423615,0.00059084397414061081,0.019804353712425934,0.99989315406913115,6.2305494184005953e-05,342
660,0.93638069705093829,0.0016464621258386841,0.0016471426479773529,0.00041315312884674418,2.5906375405268425,2.5911001960244264,0.00017855561830214576,0.0069416761799728378,0.0069388193000067214,0.00041172422030266232,0.0026795242759282915,0.0026779432577146503,0.00059038525520902949,0.019812890763263511,0.99989309154728445,6.2176865149524146e-05,342
661,0.93780160857908845,0.0016457452555590313,0.0016464233943395779,0.00041188602086074296,2.5906368260499919,2.5911001960244264,0.00017883136095836106,0.0069447040631579566,0.0069418510199857888,0.00041099170292675742,0.0026806937944083495,0.0026791133089476048,0.00058992856161261653,0.019821395681257264,0.99989302823609727,6.2048545622760175e-05,342
662,0.93922252010723861,0.0016450293182535916,0.0016457050832217261,0.00041062337050791931,2.5906361076716697,2.5911001960244264,0.00017910860933465476,0.0069477306335215218,0.0069448814212153924,0.00041026075656605337,0.0026818628108159059,0.0026802828512270788,0.00058947494593853018,0.019829868662907774,0.9998929636768128,6.1920415889626831e-05,342
663,0.94064343163538877,0.0016443136908090279,0.0016449875574720951,0.00040964848640112622,2.5906304787729137,2.5911001960244264,0.00018128100651351736,0.006950765817447197,0.0069479098503464828,0.00041105413890361804,0.0026830402384285692,0.0026814516324018618,0.00059244254399786964,0.019838350064649731,0.99989308641989649,6.1947044185016873e-05,342
664,0.94206434316353882,0.001643599614466186,0.0016442711261915066,0.00040839476812802459,2.5906297448104683,2.5911001960244264,0.00018156426937097588,0.006953789776111584,0.0069509376227362227,0.00041032642359384525,0.0026842082663651062,0.0026826201601162225,0.00059199817868172192,0.01984694191566596,0.9998930182890915,6.1819161043481934e-05,342
665,0.94348525469168898,0.0016428864661283027,0.0016435556321771211,0.00040714535955924444,2.5906290003870125,2.5911001960244264,0.00018185156951355995,0.0069568124292538561,0.0069539640853403294,0.00040960003223648197,0.0026853758018668757,0.0026837881823365715,0.00059155917771496792,0.019855802265258741,0.99989294782859872,6.1606373198206543e-05,343
666,0.94490616621983914,0.0016421742439482431,0.0016428410735745756,0.00040590026452262548,2.5906282442610049,2.5911001960244264,0.0001821433860973972,0.0069598337787383988,0.0069569892406583407,0.00040887487124945907,0.0026865428469547703,0.0026849557000275712,0.00059112592702471195,0.019864628399338009,0.99989287481736089,6.1478331124127219e-05,343
667,0.9463270777479893,0.0016414629459328932,0.0016421274484656532,0.00040465953685928227,2.5906274757599346,2.5911001960244264,0.00018243997866896789,0.0069628538261272306,0.0069600130908918463,0.00040815084659852747,0.0026877094029448398,0.0026861227140388953,0.00059069859230619765,0.019873420452032126,0.99989279911923679,6.1350002085727655e-05,343
668,0.94774798927613946,0.0016407525699210026,0.001641414754864028,0.00040342329143993423,2.5906266948097429,2.5911001960244264,0.0001827413758101606,0.0069658725726866452,0.0069630356379252667,0.00040742786751323207,0.0026888754704190304,0.0026872892250978104,0.0005902771113750272,0.019882178548417159,0.9998927206883399,6.1221344474278328e-05,343
669,0.94916890080428951,0.0016400424912710709,0.0016407028350761276,0.00040247617724512166,2.5906209805072806,2.5911001960244264,0.00018494673339188998,0.0069689000049035586,0.0069660562225157176,0.00040823419981154176,0.0026900500140082046,0.0026884549787784618,0.0005932906603730928,0.019890944709655772,0.99989282927136791,6.1248465371778392e-05,343
670,0.95058981233243967,0.001639333951893165,0.0016399919982120511,0.00040124971317152309,2.5906201763997525,2.5911001960244264,0.00018525706779321967,0.0069719161587493642,0.006969076166760315,0.00040751340939489529,0.0026912151083600395,0.0026896204853263102,0.00059288031245638992,0.019899635153233276,0.99989274573697995,6.1119360279918321e-05,343
671,0.95201072386058982,0.0016386263269238556,0.0016392820864804102,0.00040002850147806944,2.5906193631824181,2.5911001960244264,0.00018557091800079127,0.0069749310140436995,0.0069720948115114057,0.00040679345433041261,0.0026923797116514335,0.0026907854903522534,0.00059247431833423338,0.019908291995935853,0.99989265988420017,6.0906549022976241e-05,344
672,0.95343163538873998,0.0016379196134692609,0.0016385730976281737,0.00039881294271139188,2.5906185430678508,2.5911001960244264,0.00018588743010195446,0.0069779445711195612,0.0069751121573964885,0.00040607429087274611,0.0026935438217222715,0.0026919499940984658,0.00059207177967637273,0.019916915360785385,0.99989257202285375,6.0777079654915196e-05,344
673,0.95485254691689003,0.0016372138084781726,0.0016378650293491211,0.00039760350168000468,2.5906177187179393,2.5911001960244264,0.00018620557677675629,0.0069809568301731134,0.0069781282047832668,0.00040535589298970072,0.0026947074358882606,0.0026931139967068581,0.00059167164232590806,0.019925505378723455,0.9998924825356269,6.0647423204556859e-05,344
674,0.95627345844504019,0.0016365082857710135,0.0016371577234827958,0.00039668609961460719,2.5906119541830712,2.5911001960244264,0.00018843032087463338,0.0069839778337012918,0.0069811422894142921,0.00040617196576830705,0.0026958795671517826,0.0026942772418162716,0.00059471434885848126,0.019934103612998182,0.99989258218886023,6.0675039971647124e-05,344
675,0.95769436997319035,0.0016358042878858803,0.0016364514892265244,0.0003954906973441867,2.5906111301346866,2.5911001960244264,0.00018874835117925237,0.0069869875035012885,0.0069841557393233123,0.00040545547431485073,0.0026970421852306461,0.0026954402419633304,0.0005943160016595011,0.019942627283355604,0.99989249096255384,6.0545551148372936e-05,344
676,0.95911528150134051,0.0016351011886487122,0.0016357461684103037,0.00039430308567880648,2.5906103116146895,2.5911001960244264,0.00018906424787763955,0.0069899958756015103,0.0069871678907157224,0.00040473979300620637,0.002698204297366804,0.0026966027409655036,0.00059391632922800683,0.019951118075212718,0.99989239956886078,6.0416195535807698e-05,344
677,0.96053619302949067,0.0016343989846937465,0.0016350417586276308,0.00039312386395797937,2.5906095021338547,2.5911001960244264,0.000189376656033854,0.0069930029501667889,0.0069901787433922754,0.00040402497249204464,0.0026993658999578032,0.0026977647387458953,0.00059351402622759731,0.01995957617631533,0.99989230854544886,6.0287101272190219e-05,344
678,0.96195710455764072,0.0016336976726790367,0.0016343382574807068,0.00039195362327106535,2.5906087051359448,2.5911001960244264,0.00018968424657439498,0.006996008727486039,0.0069931882971555233,0.00040331108082174112,0.0027005269895126506,0.0026989262352283029,0.00059310783060815512,0.019968001792362328,0.99989221842751053,6.007658097380048e-05,345
679,0.96337801608579088,0.0016329972493332691,0.0016336356625947122,0.00039079292651407601,2.5906079238819579,2.5911001960244264,0.00018998576096123168,0.006999013208019743,0.006996196551871117,0.00040259820142884333,0.0027016875627910168,0.0027000872303608761,0.00059269656629828786,0.019976395147291423,0.99989212973025243,5.9948617997416414e-05,345
680,0.96479892761394104,0.0016322970875684538,0.0016329338155878304,0.00038992885890318929,2.5906022036573266,2.5911001960244264,0.00019219340412380683,0.0070020264995064021,0.006999202838680902,0.00040342606016434152,0.0027028566908578909,0.0027012474660068763,0.00059573396042586772,0.019984797349641578,0.99989223403205663,5.9980209825341833e-05,345
681,0.9662198391420912,0.0016315984320767122,0.0016322330262156766,0.0003887889344058204,2.5906014617669801,2.5911001960244264,0.0001924797266471997,0.0070050283953436172,0.007002208494683409,0.00040271589489933172,0.0027040162289438661,0.0027024074582013575,0.00059531020669227998,0.019993572391430188,0.99989214969344009,5.9853941465958942e-05,345
682,0.96764075067024125,0.0016309006563068325,0.0016315331362518732,0.00038765988320268871,2.5906007432543352,2.5911001960244264,0.00019275702686354782,0.0070080289971615134,0.0070052128521935928,0.00040200705208247078,0.0027051752437768418,0.0027035669492603263,0.00059487874600461558,0.020002344007604689,0.99989206803615494,5.9728564101545824e-05,345
683,0.9690616621983914,0.0016302037576985233,0.0016308341435411985,0.00038654197005369558,2.5906000496470254,2.5911001960244264,0.00019302471520337883,0.0070110283064340386,0.0070082159118838921,0.00040129964394754148,0.002706333734298085,0.0027047259394433025,0.00059443910058903568,0.020011081594731139,0.99989198933794676,5.960381299461847e-05,345
684,0.97048257372654156,0.0016295077339549299,0.0016301360460076219,0.00038543534708699933,2.5905993818522446,2.5911001960244264,0.00019328244154751291,0.0070140263249341148,0.0070112176747356208,0.0004005937811080569,0.0027074917002100022,0.0027058844291290097,0.00059399103069228529,0.020019785475771722,0.9998919137869795,5.9480840067838765e-05,345
685,0.97190348525469172,0.0016288119583877324,0.0016294386854303407,0.00038462757034811028,2.5905937644316985,2.5911001960244264,0.00019545040886682948,0.0070170332198274824,0.0070142174695457101,0.00040143469945117113,0.0027086582682973519,0.0027070421592757217,0.00059700179256259444,0.020028498696721502,0.99989203321276487,5.9438440798887946e-05,346
686,0.97332439678284177,0.0016281176784781173,0.0016287423723243424,0.00038354368182466451,2.590593147813073,2.5911001960244264,0.00019568838446747941,0.0070200286696649114,0.0070172166422658782,0.00040073258991262352,0.0027098151925519756,0.002708199649335261,0.00059653770988086401,0.020037136064927935,0.99989196426207938,5.9317802564694879e-05,346
687,0.97474530831099193,0.0016274242683057701,0.0016280469486856992,0.00038247077606193318,2.5905925557667353,2.5911001960244264,0.00019591687672672946,0.0070230228356968375,0.0070202145231453086,0.00040003229848176793,0.002710971596078813,0.0027093566408263776,0.00059606595458868035,0.02004574072672359,0.99989189843035753,5.9198312588181134e-05,346
688,0.97616621983914209,0.0016267317267597444,0.0016273524127840993,0.00038140848870778395,2.5905919865530489,2.5911001960244264,0.00019613655703368211,0.0070260157207693982,0.0070232111145407663,0.00039933389198927219,0.0027121274817644941,0.0027105131346586327,0.00059558726545878599,0.020054313013069956,0.99989183550959049,5.9079954456277259e-05,346
689,0.97758713136729225,0.001626040053013483,0.001626658762969543,0.00038035632927128183,2.5905914378354411,2.5911001960244264,0.00019634832715690527,0.007029007327926353,0.0070262064191304301,0.00039863741951799345,0.0027132828532002769,0.0027116691318656337,0.00059510259407383897,0.020062853247508283,0.99989177519965144,5.8962686546040507e-05,346
690,0.97900804289544241,0.0016253492465004014,0.0016259659976647328,0.00037931369119478147,2.5905909067482011,2.5911001960244264,0.00019655329307863154,0.0070319976603651514,0.0070292004398824831,0.00039794291066126453,0.0027144377145953765,0.0027128246335929103,0.0005946130768982893,0.020071361742552321,0.99989171711743174,5.88464501809489e-05,346
691,0.98042895442359246,0.0016246586814253729,0.001625273958931482,0.0003785684885479628,2.5905853967353205,2.5911001960244264,0.00019867980786531617,0.0070349969490288503,0.0070321925032037109,0.00039880106010489096,0.0027156012528652472,0.0027139793798762915,0.0005975995989437546,0.020079880929517735,0.99989185327699071,5.8892754000671325e-05,346
692,0.98184986595174262,0.0016239696084268322,0.0016245829581213837,0.00037754285891364276,2.5905848903663662,2.5911001960244264,0.00019887523409973956,0.0070379847478799573,0.0070351839654133903,0.00039811076445710403,0.0027167551135082201,0.0027151338941688186,0.00059710474790334634,0.020088326727582956,0.99989179835283692,5.8699529012448391e-05,347
693,0.98327077747989278,0.0016232814021793118,0.0016238928374184523,0.0003765243771334719,2.590584390826483,2.5911001960244264,0.00019906802474674071,0.00704097128193454,0.0070381741539794485,0.00039742238454131007,0.0027179084792092936,0.0027162879169158531,0.00059660917509823193,0.020096741626812475,0.99989174413887294,5.8586196295173629e-05,347
694,0.98469168900804294,0.0016225940627736142,0.001623203595419707,0.00037551213403710357,2.5905838941229038,2.5911001960244264,0.00019925972076062623,0.0070439565544911193,0.0070411630725369431,0.00039673586954289792,0.0027190613554231168,0.002717441449520297,0.0005961143718867405,0.020105125867138897,0.99989169006173806,5.8473454608042712e-05,347
695,0.98611260053619298,0.0016219075903418643,0.0016225152307299355,0.00037450519820260214,2.5905833962790532,2.5911001960244264,0.00019945185684681563,0.0070469405687388093,0.007044150724734001,0.00039605115134921665,0.0027202137475522232,0.0027185944933900948,0.00059562180607127175,0.020113479665931799,0.99989163554435989,5.8361173891343496e-05,347
696,0.98753351206434314,0.001621221359046287,0.0016218275853991391,0.00037379210855070582,2.5905778841177924,2.5911001960244264,0.00020157920077169559,0.0070499336096514174,0.0070471364339391189,0.00039692373469986072,0.0027213748920165105,0.0027197467873884889,0.00059862360553972107,0.020121844867466494,0.99989177305429822,5.8411885279257785e-05,347
697,0.9889544235924933,0.0016205366207335263,0.0016211409710686381,0.00037279320299543113,2.5905773726311705,2.5911001960244264,0.00020177660210057147,0.0070529151217578597,0.0070501215633834505,0.0003962425823858573,0.002722526335738982,0.0027208988576360666,0.00059813987511811895,0.020130312181610571,0.99989171612040495,5.8300320800155585e-05,347
698,0.99037533512064346,0.0016198527494864332,0.0016204552297570398,0.00037179692443398994,2.5905768494226455,2.5911001960244264,0.00020197852733902898,0.0070558953839626746,0.0070531054368333443,0.0003955629409366769,0.0027236773097602572,0.0027220504431496148,0.00059766218320334063,0.020139044475352266,0.99989165717895634,5.8110992029954119e-05,348
699,0.99179624664879351,0.0016191697450578366,0.0016197703599522681,0.00037080249724362241,2.5905763117752589,2.5911001960244264,0.00020218602506043567,0.0070588743985871708,0.0070560880573444906,0.00039488470382395536,0.0027248278178494947,0.002723201545108436,0.00059719147265464151,0.020147744255933485,0.99989159582061093,5.7999595826790207e-05,348
700,0.99321715817694367,0.0016184876069839722,0.0016190863600815829,0.00036980924079951674,2.5905757575411701,2.5911001960244264,0.00020239992419474769,0.007061852167654893,0.0070590694276858341,0.00039420776315712819,0.0027259778630668607,0.0027243521645811675,0.00059672846514802517,0.020156411649780628,0.99989153171699341,5.7888035097650567e-05,348
701,0.99463806970509383,0.0016178063345486907,0.0016184032285026888,0.00036881658630300658,2.5905751852113976,2.5911001960244264,0.00020262080711287711,0.0070648286928773054,0.0070620495502996435,0.00039353201331532143,0.0027271274476833212,0.0027255023025103691,0.00059627363787410567,0.020165046767324345,0.99989146463182987,5.7776218172448624e-05,348
702,0.99605898123324399,0.0016171253002482499,0.0016177208068134897,0.00036811454901960404,2.5905695688378487,2.5911001960244264,0.00020478837035783283,0.007067814316684717,0.00706502774299121,0.00039441794071812903,0.0027282858571736398,0.0027266516956122402,0.00059932904669463677,0.0201736931100556,0.99989158811737966,5.7828041821887691e-05,348
703,0.99747989276139415,0.0016164457556779466,0.0016170394065554334,0.00036712208439704686,2.5905689584269065,2.5911001960244264,0.00020502395018727102,0.0070707883637293606,0.0070680053753348288,0.0003937445215086535,0.0027294345285535332,0.0027278008724554155,0.0005988912587476244,0.020182263860263918,0.99989151488244654,5.771576766196708e-05,348
704,0.9989008042895442,0.0016157670728290734,0.0016163588691934377,0.00036612931425284632,2.5905683295879465,2.5911001960244264,0.00020526664206039114,0.0070737611702392789,0.0070709817650790995,0.00039307203052138669,0.0027305827410329009,0.0027289495697342151,0.0005984615167677202,0.020190802605744879,0.99989143857521257,5.7603112177783776e-05,348
705,1.0003217158176945,0.0016150892497743313,0.001615679192769927,0.00036513622149476947,2.5905676836350624,2.5911001960244264,0.00020551593882053257,0.0070767327367335583,0.0070739569131839713,0.00039240040385510924,0.0027317304934505889,0.0027300977878191184,0.0005980392492734545,0.020199309429797686,0.99989135937546003,5.7413604731154157e-05,349
706,1.0017426273458445,0.0016144122842821431,0.0016150003752533019,0.00036414293158691706,2.5905670225438935,2.5911001960244264,0.00020577107799652161,0.0070797030634868526,0.0070769308202561863,0.00039172959310714288,0.0027328777838508509,0.0027312455269442892,0.00059762364476541091,0.020207784418920509,0.99989127756153462,5.7300412303816614e-05,349
707,1.0031635388739946,0.0016137355468361361,0.0016143222577379439,0.00036344100379928705,2.5905613076130392,2.5911001960244264,0.00020797667809762792,0.007082682546190937,0.0070799027988731351,0.00039262506799448202,0.0027340339429052034,0.002732392521808289,0.00060072668323222372,0.020216270573587894,0.99989138775047792,5.7352011398022123e-05,349
708,1.0045844504021448,0.0016130602885348075,0.0016136451516501605,0.00036244840741772361,2.5905606241787593,2.5911001960244264,0.0002082404402944292,0.007085650399491183,0.0070828742237295456,0.00039195610058080882,0.0027351803055129906,0.0027335393029559148,0.00060032155209961235,0.020224682088475776,0.99989130201248666,5.7238543357210499e-05,349
709,1.0060053619302949,0.0016123858795154902,0.0016129688980141823,0.00036145675183812433,2.5905599347433217,2.5911001960244264,0.00020850651855673893,0.0070886170129037156,0.0070858444076091522,0.00039128791645298873,0.00273632619644682,0.0027346856051653637,0.00059991952214087109,0.020233062084791802,0.99989121498452083,5.7124947382670391e-05,349
710,1.0074262734584449,0.0016117123166120011,0.0016122934945978975,0.00036046661965928069,2.5905592431201461,2.5911001960244264,0.00020877344114687284,0.0070915823861723501,0.0070888133501134489,0.00039062053437433184,0.0027374716115857048,0.0027358314282828382,0.0005995191391949472,0.020241410696779882,0.99989112722229434,5.7011330807259061e-05,349
711,1.0088471849865952,0.0016110395965322714,0.0016116189391521716,0.00035947866199996997,2.5905585533051054,2.5911001960244264,0.00020903966591182118,0.0070945465190404601,0.0070917810507361515,0.00038995398821873103,0.0027386165466088551,0.0027369767721129438,0.00059911889374399184,0.020249728077061286,0.99989103931005674,5.6897811444955256e-05,349
712,1.0102680965147453,0.0016103677159092706,0.0016109452294262375,0.00035849357657713335,2.5905578693474127,2.5911001960244264,0.0002093036301127246,0.0070975094113078551,0.007094747508930653,0.00038928832544434287,0.0027397609971537861,0.002738121636444726,0.00059871726925498281,0.020258014397996377,0.99989095184152299,5.670939095475801e-05,350
713,1.0116890080428955,0.0016096960436043546,0.0016102722061888646,0.00035780446454683229,2.5905521364780304,2.5911001960244264,0.00021151615334556617,0.0071004815212576409,0.0070977120321831918,0.00039019462354788722,0.0027409143484412005,0.002739265754011884,0.00060183807536817345,0.020266312189144136,0.99989106037038811,5.6763135330786858e-05,350
714,1.0131099195710456,0.0016090258316192021,0.0016096001811830944,0.00035682747219259263,2.5905514754676382,2.5911001960244264,0.00021177126134687551,0.0071034419385628171,0.0071006760033160169,0.00038953125667309845,0.0027420578227578072,0.0027404096584959228,0.00060142988358499673,0.020274859458190197,0.99989097564063101,5.6651074081126342e-05,350
715,1.0145308310991956,0.0016083564490920646,0.0016089289952886249,0.00035585547792157837,2.5905508314776196,2.5911001960244264,0.00021201980056571125,0.0071064011155658798,0.0071036387308171453,0.00038886898016796372,0.0027432008008553429,0.0027415530830171642,0.00060101620807039458,0.020283515015660482,0.99989089300143175,5.6539641594531865e-05,350
716,1.0159517426273459,0.0016076878929007822,0.0016082586463987603,0.00035488912138362385,2.590550207511169,2.5911001960244264,0.0002122606119598308,0.007109359052796309,0.0071066002146456106,0.0003882078725932668,0.0027443432797338119,0.0027426960275597988,0.00060059596742064163,0.020292137713022837,0.99989081289677961,5.6428894866196263e-05,350
717,1.0173726541554959,0.0016070201601085519,0.0016075891324751962,0.0003539289705002194,2.5905496060340623,2.5911001960244264,0.00021249274389656961,0.0071123157510714864,0.0071095604550318716,0.00038754801468278167,0.0027454852570686378,0.0027438384922127686,0.00060016828998606879,0.020300727840161108,0.99989073569267262,5.6318982975043361e-05,350
718,1.0187935656836462,0.0016063526195851082,0.001606920294398022,0.0003532688054863791,2.5905439526077085,2.5911001960244264,0.00021467460716932094,0.0071152817275496535,0.0071125187569048825,0.00038846585003220532,0.0027466361728343681,0.0027449802087228248,0.00060326996394405037,0.020309329928363356,0.99989085724707871,5.6377752757263992e-05,350
719,1.0202144772117963,0.0016056865255519677,0.0016062524445727864,0.00035232258959722761,2.5905434005231589,2.5911001960244264,0.00021488767671810918,0.0071182359579351779,0.0071154765116429181,0.00038780906489461542,0.0027477771484151372,0.0027461217140735531,0.00060282628155198105,0.020317855739821231,0.99989078670163478,5.6196013337110478e-05,351
720,1.0216353887399463,0.0016050212475637155,0.0016055854240916462,0.00035138368813350339,2.5905428744246008,2.5911001960244264,0.00021509071732566984,0.0071211889537011993,0.0071184330256365419,0.00038715375346401058,0.0027489176203203832,0.0027472627405757933,0.0006023740358532554,0.020326349921012846,0.99989071958226972,5.6089371819404067e-05,351
721,1.0230563002680966,0.0016043567837295608,0.0016049192312588792,0.00035045223358516891,2.590542374038471,2.5911001960244264,0.00021528383457008687,0.0071241407169649416,0.0071213883005216945,0.00038649998105641872,0.0027500575896231777,0.0027484032888609147,0.00060191339785094656,0.020334812796501883,0.99989065585500592,5.5983768547529317e-05,351
722,1.0244772117962466,0.0016036931324522154,0.0016042538644683744,0.00034952823152139021,2.5905418983660957,2.5911001960244264,0.00021546741387589534,0.0071270912501622584,0.0071243423383073089,0.00038584780523090944,0.002751197058290179,0.002749543359704237,0.0006014448108648538,0.020343244689983334,0.99989059538033875,5.5879210770966162e-05,351
723,1.0258981233243969,0.001603030292424548,0.0016035893221997932,0.00034861156002108422,2.5905414457154996,2.5911001960244264,0.00021564210823808605,0.0071300405560218907,0.0071272951413598844,0.00038519727435932654,0.0027523360291394974,0.002750682954019079,0.00060096897681469327,0.020351645920281127,0.99989053791778348,5.5775680018913982e-05,351
724,1.0273190348525469,0.0016023676334682953,0.0016029254456713534,0.00034799634915298511,2.5905359201062712,2.5911001960244264,0.00021777464222379382,0.0071329992162831729,0.0071302460124820846,0.00038613026763292292,0.0027534840034144584,0.0027518218027315789,0.00060403645367936248,0.020360060435760823,0.99989067942921162,5.5842302928951663e-05,351
725,1.028739946380697,0.0016017064129683195,0.0016022625481640173,0.00034709367471334491,2.5905355057168706,2.5911001960244264,0.00021793457019616915,0.0071359460824693523,0.0071331963537390091,0.00038548339257504262,0.0027546219948429715,0.0027529604469497572,0.00060354949707152553,0.020368401160914078,0.99989062702627629,5.5740909320325822e-05,351
726,1.0301608579088473,0.0016010460013427669,0.0016016004710578751,0.00034619727274554779,2.5905351057985855,2.5911001960244264,0.00021808891323769566,0.0071388917307732983,0.0071361454691918572,0.0003848382286063542,0.002755759501113801,0.0027540986180854678,0.00060305866225221494,0.020376712112902498,0.99989057639867041,5.5567648343602802e-05,352
727,1.0315817694369973,0.0016003863982087202,0.0016009392130893162,0.00034530660257187399,2.5905347166165122,2.5911001960244264,0.00021823911278375413,0.0071418361646689498,0.0071390933622672631,0.00038419477971579754,0.0027568965275234277,0.0027552363174611723,0.00060256539583699903,0.020384993555548975,0.99989052700766823,5.5468051834969678e-05,352
728,1.0330026809651474,0.0015997276033185672,0.0016002787730280158,0.00034442105884197424,2.5905343341895759,2.5911001960244264,0.0002183867052762897,0.0071447793876781799,0.0071420400365218026,0.00038355303839928534,0.0027580330796554975,0.0027563735464494845,0.00060207122802736048,0.020393245732130989,0.99989047827817679,5.5369127467717606e-05,352
729,1.0344235924932976,0.0015990696165145174,0.0015996191496622609,0.0003435399906655951,2.5905339544182002,2.5911001960244264,0.0002185332728911828,0.0071477214033069279,0.0071449854955770737,0.00038291298583430152,0.00275916916322072,0.0027575103064481094,0.00060157772347453641,0.020401468863788089,0.99989042961698571,5.5270765579869185e-05,352
730,1.0358445040214477,0.001598411807990949,0.0015989601843087655,0.00034295808188216666,2.5905284636908772,2.5911001960244264,0.00022065234467831652,0.0071506728534610391,0.0071479290390820656,0.00038386144629743476,0.0027603143349650971,0.002758646327166069,0.00060464720779980778,0.020409706200548466,0.99989057738187848,5.5343162150153881e-05,352
731,1.0372654155495979,0.0015977554368915424,0.0015983021906752714,0.00034208411082633572,2.5905280771213937,2.5911001960244264,0.00022080153593079217,0.0071536124698195524,0.007150872077846435,0.00038322486310546139,0.0027614495025155947,0.0027597821530862261,0.00060415979844786452,0.02041828119878503,0.99989052720877292,5.5245777096733002e-05,352
732,1.038686327077748,0.0015970998734282308,0.0015976450100649328,0.0003412126181145916,2.5905276815253595,2.5911001960244264,0.00022095421085812991,0.0071565508885510542,0.007153813912002269,0.00038258984402616029,0.0027625842177208932,0.002760917514104047,0.00060367743995679317,0.020426872798198867,0.99989047540153764,5.5148606689264183e-05,352
733,1.040107238605898,0.0015964451172906754,0.0015969886411930756,0.00034034299830343475,2.5905272736103431,2.5911001960244264,0.00022111164012970244,0.0071594881125048573,0.0071567545447724082,0.00038195633444573855,0.0027637184852050932,0.0027620524114633431,0.00060320134941517012,0.020435433453348431,0.99989042147874097,5.4980019429256522e-05,353
734,1.0415281501340483,0.0015957911680103401,0.001596333082723963,0.00033947471206837652,2.5905268505769428,2.5911001960244264,0.000221274904136613,0.0071624241442346005,0.0071596939791317453,0.00038132427319000474,0.0027648523089577083,0.0027631868463122333,0.00060273254691325169,0.020443963288377234,0.99989036502813844,5.4883114600694117e-05,353
735,1.0429490616621984,0.0015951373948956547,0.0015956781757001995,0.00033890342851086719,2.5905212856210267,2.5911001960244264,0.00022342262344311468,0.0071653696771885756,0.0071626315105082069,0.00038228501303627795,0.0027659952909712604,0.0027643205467306766,0.00060584299551094906,0.020452507350186076,0.99989050318184769,5.4957413358859791e-05,353
736,1.0443699731903486,0.0015944850570198273,0.0015950242337541792,0.00033803670373261396,2.5905208263802519,2.5911001960244264,0.00022359986119542018,0.0071683033361010211,0.0071655685550753526,0.00038165583158526571,0.0027671282404308356,0.0027654540592716632,0.00060539105813724756,0.020460975744479901,0.99989044088613321,5.4860470096799358e-05,353
737,1.0457908847184987,0.0015938335232956813,0.0015943710978060914,0.00033717025550060204,2.5905203473652976,2.5911001960244264,0.00022378473052432678,0.0071712358084109777,0.007168504408248658,0.00038102789741981862,0.002768260753367377,0.0027665871120103455,0.00060494800607067945,0.020469413592736303,0.99989037535666803,5.4763312120871524e-05,353
738,1.0472117962466487,0.0015931827923028386,0.0015937187662364383,0.00033630396087092773,2.5905198484439058,2.5911001960244264,0.00022397728247292435,0.0071741670952564091,0.0071714390716430638,0.00038040114209883616,0.0027693928303872462,0.0027677197055699879,0.00060451382193477522,0.020477820964355749,0.99989030655907751,5.4665902054718911e-05,353
739,1.048632707774799,0.0015925328623423763,0.0015930672373469525,0.00033543782211358739,2.5905193302222886,2.5911001960244264,0.00022417728308192015,0.0071770971974118953,0.0071743725464949301,0.00037977549943324151,0.0027705244711669608,0.0027688518404277475,0.00060408820536780221,0.02048619792413979,0.99989023456372428,5.4568209018968708e-05,353
740,1.050053619302949,0.0015918837314339782,0.0015924165093625555,0.00033457196998707903,2.5905187940267536,2.5911001960244264,0.00022438422048090851,0.0071800261153105909,0.0071773048336694059,0.00037915090751325121,0.0027716556744797117,0.0027699835169175159,0.00060367058214722002,0.020494544536260095,0.99989015954344262,5.4399854792137164e-05,354
741,1.0514745308310991,0.0015912347668143553,0.0015917664227547029,0.00033400374121948264,2.5905131017941181,2.5911001960244264,0.00022658106051210518,0.0071829645993811714,0.0071802352224017161,0.00038012361641579222,0.0027727960898582013,0.0027711144607292628,0.00060684217587171499,0.020502905202709941,0.99989027986727685,5.4474279526281015e-05,354
742,1.0528954423592494,0.0015905872268944026,0.0015911172909445993,0.00033313951976600783,2.5905125361176951,2.5911001960244264,0.00022679937566020503,0.0071858911546019734,0.0071831651347290327,0.00037950121176541339,0.0027739264158787671,0.0027722452206789599,0.0006064381272142406,0.020511191231722244,0.99989019981154281,5.437620191870924e-05,354
743,1.0543163538873994,0.0015899404785385642,0.0015904689543085641,0.00033227669648516186,2.5905119602099651,2.5911001960244264,0.00022702163944252925,0.0071888165252861919,0.0071860938599818316,0.00037887973040853643,0.0027750562960935053,0.0027733755224933366,0.00060603895380805536,0.020519447140887177,0.9998901177967956,5.4277957688866275e-05,354
744,1.0557372654155497,0.0015892945188212262,0.0015898214108315475,0.00033141584754840299,2.5905113776640825,2.5911001960244264,0.00022724646512991002,0.0071917407109285611,0.0071890213978310835,0.00037825914641150319,0.0027761857264697685,0.0027745053660454093,0.00060564324182737605,0.020527673028833449,0.99989003432291812,5.4179619603726288e-05,354
745,1.0571581769436997,0.0015886493446631825,0.0015891746584652839,0.00033055762581107428,2.5905107923978941,2.5911001960244264,0.0002274723406824263,0.0071946637109333673,0.0071919477477677598,0.00037763944634476863,0.002777314702585609,0.0027756347511387249,0.00060524946453953637,0.020535869010400505,0.99988994993820413,5.4081259653268463e-05,354
746,1.0585790884718498,0.0015880049528721075,0.001588528695141825,0.00032970274400414412,2.5905102085311733,2.5911001960244264,0.00022769767612937079,0.0071975855246824792,0.0071948729091635289,0.00037702063027345571,0.0027784432197870126,0.0027767636775307865,0.00060485603071545554,0.020544035218696348,0.99988986522238998,5.3983156167659738e-05,354
747,1.0600000000000001,0.0015873607090337969,0.0015878833609459023,0.00032915006540159013,2.5905044733710532,2.5911001960244264,0.00022991108344142523,0.0072005169638752276,0.0071977961658455502,0.000378004317847721,0.0027795809804200462,0.002777891868824395,0.00060805519991891772,0.020552215562225862,0.99988997955476366,5.3989443217266668e-05,355
748,1.0614209115281501,0.0015867178720600874,0.0015872389694628023,0.00032830431506557331,2.5905039044503813,2.5911001960244264,0.0002301306506634026,0.0072034364096750028,0.0072007189473836672,0.000377387634650421,0.0027807085707532769,0.0027790198767426535,0.00060765812607384154,0.020560768673053099,0.9998898960756023,5.3892011702666842e-05,355
749,1.0628418230563004,0.0015860758076951791,0.0015865953608438961,0.00032746417992841572,2.5905033491856453,2.5911001960244264,0.00023034494756200209,0.00720635466794191,0.0072036405384273989,0.0003767719252553962,0.0027818356884994227,0.0027801474252057406,0.00060725675134194789,0.020569294504033279,0.99988981401290433,5.379497072553734e-05,355
750,1.0642627345844504,0.0015854345127921932,0.0015859525330862818,0.0003266303898014639,2.5905028112184607,2.5911001960244264,0.00023055256870509904,0.0072092717386146535,0.007206560938522435,0.00037615724273253081,0.0027829623297045266,0.0027812745140383208,0.00060684972219989431,0.020577788748431344,0.99988973389107894,5.3698424672796359e-05,355
751,1.0656836461126005,0.0015847939843393298,0.0015853104842373606,0.00032580362217140792,2.5905022937647475,2.5911001960244264,0.00023075227295196889,0.0072121876219166841,0.0072094801474137347,0.00037554365191234642,0.002784088490975738,0.0027824011431419652,0.00060643586131777221,0.020586251659518079,0.99988965617760506,5.3602471103286955e-05,355
752,1.0671045576407507,0.0015841535877417466,0.0015846690544155258,0.00032528348574924459,2.5904966254176025,2.5911001960244264,0.00023293989470186906,0.007215113188168489,0.0072123974460259208,0.00037653806004058111,0.0027852239286377655,0.0027835270349992783,0.00060961995955167135,0.020594729193553367,0.99988978064549583,5.3682187585215907e-05,355
753,1.0685254691689008,0.0015835145837550762,0.0015840285577483021,0.00032447268119741241,2.5904961560636517,2.5911001960244264,0.00023312103549740301,0.0072180267049280237,0.0072153142720598612,0.00037592719677727413,0.0027863491277655725,0.0027846527444714228,0.00060919024733610419,0.020603130167915727,0.99988970897696239,5.3587904409672526e-05,355
754,1.0699463806970508,0.0015828763383869155,0.0015833888345398517,0.00032367043505469829,2.5904957134115656,2.5911001960244264,0.00023329187107017473,0.0072209390370097399,0.0072182299078134369,0.00037531766525896956,0.0027874738412518312,0.0027857779945709943,0.00060875155311794775,0.020611500664725165,0.99988964064224695,5.3426240871481777e-05,356
755,1.0713672922252011,0.0015822388495349824,0.0015827498831345521,0.00032287704141704341,2.5904952981465814,2.5911001960244264,0.00023345213696217466,0.0072238501860638748,0.0072211443542760179,0.00037470955503813257,0.0027885980689609105,0.0027869027856798263,0.00060830370179945886,0.020619840990976353,0.99988957575856396,5.3333831074665032e-05,356
756,1.0727882037533512,0.0015816021153823234,0.001582111701964163,0.0003220926696939173,2.5904949102087049,2.5911001960244264,0.00023360185632736343,0.0072267601541193332,0.0072240576128115852,0.00037410295606656919,0.0027897218117047388,0.0027880271183243284,0.00060784680653642011,0.020628151458640755,0.99988951433844508,5.3242342505647375e-05,356
757,1.0742091152815014,0.0015809661344094285,0.001581474289548211,0.00032131735693762437,2.5904945487934352,2.5911001960244264,0.0002337413396519629,0.0072296689435660203,0.0072269696851620917,0.00037349795578504993,0.0027908450712368243,0.0027891509931767854,0.00060738126554754309,0.020636432380732529,0.99988945628902026,5.3151777074624733e-05,356
758,1.0756300268096515,0.0015803302729561547,0.0015808374863329048,0.00032085105593411707,2.5904890211476643,2.5911001960244264,0.00023587465961364077,0.0072325874897041205,0.007229879850107414,0.00037450685942814522,0.0027919776654756357,0.0027902741318920643,0.0006105255265425498,0.020644729158161432,0.99988960148750605,5.3238412133710806e-05,356
759,1.0770509383378015,0.0015796957948340387,0.0015802016072938823,0.00032009362445200299,2.590488707348289,2.5911001960244264,0.00023599576622922234,0.0072354939361576045,0.0072327895560609992,0.00037390554165080955,0.0027930999720759634,0.0027913970934657036,0.00061004527598240233,0.020652951814847918,0.999889549611224,5.3149950925347975e-05,356
760,1.0784718498659518,0.0015790620670522056,0.0015795664930617469,0.0003193445871111165,2.59048841358495,2.5911001960244264,0.00023610914020813617,0.0072383992128948896,0.0072356980831891878,0.0003733060272342491,0.0027942218057936587,0.0027925196000876595,0.00060955908991500109,0.020661145831666266,0.99988950023373968,5.3062391149065111e-05,356
761,1.0798927613941018,0.0015784290891753736,0.0015789321424610513,0.00031860348659040039,2.5904881365286689,2.5911001960244264,0.00023621606632448375,0.0072413033233574347,0.0072386054345505747,0.00037270836644620934,0.0027953431715232622,0.0027936416529383548,0.00060906830448986978,0.020669311486944675,0.99988945289661679,5.2908512324357291e-05,357
762,1.0813136729222521,0.0015777968609713064,0.0015782985543698837,0.00031786977006865476,2.5904878724302662,2.5911001960244264,0.00023631799152332695,0.0072442062711116978,0.0072415116134320716,0.00037211259519737952,0.0027964640746669643,0.002794763253286329,0.00060857440380156897,0.020677449041794575,0.99988940707832408,5.2822742036289548e-05,357
763,1.0827345844504022,0.0015771653823755157,0.0015776657277072272,0.00031714280339889431,2.590487617236052,2.5911001960244264,0.0002364164802713099,0.0072471080597821267,0.0072444166232918522,0.0003715187336991496,0.0027975845209847034,0.0027958844024662173,0.00060807897386118024,0.020685558737525568,0.99988936221011349,5.2737690719280952e-05,357
764,1.0841554959785522,0.0015765340205134138,0.0015770335031371244,0.0003167228994926786,2.5904821597951968,2.5911001960244264,0.0002385227055973707,0.0072500196854153529,0.0072473197403053417,0.00037254394821242381,0.0027987143852743379,0.0027970048211277358,0.00061121244185517308,0.020693685292774353,0.99988951840509288,5.2830571990546135e-05,357
765,1.0855764075067025,0.0015759040412842229,0.0015764021961616158,0.00031600747487272262,2.5904819097302521,2.5911001960244264,0.00023861921477333188,0.007252919171930999,0.007250222422186434,0.00037195407085893761,0.0027998339400433212,0.0027981250718558033,0.00061071901492401885,0.020702164950483222,0.9998894737364431,5.2746873984769809e-05,357
766,1.0869973190348525,0.0015752748119906681,0.0015757716474763741,0.00031529662721226369,2.5904816558873787,2.5911001960244264,0.00023871718198964305,0.0072558175098400238,0.0072531239458077622,0.0003713660558383972,0.0028009530557183263,0.0027992448755692141,0.00061022890995374645,0.020710634352666166,0.9998894282056644,5.2663620772208337e-05,357
767,1.0884182305630026,0.0015746463327467779,0.0015751418560204027,0.00031458961726581918,2.5904813942799065,2.5911001960244264,0.00023881814584759457,0.0072587147023377594,0.007256024314657202,0.00037077986013950325,0.0028020717378499115,0.002800364233614067,0.00060974362382886448,0.020719074222552869,0.99988938123650295,5.2580712985970361e-05,357
768,1.0898391420911528,0.0015740186035811394,0.0015745128207015251,0.00031388573906020195,2.590481121260646,2.5911001960244264,0.000238923513930601,0.0072616107523586588,0.0072589235320632602,0.00037019542684654539,0.0028031899915274537,0.002801483147274954,0.00060926450839440924,0.020727484699379285,0.99988933229676358,5.2432400970561897e-05,358
769,1.0912600536193029,0.0015733909911754885,0.0015738843820291546,0.00031348608531841995,2.5904756119358479,2.5911001960244264,0.00024104976316117902,0.0072645167075814782,0.0072618208704963074,0.00037123431343831888,0.0028043177376808988,0.0028026013357716753,0.00061243170311659119,0.020735912327993447,0.99988948211990269,5.2527613896260311e-05,358
770,1.0926809651474532,0.0015727647616121977,0.0015732568555005726,0.00031278674340707522,2.5904753071921101,2.5911001960244264,0.00024116737487618243,0.0072674104853163481,0.007264717793396068,0.00037065334082596313,0.0028054351512787441,0.0028037193638989571,0.00061196830249122722,0.020744264243796644,0.99988942800431613,5.2445471910709305e-05,358
771,1.0941018766756032,0.0015721392812570586,0.0015726300815221942,0.00031208881917130498,2.5904749831931739,2.5911001960244264,0.00024129241787398771,0.0072703031274092738,0.0072676135733056434,0.00037007390066929463,0.0028065521476094181,0.0028048369509046695,0.00061151387220402076,0.020752587056540307,0.99988937074345341,5.2363318359450774e-05,358
772,1.0955227882037533,0.001571514549368967,0.0015720040587625835,0.00031139194004486465,2.5904746386327782,2.5911001960244264,0.00024142539628844637,0.0072731946353959704,0.0072705082123792047,0.00036949590569083679,0.0028076687287062869,0.0028059540976201852,0.00061106882951360189,0.020760880829048291,0.99988931012796434,5.2281084265567319e-05,358
773,1.0969436997319035,0.0015708905649379288,0.0015713787858117241,0.00031069585398727401,2.590474272949836,2.5911001960244264,0.00024156652666337765,0.0072760850104200926,0.0072734017123875852,0.00036891926757425767,0.0028087848956456292,0.0028070708047289341,0.00061063330280355487,0.020769145613028412,0.99988924605346952,5.2198714277594534e-05,358
774,1.0983646112600536,0.001570267326663106,0.0015707542611782868,0.00031000044196316713,2.5904738863482208,2.5911001960244264,0.00024171573031662061,0.0072789742532416218,0.0072762940747041777,0.00036834390005781038,0.0028099006485268062,0.0028081870727609576,0.00061020712703582303,0.020777381453038739,0.99988917852423087,5.2116183547544785e-05,358
775,1.0997855227882039,0.001569644199342879,0.0015701303248383525,0.00030960837312883459,2.5904682432169421,2.5911001960244264,0.00024389362034471298,0.0072818734676048267,0.0072791845657172363,0.00036939603101347241,0.002811025955123047,0.0028093026185887467,0.00061343926528145286,0.020785634202862176,0.99988930946298027,5.2147399467467596e-05,359
776,1.1012064343163539,0.0015690224482106886,0.0015695072920191731,0.00030891465809039726,2.5904678183722991,2.5911001960244264,0.0002440575833761978,0.0072847604523550253,0.0072820746544908126,0.00036882317081937866,0.0028121408807666058,0.0028104180091776594,0.00061303036890606301,0.020793812181846578,0.9998892355798733,5.2064807148921696e-05,359
777,1.1026273458445039,0.0015684014375795007,0.0015688850025665885,0.00030822207255264605,2.5904673776116729,2.5911001960244264,0.00024422768896566725,0.0072876463052286792,0.0072849636073443053,0.00036825137762793798,0.0028132553871215524,0.0028115329613736129,0.00061262868748229108,0.020801961350040647,0.99988915889453456,5.1982025640624428e-05,359
778,1.1040482573726542,0.001567781165016336,0.0015682634546892061,0.0003075310283026953,2.5904669239257117,2.5911001960244264,0.00024440278291299497,0.007290531025767333,0.0072878514241635842,0.00036768060266216876,0.0028143694707820975,0.0028126474751325597,0.00061223301702840885,0.020810081764739165,0.99988907981561836,5.1899129500670718e-05,359
779,1.1054691689008043,0.0015671616278585042,0.0015676426465394038,0.00030684204844863154,2.5904664608265966,2.5911001960244264,0.00024458150973944738,0.0072934146133295822,0.0072907381045466168,0.00036711081163323726,0.0028154831276998326,0.0028137615502993409,0.00061184196660463998,0.020818173496033175,0.99988899882935589,5.1816119737916901e-05,359
780,1.1068900804289543,0.0015665428232430464,0.0015670225762250496,0.00030615575632542705,2.5904659922402917,2.5911001960244264,0.0002447623542724331,0.0072962970671554914,0.0072936236478569902,0.00036654198620280005,0.0028165963533246362,0.0028148751866283418,0.00061145400139608669,0.020826236629958937,0.99988891648473088,5.1733071075930007e-05,359
781,1.1083109919571046,0.001565924114004291,0.0015664030832364471,0.00030577648708813177,2.5904602696509444,2.5911001960244264,0.00024697091006508796,0.007299189550889507,0.0072965073145693895,0.00036760551377255685,0.0028177191661283604,0.0028159880987097901,0.00061472824383152131,0.020834316494655294,0.99988903583883582,5.1830486665297251e-05,359
782,1.1097319034852546,0.0015653067651977455,0.0015657844827755187,0.00030509791291740719,2.5904598026401962,2.5911001960244264,0.00024715114653336956,0.0073020697408115211,0.007299390580472115,0.00036703890686073595,0.0028188315191647649,0.0028171008561041779,0.00061434188869631241,0.020842681482996821,0.99988895270871503,5.1683374689623335e-05,360
783,1.1111528150134049,0.0015646901396142133,0.0015651666143438984,0.00030442428641048455,2.590459343125016,2.5911001960244264,0.00024732849018871487,0.0073049487947464235,0.0073022727066194039,0.00036647332064081953,0.0028199434259153651,0.0028182131736254035,0.0006139536590611405,0.020851095961432496,0.99988887006921656,5.1600969186245643e-05,360
784,1.112573726541555,0.0015640742340708119,0.001564549476013685,0.00030375641688490276,2.5904588954112326,2.5911001960244264,0.00024750127925494519,0.0073078267121282903,0.0073051536920949395,0.0003659088016509891,0.002821054881462684,0.0028193250509198266,0.00061356193827065138,0.02085947996645493,0.99988878853931096,5.1518927550808937e-05,360
785,1.113994638069705,0.0015634590454389988,0.0015639330658858343,0.00030309509861728813,2.5904584635616943,2.5911001960244264,0.00024766794573083606,0.0073107034926035491,0.007308033536088861,0.00036534541084180176,0.0028221658812285517,0.0028204364876748935,0.0006131652179425177,0.020867833707440331,0.99988870870713731,5.1437234413498807e-05,360
786,1.1154155495978553,0.001562844570689393,0.001563317382104541,0.00030244109133586311,2.590458051268949,2.5911001960244264,0.0002478270645275195,0.0073135791360869392,0.007310912237965545,0.00036478322192749464,0.002823276421134998,0.0028215474836452929,0.00061276214549875734,0.020876157416158371,0.99988863111152448,5.1356012289051566e-05,360
787,1.1168364611260053,0.001562230172124392,0.0015627022641165242,0.00030209976844129341,2.5904523917378239,2.5911001960244264,0.00025001128385402922,0.007316464870818243,0.0073137890543230758,0.00036585912928204753,0.0028243965780471027,0.0028226577519251317,0.00061602442619374486,0.020884498440253516,0.99988875938105815,5.1456946463334569e-05,360
788,1.1182573726541556,0.0015616171165807025,0.0015620880276658059,0.00030146257878124272,2.5904520272505338,2.5911001960244264,0.00025015195278326895,0.0073193382474945595,0.0073166654703244382,0.00036529990074873734,0.002825506193705966,0.002823767865692934,0.00061560584853718233,0.020892762761482778,0.99988868771622175,5.1377120810139154e-05,360
789,1.1196782841823056,0.0015610047669256594,0.0015614745123779363,0.00030083453079325954,2.5904516901072281,2.5911001960244264,0.00025028206867235529,0.007322210488919509,0.0073195407439378812,0.00036474214367055677,0.0028266153415956647,0.0028248775385716035,0.00061517818041059106,0.020900997860267386,0.99988861944817498,5.1234530409693859e-05,361
790,1.1210991957104557,0.0015603931209822531,0.0015608617166847042,0.00030021602646929351,2.5904513815282928,2.5911001960244264,0.00025040116052984753,0.0073250815964332151,0.0073224148757718797,0.00036418595594179761,0.0028277240208660565,0.0028259867707959721,0.00061474104834363186,0.02090920403466057,0.99988855477026717,5.1156314206582379e-05,361
791,1.122520107238606,0.0015597821768682106,0.0015602496391078772,0.00029960733715268833,2.590451101959272,2.5911001960244264,0.00025050905640406008,0.0073279515717737933,0.0073252878668342621,0.00036363143509913153,0.002828832231664725,0.0028270955627549979,0.00061429437780826897,0.020917381590728805,0.99988849376581368,5.1078919867912033e-05,361
792,1.123941018766756,0.0015591712976524908,0.0015596381193763924,0.00029931412813134864,2.5904455642208148,2.5911001960244264,0.00025264627150119347,0.0073308317023779998,0.0073281589720026793,0.00036472057791482913,0.0028299501072832057,0.0028282036268788102,0.00061752286426521421,0.020925577434612409,0.99988864012831369,5.1184871770500423e-05,361
793,1.1253619302949063,0.0015585617526549277,0.001559027473937551,0.00029872551344272688,2.5904453406488224,2.5911001960244264,0.00025273255608131807,0.0073336994259675884,0.0073310296854717776,0.00036416992023665198,0.0028310573903600434,0.0028293115398315793,0.00061705842707163833,0.020933698585342511,0.99988858638489886,5.1109372170199737e-05,361
794,1.1267828418230563,0.0015579529056796168,0.0015584175427298759,0.00029814670171457745,2.5904451427738198,2.5911001960244264,0.00025280892325650839,0.0073365660247430801,0.0073338992636503651,0.0003636211784272136,0.0028321642113166572,0.0028304190146343639,0.00061658598012166515,0.020941792041695374,0.99988853589002846,5.1034767438713008e-05,361
795,1.1282037533512064,0.0015573447560587521,0.0015578083246298082,0.00029757741291202081,2.5904449680224602,2.5911001960244264,0.00025287636617510849,0.0073394315018213028,0.0073367677091356531,0.0003630744206788512,0.0028332705741377739,0.0028315260522895225,0.00061610658564867924,0.020949858099177883,0.99988848829125598,5.0960984984341797e-05,361
796,1.1296246648793566,0.001556737303389093,0.0015571998185878058,0.00029701724415319371,2.5904448132027311,2.5911001960244264,0.00025293611675105082,0.0073422958605610768,0.0073396350248571759,0.0003625297027562538,0.0028343764835828838,0.0028326326539276697,0.00061562153242714329,0.020957897040265027,0.99988844314544223,5.0825448436327428e-05,362
797,1.1310455764075067,0.0015561305475098651,0.0015565920236177511,0.0002964656768659442,2.5904446746010099,2.5911001960244264,0.00025298960820669731,0.0073451591045032476,0.0073425012140281784,0.00036198706647690984,0.0028354819450581692,0.0028337388207889127,0.00061513229676237011,0.020965909130792389,0.99988839993217227,5.0753453145556621e-05,362
798,1.1324664879356567,0.0015555238526039203,0.0015559847797746616,0.00029622858573723535,2.5904392453466092,2.5911001960244264,0.0002550849553526912,0.0073480325834509291,0.0073453655294474056,0.00036309343528668732,0.0028365971511011981,0.0028348442645010552,0.0006183361188807576,0.020973940618664162,0.99988856243160384,5.0865677954366903e-05,362
799,1.133887399463807,0.0015549184904841669,0.0015553784041596303,0.00029569246572628508,2.590439126595359,2.5911001960244264,0.00025513078578809806,0.00735089361410542,0.0073482294753144982,0.00036255519780263162,0.0028377017389197541,0.0028359495655895608,0.00061784361451755498,0.020982138271915984,0.99988852140017848,5.0795270492782406e-05,362
800,1.1353083109919571,0.0015543138256784005,0.0015547727369080646,0.00029516289986964296,2.5904390110277502,2.5911001960244264,0.00025517538754027782,0.0073537535409187371,0.0073510923053663477,0.00036201906354061991,0.0028388058972294251,0.0028370544360442973,0.00061735198411273025,0.020990502396220832,0.99988848044285428,5.0725478920824486e-05,362
801,1.1367292225201073,0.0015537098585350817,0.0015541677771498824,0.0002946391126706093,2.590438894087252,2.5911001960244264,0.00025522051914049661,0.0073566123674814604,0.0073539540233099367,0.00036148501378952788,0.0028399096324075159,0.0028381588772959246,0.00061686296901721372,0.020998838230725618,0.99988843890577539,5.0656224397647563e-05,362
802,1.1381501340482574,0.001553106589394662,0.0015535635240055434,0.00029412032647575348,2.5904387713543211,2.5911001960244264,0.00025526788625162487,0.0073594700972194138,0.0073568146327946306,0.00036095301530989746,0.0028410129506252603,0.0028392628907528659,0.00061637824313279211,0.021007145938141972,0.99988839615107328,5.0587427815882128e-05,362
803,1.1395710455764074,0.0015525040185449316,0.0015529599765706737,0.00029360578032993305,2.5904386386844176,2.5911001960244264,0.00025531908840263048,0.0073623267333293753,0.0073596741373391618,0.00036042302155139914,0.0028421158576712757,0.0028403664777731279,0.00061589936081744617,0.021015425654456611,0.9998883515766811,5.0457176576126254e-05,363
804,1.1409919571045577,0.0015519015099630788,0.0015523569748061143,0.00029340213006894098,2.5904331749526257,2.5911001960244264,0.00025742774163042587,0.007365193683041886,0.0073625317857031339,0.00036154646475293359,0.0028432285975400935,0.0028414693484256626,0.00061913358854484232,0.021023725361863723,0.99988850958495257,5.0573521428227539e-05,363
805,1.1424128686327077,0.0015513003359889684,0.0015517548358894941,0.00029289414153181636,2.5904330118841594,2.5911001960244264,0.00025749067569470324,0.0073680481453440938,0.0073653890893940754,0.00036102043188015055,0.0028443307012926467,0.0028425720860563129,0.00061867040943670523,0.021031949299841955,0.9998884599017025,5.0505855835694053e-05,363
806,1.143833780160858,0.0015506998603027533,0.0015511533996817252,0.00029238847625577866,2.5904328293230789,2.5911001960244264,0.00025756113266921747,0.0073709015217158268,0.0073682452972540875,0.0003604962042630697,0.002845432407387286,0.0028436744007658693,0.0006182165654911797,0.021040145510321483,0.9998884069865418,5.0438324286903205e-05,363
807,1.1452546916890081,0.0015501000824745508,0.0015505526650486973,0.00029188468366678986,2.5904326253774506,2.5911001960244264,0.0002576398427201442,0.0073737538139703723,0.0073711004116533184,0.00035997370390707816,0.0028465337186277702,0.0028447762934690583,0.0006177727094908987,0.021048314041405398,0.99988835054955827,5.0370859130770053e-05,363
808,1.1466756032171581,0.0015495010017960139,0.0015499526307757496,0.0002913824401909067,2.5904323989248126,2.5911001960244264,0.00025772723904635424,0.0073766050235024539,0.007373954434561996,0.00035945285043185245,0.0028476346368136048,0.0028458777649262627,0.00061733919460440568,0.02105645492713995,0.99988829040906713,5.0303404098533203e-05,363
809,1.1480965147453084,0.0015489026172692251,0.0015493532955632133,0.00029088155379328905,2.5904321496500819,2.5911001960244264,0.00025782344324988809,0.0073794551512851988,0.0073768073675277044,0.0003589335637459891,0.0028487351626955456,0.0028469788157347519,0.00061691606241912826,0.021064568191634551,0.99988822649756004,5.0235912484480075e-05,363
810,1.1495174262734584,0.0015483042910418026,0.001548754498843256,0.00029069022998141127,2.5904265460062779,2.5911001960244264,0.00025998609362237621,0.0073823156605231028,0.0073796584531822199,0.00036007185938761294,0.0028498455869766289,0.0028480791535985244,0.00062021920137740204,0.021072701104542117,0.99988836440172635,5.0292538062241523e-05,364
811,1.1509383378016085,0.0015477072944913651,0.0015481565574851084,0.0002901922235004086,2.5904262534268421,2.5911001960244264,0.00026009901068989788,0.0073851636314974187,0.007382509208489727,0.00035955566498165916,0.0028509453306102342,0.0028491793639693476,0.00061981588917110297,0.021080759081483085,0.99988829331813833,5.0225161525712132e-05,364
812,1.1523592493297588,0.0015471109892300397,0.0015475593107736267,0.00028969587172907372,2.5904259418832023,2.5911001960244264,0.00026021924673490032,0.007388010521372816,0.0073853588759230327,0.0003590408393595958,0.0028520446780276754,0.0028502791544898678,0.00061942127143109157,0.021088789495047111,0.99988821895415836,5.0157694170663843e-05,364
813,1.1537801608579088,0.0015465153730459449,0.0015469627570794304,0.00028920155410217609,2.59042561416552,2.5911001960244264,0.00026034572493239627,0.0073908563296683841,0.0073882074553727932,0.00035852733042364052,0.0028531436259941691,0.0028513785251178853,0.00061903421826845666,0.021096792374016102,0.99988814168769014,5.0090145808682263e-05,364
814,1.1552010723860591,0.0015459204434569538,0.0015463668947067271,0.000288709782459472,2.5904252736907596,2.5911001960244264,0.00026047712655125597,0.0073937010556494095,0.0073910549463882579,0.0003580150980266552,0.0028542421704815628,0.0028524774756794398,0.00061865336963007399,0.021104767759030009,0.99988806198776237,5.0023555660753926e-05,364
815,1.1566219839142091,0.0015453255608235072,0.0015457715626252934,0.00028853021531121835,2.5904195765330704,2.5911001960244264,0.00026267586734017161,0.0073965562164787016,0.0073939005863481256,0.00035916497653204997,0.0028553506480127832,0.0028535757118511762,0.00062200422937281111,0.021112762460400433,0.99988818646090249,5.014104108882747e-05,364
816,1.1580428954423592,0.0015447319959940938,0.001545177077571621,0.00028804567708623323,2.5904192225558824,2.5911001960244264,0.00026281248003795488,0.007399398780830649,0.0073967458973237012,0.00035865548766623383,0.0028564483757690397,0.0028546738210558846,0.00062163134017839303,0.021120760086844718,0.99988810370808245,5.0073595463427589e-05,364
817,1.1594638069705094,0.001544139109103706,0.0015445832784722615,0.00028756582746046504,2.5904188686823155,2.5911001960244264,0.00026294905274457461,0.0074022402598958714,0.0073995901170206798,0.00035814725319658952,0.0028575456847491289,0.00285577150909641,0.00062125966558166843,0.021129079824852272,0.99988802032353685,4.9945826390068725e-05,365
818,1.1608847184986595,0.0015435468970127822,0.001543990163493358,0.00028709151849316269,2.5904185196636953,2.5911001960244264,0.00026308375175033386,0.0074050806526036166,0.0074024332442233871,0.00035764029108880849,0.0028586425692960966,0.0028568687755035791,0.00062088738822271622,0.021137370104807669,0.99988793697695999,4.9878712643966407e-05,365
819,1.1623056300268098,0.0015429553565501097,0.0015433977308044269,0.00028662362622929337,2.5904181802372785,2.5911001960244264,0.00026321474877517755,0.0074079199579854399,0.0074052752777053242,0.00035713463455948184,0.0028597390237999664,0.0028579656198040419,0.00062051271143213904,0.021145631084391162,0.9998878543392864,4.9811807805473373e-05,365
820,1.1637265415549598,0.0015423644845549264,0.0015428059785943026,0.00028616303378497664,2.5904178549802794,2.5911001960244264,0.00026334027730534051,0.0074107581752479376,0.0074081162163058007,0.00035663033151690668,0.0028608350428870693,0.002859062041549845,0.0006201339150594679,0.021153862946835963,0.99988777306200594,4.9745184169551387e-05,365
821,1.1651474530831099,0.0015417736403689247,0.0015422147456468154,0.00028602065901378896,2.5904121830827842,2.5911001960244264,0.00026552926926479164,0.0074136068859203151,0.0074109552928330056,0.00035779369629632227,0.0028619410201729243,0.0028601577446537084,0.00062348852001232915,0.021162114571157409,0.99988790050114107,4.986606231167983e-05,365
822,1.1665683646112601,0.001541184096052041,0.001541624349081879,0.00028557737175087511,2.5904118981919355,2.5911001960244264,0.00026563921902633567,0.0074164429318230559,0.0074137940380771504,0.000357292599754024,0.0028630361592299701,0.0028612533199033649,0.00062309733787062175,0.021170288748639646,0.99988782384340014,4.9800396399065805e-05,365
823,1.1679892761394102,0.0015405952113783537,0.0015410346278280401,0.00028514378700611692,2.5904116388783622,2.5911001960244264,0.00026573929758511884,0.0074192778889107568,0.0074166316860777839,0.0003567930760186239,0.0028641308499228616,0.0028623484716867611,0.00062269784889265047,0.021178434503266459,0.99988775018873199,4.9735228828019972e-05,365
824,1.1694101876675602,0.0015400069837805789,0.0015404455802950749,0.00028472055105766556,2.5904114077826201,2.5911001960244264,0.00026582848585443114,0.0074221117576666442,0.0074194682366346123,0.00035629521519872653,0.0028652250894848925,0.0028634431999265955,0.00062228912322852172,0.021186552107454109,0.99988767992356209,4.9610970834963976e-05,366
825,1.1708310991957105,0.0015394194109561942,0.0015398572049759465,0.00028430819321274711,2.5904112068052503,2.5911001960244264,0.00026590605034621179,0.0074249445389988396,0.0074223036899248923,0.00035579911362722656,0.0028663188761277832,0.0028645375046912778,0.00062187052310820232,0.021194641849116558,0.99988761333136211,4.9547104368244263e-05,366
826,1.1722520107238605,0.0015388324908821233,0.0015392695004536299,0.00028390712047359233,2.5904110370457798,2.5911001960244264,0.00026597156671286613,0.0074277762342565392,0.0074251380465378868,0.00035530487138652991,0.002867412209117016,0.0028656313862082273,0.00062144172392844196,0.021202704027786401,0.99988755058357126,4.9483919037699594e-05,366
827,1.1736729222520108,0.0015382455836057917,0.0015386823057985562,0.00028382869622839256,2.5904055162122477,2.5911001960244264,0.00026810225758332494,0.0074306184919325658,0.007427970536997083,0.00035648430783266551,0.0028685155453180909,0.0028667245475084125,0.00062475406339093154,0.021210787023033129,0.99988769916958897,4.9609564112791058e-05,366
828,1.1750938337801609,0.0015376599641084389,0.0015380959389679708,0.00028345101790230745,2.5904054085799384,2.5911001960244264,0.00026814379681420943,0.0074334480268271105,0.0074308027030395045,0.00035599435125951599,0.0028696079780431475,0.0028678175836043406,0.00062430555173481617,0.021218794901344828,0.9998876442688438,4.9548013154904907e-05,366
829,1.1765147453083109,0.0015370749932024281,0.0015375102392524375,0.00028308497654038552,2.5904053304623553,2.5911001960244264,0.00026817394523656249,0.007436276482211979,0.0074336337768023475,0.00035550653811846565,0.0028706999614167314,0.002868910198149771,0.00062384778307617212,0.021226776141283252,0.99988759301427177,4.9487241264234247e-05,366
830,1.1779356568364612,0.0015364906701322365,0.0015369252056091382,0.00028273039918648776,2.5904052796489037,2.5911001960244264,0.00026819355599949109,0.0074391038610890758,0.007436463760608302,0.00035502095697133459,0.002871791499011055,0.0028700023920411131,0.00062338169992586553,0.021234731044412723,0.9998875451084126,4.9427256790485292e-05,366
831,1.1793565683646112,0.0015359069944491609,0.0015363408370784749,0.00028238696703458596,2.5904052531994108,2.5911001960244264,0.00026820376382273884,0.007441930166786891,0.0074392926571676728,0.00035453768802561102,0.0028728825953372966,0.0028710941663243738,0.00062290851825747852,0.02124265990150468,0.99988750014943772,4.9309103056451758e-05,367
832,1.1807774798927615,0.0015353239659683486,0.0015357571327748172,0.00028205423710839792,2.5904052475316339,2.5911001960244264,0.00026820595122441601,0.0074447554029013364,0.0074421204695350679,0.00035405680102260659,0.0028739732557272087,0.002872185522178437,0.00062242969159449378,0.021250562988406333,0.99988745764298481,4.9250797722016696e-05,367
833,1.1821983914209115,0.0015347409459844964,0.0015351739321382153,0.00028204371156550812,2.5903998597091178,2.5911001960244264,0.00027028530829613433,0.007447591282025429,0.0074449464263989145,0.0003552551590077485,0.0028750739983678568,0.0028732761619260556,0.00062570958741260836,0.021258488040467635,0.99988762509605933,4.9382219697271913e-05,367
834,1.1836193029490616,0.0015341592121984077,0.0015345915538477288,0.00028173076297539006,2.5903998828683061,2.5911001960244264,0.00027027637032130017,0.007450414395873706,0.0074477720799546983,0.00035477937437416703,0.0028761638097450758,0.0028743666846160385,0.0006252247281656059,0.021266627192155732,0.9998875858234656,4.9325538602996661e-05,367
835,1.1850402144772119,0.0015335781263397872,0.0015340098374495321,0.00028142655881698811,2.5903999134069968,2.5911001960244264,0.0002702645843275612,0.0074532364517283832,0.0074505966599704579,0.00035430608827720052,0.0028772532044774473,0.0028754567929878002,0.00062473951757088873,0.021274873983632751,0.9998875471218297,4.9269546008750364e-05,367
836,1.1864611260053619,0.0015329976889046088,0.0015334287822234265,0.00028113031646152949,2.5903999463953551,2.5911001960244264,0.00027025185291782339,0.0074560574535266792,0.0074534201702562966,0.0003538353145455285,0.0028783421895534241,0.0028765464885117981,0.00062425587377000556,0.02128309373641939,0.99988750829505568,4.9214191231204029e-05,367
837,1.187882037533512,0.0015324179004404773,0.0015328483874520577,0.0002808412202435654,2.5903999769274213,2.5911001960244264,0.00027024006948071224,0.0074588774050898792,0.0074562426146255441,0.00035336705100862971,0.0028794307718984606,0.002877635772659736,0.0006237756896751085,0.021291286622207126,0.99988746864661882,4.9159418272232342e-05,367
838,1.1893029490616622,0.0015318387614714768,0.0015322686524047481,0.00028055845989972923,2.5904000002725742,2.5911001960244264,0.0002702310597353702,0.0074616963100439743,0.0074590639968161055,0.0003529012794356501,0.0028805189581758875,0.0028787246468742066,0.00062330077439994057,0.021299452783761469,0.99988742750065229,4.910511442765611e-05,367
839,1.1907238605898123,0.0015312596333382459,0.0015316894164961691,0.00028059419441988211,2.5903945983073875,2.5911001960244264,0.00027231587497910823,0.0074645259397458901,0.0074618835417962111,0.00035411943041970358,0.0028816173198567322,0.0028798128120422046,0.0006266059401437155,0.021307641727226614,0.99988759289093332,4.9182814542219865e-05,368
840,1.1921447721179625,0.0015306817945486455,0.0015311109985569268,0.00028032194183560472,2.5903945946635907,2.5911001960244264,0.00027231728125310154,0.0074673427663332227,0.0074647028094899015,0.00035365866675428749,0.0028827047360724558,0.0028809008701952687,0.00062614645850859563,0.021315754652412939,0.99988754700762084,4.9129621325038935e-05,368
841,1.1935656836461126,0.0015301046062127369,0.0015305332379174409,0.00028005383619580828,2.5903945720994384,2.5911001960244264,0.00027232598958184894,0.0074701585553405402,0.0074675210250197202,0.00035320025373655474,0.0028837917728055606,0.0028819885222799478,0.00062569663677430616,0.021323841118383643,0.99988749792249221,4.9076750606308156e-05,368
842,1.1949865951742626,0.0015295280682651507,0.0015299561336477082,0.00027978931757792832,2.5903945279268012,2.5911001960244264,0.00027234303741240811,0.0074729733089903922,0.0074703381911047188,0.00035274412192090138,0.0028848784339315751,0.0028830757693456234,0.00062525744384474833,0.021331901165961321,0.99988744523368589,4.9024135747116513e-05,368
843,1.1964075067024129,0.001528952180392808,0.0015293796847393182,0.00027952793591805953,2.5903944602326701,2.5911001960244264,0.00027236916304479133,0.0074757870290422454,0.007473154310067124,0.00035229019312164948,0.0028859647222881906,0.0028841626122885267,0.00062482954046544522,0.021339934817565367,0.9998873886455234,4.8971723522751229e-05,368
844,1.197828418230563,0.0015283769419826025,0.0015288038900983648,0.0002792693808064864,2.5903943679417196,2.5911001960244264,0.00027240478148616968,0.0074785997167766656,0.0074759693837962264,0.00035183838314537929,0.0028870506395977944,0.0028852490518378043,0.00062441325778878401,0.021347942081247715,0.99988732797797053,4.8919457630564767e-05,368
845,1.1992493297587132,0.0015278017126490238,0.0015282285886284411,0.00027932730914316783,2.59038882228616,2.5911001960244264,0.00027454505208171308,0.0074814232001876278,0.0074787826311515093,0.00035307471367327834,0.002888146804766113,0.002886334786522862,0.00062779212297611568,0.021355971724011328,0.99988747242740039,4.9057811421648563e-05,368
846,1.2006702412868633,0.0015272277699993533,0.0015276540988576576,0.00027907420837157258,2.5903886810847996,2.5911001960244264,0.00027459954683286105,0.0074842338306788389,0.0074815956175527162,0.00035262706793898478,0.0028892319848867628,0.0028874204204962311,0.00062739889822500147,0.021363926100929319,0.9998874036569122,4.8948036940990529e-05,369
847,1.2020911528150133,0.0015266544730767335,0.0015270802595278351,0.000278823885283696,2.5903885172826073,2.5911001960244264,0.00027466276406873093,0.00748704342998465,0.0074844075616190995,0.00035218129743060388,0.0028903167922620255,0.002888505652194603,0.00062701627952379201,0.021371854074312666,0.99988733100446292,4.8896204212323633e-05,369
848,1.2035120643431636,0.0015260818199819585,0.0015265070691866884,0.00027857663637051899,2.5903883332612345,2.5911001960244264,0.0002747337846232772,0.007489851997612167,0.0074872184634117208,0.00035173732585948222,0.0028914012240715387,0.002889590481641544,0.00062664327055994551,0.021379755641125181,0.99988725477616003,4.8844371922925483e-05,369
849,1.2049329758713136,0.0015255098085230883,0.0015259345263023375,0.00027833289825243484,2.5903881321640885,2.5911001960244264,0.00027481139534105451,0.0074926595327242003,0.0074900283225795544,0.00035129508612322016,0.002892485276507427,0.0028906749087015795,0.00062627858995762222,0.02138763080741006,0.99988717538707272,4.8792549086574246e-05,369
850,1.2063538873994637,0.0015249384362174992,0.0015253626292725739,0.00027809325266936284,2.5903879178052946,2.5911001960244264,0.00027489412421203961,0.0074954660342044874,0.0074928371384035573,0.00035085452310928782,0.0028935689448995805,0.0028917589330972062,0.00062592070924655859,0.02139547959265143,0.99988709334927284,4.8740751652108167e-05,369
851,1.207774798927614,0.0015243670603615604,0.001524791216394661,0.0002781731876076661,2.5903822496848394,2.5911001960244264,0.00027708165847409262,0.0074982833903767601,0.0074956441231109928,0.00035210679995195242,0.0028946628982224705,0.002892842250798213,0.000629362843326525,0.021403382933574931,0.99988721915270262,4.8880308198129506e-05,369
852,1.209195710455764,0.0015237969578817949,0.0015242206060152382,0.00027794410584093218,2.5903820220452918,2.5911001960244264,0.00027716951287200649,0.0075010878266311481,0.0074984508481656265,0.00035166976738490972,0.0028957457868351412,0.0028939254682897402,0.00062901362365659142,0.021411594642508646,0.99988713378289851,4.8828742401340836e-05,369
853,1.2106166219839143,0.0015232274858354834,0.0015236506363850199,0.00027772150611926589,2.5903817953655612,2.5911001960244264,0.00027725699684151469,0.007503891225097827,0.0075012565261050193,0.00035123435435632983,0.0028968282739335956,0.0028950082816613333,0.00062866565314897462,0.021419777949092805,0.9998870477224947,4.8720060221512924e-05,370
854,1.2120375335120643,0.0015226586410393012,0.0015230813057531564,0.00027750633683096303,2.5903815748753822,2.5911001960244264,0.00027734209203750211,0.0075066935843266271,0.0075040611553801066,0.00035080057211862246,0.0028979103531060896,0.0028960906903151519,0.00062831692288603557,0.021427932972021741,0.99988696169885216,4.8668808473576628e-05,370
855,1.2134584450402144,0.0015220904202794627,0.0015225126123712227,0.00027729956936278939,2.5903813657830597,2.5911001960244264,0.0002774227883852883,0.0075094949029970437,0.0075068647344279857,0.00035036845102530368,0.0028989920180061825,0.0028971726936480144,0.00062796545133705093,0.021436059857913182,0.99988687644134333,4.8617737186719226e-05,370
856,1.2148793565683647,0.0015215221797938501,0.0015219443943281759,0.00027741784515862648,2.590375710810549,2.5911001960244264,0.00027960524837636905,0.0075123071291967299,0.0075096664713763224,0.00035163450074281297,0.0029000839908455093,0.002898253986047527,0.00063141629642954583,0.021444209016447134,0.99988700313175771,4.8758939315960682e-05,370
857,1.2163002680965147,0.001520955197417235,0.0015213769702593538,0.00027723098900792124,2.590375538815584,2.5911001960244264,0.00027967162750180806,0.0075151063701699187,0.007512467944877442,0.00035120619639725405,0.0029011648147380608,0.0028993351767731567,0.0006310543118855181,0.021452280081840591,0.9998869216168994,4.8708549963911409e-05,370
858,1.217721179624665,0.0015203888297284204,0.0015208101783750246,0.00027705538310799027,2.5903753921634736,2.5911001960244264,0.00027972822589606561,0.0075179045681990986,0.0075152683641972985,0.00035077975583134137,0.0029022452077573854,0.0029004159606518171,0.00063068440195632766,0.021460323617260708,0.99988684285080021,4.8658499873630275e-05,370
859,1.219142091152815,0.001519823073915325,0.0015202440170982406,0.00027689185300596103,2.5903752744803192,2.5911001960244264,0.00027977364411436268,0.0075207017232107667,0.0075180677285199924,0.00035035527556930772,0.0029033251657791435,0.0029014963373686221,0.00063030526248394338,0.021468339875841912,0.99988676735769499,4.8608852921771648e-05,370
860,1.2205630026809651,0.0015192579273818128,0.0015196784849296544,0.00027674113439924179,2.5903751886732591,2.5911001960244264,0.00027980676018615937,0.0075234978355905547,0.0075208660373904494,0.00034993286504787584,0.0029044046856563457,0.0029025763067479422,0.00062991587995563623,0.021476329131930132,0.99988669556452026,4.850302973512834e-05,371
861,1.2219839142091153,0.001518693387817954,0.0015191135804576868,0.00027660383340542225,2.5903751368378227,2.5911001960244264,0.000279826765370238,0.0075262929062165996,0.0075236632907661931,0.0003495126441442121,0.0029054837653376547,0.0029036558687733846,0.00062951556481873993,0.021484291677455636,0.99988662778733683,4.8454463293104029e-05,371
862,1.2234048257372654,0.0015181288119228212,0.0015185491420016341,0.00027679715274730451,2.5903696396851754,2.5911001960244264,0.00028194831692418369,0.0075290989524438466,0.0075264586942343373,0.00035079687762477727,0.0029065731921406042,0.0029047347168520629,0.00063292364630587218,0.021492277457136999,0.99988677540466131,4.8599410311869781e-05,371
863,1.2248257372654157,0.0015175654804543027,0.0015179854890428864,0.00027668814465976884,2.590369658147595,2.5911001960244264,0.00028194119160358767,0.0075318919505171595,0.0075292538375794447,0.00035038172369056074,0.002907651395169332,0.0029058134645397809,0.00063250124344858241,0.021500187408878997,0.99988671623661896,4.8552200551935768e-05,371
864,1.2262466487935657,0.0015170027509170058,0.0015174224601367918,0.00027659352013817483,2.590369711481193,2.5911001960244264,0.00028192060822434812,0.0075346839124507447,0.0075320479281127265,0.00034996914028913572,0.0029087291590289464,0.0029068918059090452,0.00063206794149208302,0.021508071587400149,0.99988666128068238,4.850557655379197e-05,371
865,1.2276675603217158,0.001516440622328511,0.0015168600542717697,0.00027651327627588589,2.5903697981162357,2.5911001960244264,0.00028188717260390077,0.0075374748411207414,0.0075348409677020323,0.00034955925811826531,0.0029098064865495771,0.0029079697416807266,0.00063162447756037895,0.021515930309334307,0.99988661034259674,4.8459723221070716e-05,371
866,1.229088471849866,0.0015158790940326781,0.0015162982705339274,0.00027644725935205392,2.5903699155952165,2.5911001960244264,0.00028184183318362443,0.0075402647398422852,0.00753763295868593,0.00034915220345433528,0.0029108833817310911,0.0029090472727573645,0.00063117192729089764,0.021523763884992886,0.99988656310294677,4.8414605170708882e-05,371
867,1.2305093833780161,0.0015153181657167607,0.0015157371081003879,0.00027639514886074136,2.5903700606401108,2.5911001960244264,0.00028178585507265054,0.0075430536123139574,0.007540423903842311,0.00034874809495875344,0.0029119598496478842,0.0029101244002110471,0.0006307116756603166,0.021531572613420116,0.99988651912571835,4.8370244059126607e-05,371
868,1.2319302949061661,0.0015147571954734495,0.001515176405715875,0.00027667421485974439,2.5903647316381413,2.5911001960244264,0.0002838425111516609,0.0075458535429719885,0.0075432130072340588,0.00035005451064385064,0.0029130467423404143,0.0029112008168606339,0.00063407699980345901,0.021539405825510779,0.99988668972145334,4.8464221888574011e-05,372
869,1.2333512064343164,0.001514197467219688,0.0015146164837133557,0.00027664857617318989,2.5903649190875488,2.5911001960244264,0.00028377016759356959,0.0075486403809045541,0.0075460018698799468,0.00034965682093705548,0.0029141223791602105,0.0029122771405976191,0.00063360678723481162,0.021547308083610623,0.99988665066820415,4.8421599062343896e-05,372
870,1.2347721179624664,0.0015136383396393723,0.0015140571809889745,0.00027663509335141157,2.5903651204248899,2.5911001960244264,0.00028369246417579729,0.0075514262051576009,0.0075487896971674654,0.0003492623448133417,0.0029151976088679587,0.0029133530647520748,0.00063313442445425239,0.021555453247804245,0.99988661300437154,4.8379740383644745e-05,372
871,1.2361930294906167,0.001513079813386083,0.0015134984969683682,0.00027663296866425939,2.5903653302224567,2.5911001960244264,0.00028361149564852978,0.0075542110201962777,0.0075515764930708723,0.00034887114337288648,0.0029162724392808072,0.0029144285908578129,0.00063266206925713375,0.021563572518299094,0.99988657597809139,4.8338631484023469e-05,372
872,1.2376139410187668,0.0015125218892148319,0.0015129404311012902,0.0002766413520680686,2.5903655428870667,2.5911001960244264,0.00028352942062485903,0.0075569948304444997,0.0075543622616763787,0.00034848325734603583,0.0029173468783953655,0.0029155037204918505,0.00063219192298065137,0.021571666092856961,0.99988653880841716,4.8298248396014644e-05,372
873,1.2390348525469168,0.0015119645679601359,0.0015123829828442225,0.00027665934411646173,2.5903657528292365,2.5911001960244264,0.0002834483962900251,0.0075597776401864838,0.0075571470070957278,0.00034809870554139205,0.0029184209341594253,0.0029165784552410592,0.00063172616359938858,0.02157973413707117,0.99988650070824359,4.8258558591264455e-05,372
874,1.2404557640750671,0.0015114072081323523,0.0015118259910219744,0.0002770046897652811,2.5903604413589241,2.5911001960244264,0.00028549828626364053,0.0075625715952766454,0.0075599299301892867,0.00034942983754514555,0.0029195055153441343,0.0029176524866883296,0.00063510944646735833,0.021587827796951408,0.99988667336928727,4.8413876835013219e-05,372
875,1.2418766756032171,0.0015108510950373904,0.0015112697762738544,0.00027703937644826484,2.5903606300059949,2.5911001960244264,0.00028542548048363141,0.0075653524211791541,0.0075627126405451699,0.00034905208745229246,0.0029205788312037639,0.0029187264360323777,0.00063465871570487261,0.021595845042457103,0.99988663124242771,4.8319816855229165e-05,373
876,1.2432975871313674,0.001510295587080709,0.0015107141773710692,0.00027708106313579101,2.590360800871355,2.5911001960244264,0.00028535953731387471,0.0075681322576553857,0.0075654943393298158,0.00034867758896552922,0.0029216517849982868,0.0029197999949742183,0.00063421810646480516,0.021603837060356134,0.99988658601766445,4.8282120154938045e-05,373
877,1.2447184986595174,0.0015097406847356487,0.0015101591936256113,0.00027712898860537928,2.5903609500246496,2.5911001960244264,0.00028530197362149691,0.0075709111075511022,0.0075682750298973417,0.00034830627102570025,0.0029227243822831169,0.0029208731648083263,0.00063378906591858911,0.021611803890742395,0.99988653711028708,4.8244902306758174e-05,373
878,1.2461394101876675,0.0015091863882243102,0.0015096048242755765,0.00027718250798989679,2.5903610743124972,2.5911001960244264,0.0002852540064113674,0.0075736889731726712,0.0075710547152211191,0.00034793804174418336,0.0029237966275349431,0.0029219459466822357,0.00063337272026157195,0.021619745547572379,0.99988648403646252,4.8208122387642924e-05,373
879,1.2475603217158178,0.0015086326975126227,0.0015090510684735734,0.00027724108858277876,2.590361171464632,2.5911001960244264,0.00028521651186178167,0.0075764658562467923,0.0075738333978342511,0.00034757279098507723,0.0029248685240147172,0.0029230183415735619,0.00063296983629577118,0.021627662022400972,0.99988642642876768,4.8171702456688361e-05,373
880,1.2489812332439678,0.0015080789695115816,0.0015084977645535547,0.00027762390625552679,2.5903557113284448,2.5911001960244264,0.00028732377741467802,0.0075792539609649849,0.007576610272526439,0.00034892760000235559,0.0029259510297441043,0.0029240900387223056,0.00063643424010700997,0.021635603680182358,0.99988657711580919,4.8330566299766954e-05,373
881,1.2504021447721179,0.0015075264888644393,0.0015079452328962677,0.00027769180384896476,2.5903557511966322,2.5911001960244264,0.00028730839082813104,0.007582028887437595,0.0075793869546189347,0.00034856814073204836,0.0029270222377505584,0.0029251616615398085,0.00063605927672746377,0.021643469598738894,0.99988650997197093,4.8294829053750722e-05,373
882,1.2518230563002681,0.0015069746118607271,0.0015073933116528701,0.00027776413024137753,2.5903557630302703,2.5911001960244264,0.00028730382379591531,0.0075848028330587885,0.0075821626385446017,0.0003482112742827679,0.0029280930987587105,0.0029262328991283529,0.00063569773646920491,0.021651310223059564,0.99988643799738219,4.8203958410053115e-05,374
883,1.2532439678284182,0.001506423337062767,0.0015068419995707813,0.00027784101328041781,2.5903557486018198,2.5911001960244264,0.00028730939226079234,0.0075875757972285783,0.0075849373247404922,0.00034785686092355072,0.0029291636105674198,0.0029273037516566141,0.00063534879486049946,0.021659125503933736,0.99988636137633091,4.8168642152035651e-05,374
884,1.2546648793565685,0.0015058726626348811,0.0015062912952953545,0.00027792277747396964,2.5903557106723953,2.5911001960244264,0.00028732403060806593,0.0075903477788552675,0.0075877110131110769,0.00034750476654084767,0.0029302337696643956,0.0029283742190877233,0.00063501125114110433,0.02166691539581677,0.99988628043265948,4.8133442118899991e-05,374
885,1.2560857908847185,0.0015053225864019751,0.0015057411973757814,0.0002780099093628473,2.5903556529194938,2.5911001960244264,0.00028734631955762516,0.0075931187764307888,0.0075904837030561128,0.00034715486888077317,0.0029313035713350276,0.002929444301190025,0.00063468356242421845,0.02167467986250662,0.99988619562216596,4.809832393510705e-05,374
886,1.2575067024128685,0.0015047724625180869,0.0015051915434025093,0.00027842362406253518,2.5903500338764922,2.5911001960244264,0.00028951491304165193,0.0075959010559529709,0.0075932545819638458,0.00034852960091858874,0.0029323840240176374,0.0029305136843470266,0.00063822929085811985,0.021682468681810781,0.9998863212521677,4.8258915841796827e-05,374
887,1.2589276139410188,0.0015042235746412034,0.0015046426534712264,0.00027852382694069304,2.5903499502023886,2.5911001960244264,0.00028954720592780673,0.0075986700861591762,0.0075960252707061061,0.0003481841303595648,0.0029334530979358516,0.0029315829941122425,0.00063791604309516847,0.021690390866859772,0.99988623066417459,4.8224040951350388e-05,374
888,1.2603485254691689,0.001503675276484519,0.0015040943650679905,0.00027863184199386558,2.5903498620460326,2.5911001960244264,0.00028958122867850085,0.0076014381263616012,0.0075987949566895191,0.00034784063619918353,0.002934521794811715,0.0029326519168762725,0.00063760650375248036,0.021698483007719021,0.99988613823564332,4.8189212495566318e-05,374
889,1.2617694369973191,0.0015031275647539686,0.0015035466764734271,0.00027874872527507117,2.590349775498582,2.5911001960244264,0.00028961463049394297,0.0076042051743817072,0.0076015636378653365,0.00034749909916066452,0.0029355901069067305,0.0029337204518484301,0.00063729830056657207,0.021706547683651073,0.99988604479792076,4.8154454943095362e-05,374
890,1.2631903485254692,0.0015025804359780381,0.0015029995859416443,0.00027887563478175222,2.5903496968379107,2.5911001960244264,0.00028964498851384145,0.0076069712281585386,0.0076043313120253133,0.00034715953644084334,0.0029366580263060671,0.0029347885981764739,0.00063698902563367066,0.021714584987315683,0.99988595122255564,4.8064882362150568e-05,375
891,1.2646112600536192,0.0015020338866256579,0.001502453091719698,0.00027901376512209285,2.5903496323380839,2.5911001960244264,0.00028966988134774727,0.0076097362858616813,0.0076070979768997965,0.00034682200359407761,0.0029377255451778655,0.0029358563549844612,0.00063667631089333416,0.021722595046210245,0.99988585839544608,4.8030375172256434e-05,375
892,1.2660321715817695,0.0015014872690220812,0.0015019070309977623,0.00027948599148793011,2.5903440232128587,2.5911001960244264,0.00029183464720040984,0.0076125126826659282,0.0076098628141502743,0.00034821501784848948,0.0029388037320324605,0.0029369234064457366,0.00064023650824435163,0.02173062984066753,0.99988598165281328,4.8192412914294928e-05,375
893,1.2674530831099196,0.001500941867717862,0.0015013617241700368,0.0002796504302831406,2.5903440042417465,2.5911001960244264,0.00029184196884403667,0.0076152757510750367,0.0076126274531178213,0.00034788224874064336,0.0029398704336585611,0.0029379903813824019,0.0006399109704622629,0.021738585838604836,0.99988589303319064,4.8158374955383293e-05,375
894,1.2688739946380696,0.0015003970353760199,0.0015008170085525371,0.00027982970217152784,2.5903440163172715,2.5911001960244264,0.00029183730845882931,0.0076180378203125933,0.0076153910766441702,0.00034755190400404489,0.0029409367143223178,0.0029390569644233006,0.00063957586456173414,0.021746515188931812,0.99988580763709867,4.8124616587252591e-05,375
895,1.2702949061662199,0.0014998527688284973,0.0015002728825641942,0.00028002488119289901,2.590344063839463,2.5911001960244264,0.00029181896791314601,0.0076207988903819078,0.0076181536832309188,0.00034722417805925932,0.0029420025689893092,0.0029401231549901446,0.00063922968531938268,0.021754418157996183,0.99988572614094795,4.8091160007496413e-05,375
896,1.2717158176943699,0.0014993090651388564,0.0014997293447128266,0.00028023694772117606,2.5903441503318305,2.5911001960244264,0.00029178558735626012,0.007623558961903921,0.0076209152718080602,0.00034689928985833472,0.0029430679938522151,0.0029411889526699789,0.00063887129064946245,0.021762295041185653,0.99988564910723843,4.8058084711335785e-05,375
897,1.2731367292225202,0.0014987659217199649,0.0014991863936098344,0.00028046671958987054,2.5903442783216475,2.5911001960244264,0.00029173619142121933,0.0076263180361406998,0.0076236758418103496,0.00034657747590206367,0.002944132986477764,0.0029422543572446553,0.00063849994086436152,0.02177014615855815,0.9998855769647359,4.7970941327069505e-05,376
898,1.2745576407506702,0.0014982226913796569,0.0014986438667008572,0.0002810376304595062,2.5903388649969847,2.5911001960244264,0.00029382539070075956,0.0076290885216826155,0.0076264345724971778,0.00034799343785214468,0.0029452086847685452,0.00294331905196046,0.00064200746664773792,0.021778023078866039,0.99988572520395691,4.8136053540775046e-05,376
899,1.2759785522788203,0.0014976806620501254,0.001498102085362619,0.00028130480333159256,2.5903390786085172,2.5911001960244264,0.00029374295022516921,0.0076318456144084546,0.0076291931051880278,0.00034767886771971094,0.0029462728171124773,0.0029443836702624008,0.00064161028644346306,0.021785823600291972,0.99988566364576892,4.8104734904388645e-05,376
900,1.2773994638069706,0.0014971391875346306,0.0014975608873318369,0.00028159108639491773,2.5903393346217465,2.5911001960244264,0.00029364414538941814,0.0076346017173122603,0.0076319506211829568,0.00034736809249593867,0.0029473365189148473,0.0029454478961843319,0.00064120052266482209,0.02179359940808084,0.99988560732202225,4.8074076735927007e-05,376
901,1.2788203753351206,0.0014965982669125654,0.0014970202717190257,0.0002818965209974654,2.5903396310161408,2.5911001960244264,0.00029352975599034509,0.0076373568340237057,0.0076347071223883773,0.00034706133357207422,0.0029483997938246098,0.0029465117304620066,0.00064077917731795943,0.021801350861964081,0.99988555601058227,4.8044143226772513e-05,376
902,1.2802412868632709,0.0014960578996810708,0.0014964802377620515,0.00028222095442587592,2.5903399646652554,2.5911001960244264,0.000293400988636975,0.0076401109686259896,0.0076374626113475622,0.00034675878798968161,0.0029494626469283953,0.0029475751740769668,0.00064034765526193682,0.021809078314610909,0.99988550932237574,4.8014992268190104e-05,376
903,1.2816621983914209,0.0014955180858077137,0.0014959407848191956,0.00028256399970601442,2.5903403314207676,2.5911001960244264,0.0002932594443181775,0.0076428641255681393,0.0076402170912075445,0.00034646062134033561,0.0029505250846231963,0.0029486382282437676,0.00063990772464228595,0.021816782104662452,0.9998854667103545,4.7986673593197087e-05,376
904,1.283083109919571,0.001494978179967358,0.001495401750895964,0.00028324891846108035,2.5903351235834267,2.5911001960244264,0.00029526933855110465,0.0076456287841470223,0.007642969740434968,0.00034790713588550137,0.0029515983142637489,0.0029497005759027456,0.00064336644081999913,0.021824513195367091,0.9998856434040776,4.8102856326084377e-05,377
905,1.2845040214477212,0.0014944394741173554,0.0014948634584502512,0.00028362746476884884,2.5903355403261221,2.5911001960244264,0.00029510850235646299,0.0076483800062651626,0.007645722212921308,0.00034761835047616502,0.0029526599497230522,0.0029507628553508978,0.00064291658298269467,0.021832390799111211,0.99988560686483419,4.8076468173768462e-05,377
906,1.2859249329758713,0.0014939013237317701,0.0014943257456905773,0.00028402238269080975,2.5903359729572513,2.5911001960244264,0.00029494153423619988,0.0076511302651532213,0.0076484736887518102,0.00034733418843004493,0.002953721194868141,0.0029518247501532386,0.00064246521234160962,0.021840423902712562,0.99988557197771544,4.8050986874455801e-05,377
907,1.2873458445040213,0.0014933637301094882,0.0014937886123135252,0.00028443261686066014,2.5903364146889807,2.5911001960244264,0.0002947710538626139,0.0076538795656836611,0.0076512241727750918,0.00034705464754486881,0.0029547820593035425,0.0029528862621810256,0.00064201494883065206,0.021848432513595886,0.99988553775292177,4.8026415300707334e-05,377
908,1.2887667560321716,0.0014928266946810926,0.0014932520580494665,0.00028485704478418934,2.5903368585513373,2.5911001960244264,0.00029459975120232765,0.0076566279125619688,0.0076539736700085058,0.00034677968175712051,0.0029558425527882841,0.0029539473933706387,0.00064156843886202161,0.021856416827847076,0.99988550315749158,4.8002735481263544e-05,377
909,1.2901876675603217,0.0014922902190019917,0.0014927160826383177,0.00028529446508893119,2.5903372976101968,2.5911001960244264,0.0002944303023866604,0.0076593753102235746,0.0076567221855143803,0.00034650920392720937,0.0029569026849476285,0.0029550081456758146,0.00064112827390554173,0.021864376997294335,0.99988546714769921,4.797993187590772e-05,377
910,1.2916085790884719,0.0014917536583487095,0.0014921805241985269,0.00028606850370646006,2.5903321054065276,2.5911001960244264,0.00029643416301590269,0.0076621343025054097,0.0076594688947367118,0.00034798858841629315,0.0029579737233357234,0.00295606820087034,0.0006446138369955016,0.021872365797168569,0.99988564528156021,4.8156455499342926e-05,377
911,1.293029490616622,0.0014912183065637886,0.0014916457056006231,0.00028652852029792511,2.590332515114127,2.5911001960244264,0.00029627604192122983,0.0076648798194116092,0.0076622154607871584,0.00034772692546772163,0.0029590331645410026,0.002957128200809617,0.00064419382658621228,0.021880277850278313,0.99988560354809253,4.8135350940219714e-05,377
912,1.294450402144772,0.0014906835187601063,0.0014911114648844075,0.00028699807786292331,2.590332901596677,2.5911001960244264,0.00029612688421958776,0.0076676243979203014,0.0076649610592915852,0.00034746929672756054,0.0029600922696823989,0.0029581878273376222,0.00064378682353336296,0.021888165947826225,0.99988555753725483,4.8060956234318342e-05,378
913,1.2958713136729223,0.0014901492959685577,0.001490577801583487,0.00028747618170220113,2.59033326017251,2.5911001960244264,0.00029598849673709049,0.0076703680405969723,0.0076677056942336093,0.00034721551263569594,0.0029611510451308279,0.0029592470819917787,0.00064339444672785896,0.021896030070613706,0.99988550649035624,4.8041243649477069e-05,378
914,1.2972922252010723,0.0014896156388423502,0.0014900447151256233,0.0002879620181310133,2.5903335871806901,2.5911001960244264,0.00029586229236236515,0.0076731107494038648,0.0076704493690451184,0.00034696537721592475,0.0029622094958646817,0.0029603059660965763,0.00064301791433247395,0.021903870165058164,0.99988544979313765,4.8021850176998842e-05,378
915,1.2987131367292226,0.0014890825476769612,0.0014895122048164064,0.00028845493045031646,2.5903338801122628,2.5911001960244264,0.00029574923939234659,0.0076758525256801161,0.0076731920865202056,0.00034671869671869753,0.0029632676253099279,0.0029613644807303585,0.00064265800172628995,0.021911686149020573,0.99988538699794405,4.8003482533602282e-05,378
916,1.3001340482573727,0.0014885493754661684,0.0014889801080793625,0.00028928030056071016,2.5903285008490973,2.5911001960244264,0.00029782529309873201,0.007678605975065751,0.0076759330149145421,0.00034822609134490168,0.0029643367520948562,0.0029624223048926742,0.00064624385220841225,0.021919529974364329,0.99988553507520195,4.8184325953167525e-05,378
917,1.3015549597855227,0.0014880174150414605,0.0014884487474070974,0.00028978650852997762,2.5903287228145784,2.5911001960244264,0.00029773962852989479,0.0076813458940870284,0.0076786738224849148,0.00034798607987347085,0.0029653942476230177,0.0029634800824246193,0.00064591802379594665,0.021927297313033927,0.99988545960529096,4.8166561969403039e-05,378
918,1.302975871313673,0.0014874860184984587,0.0014879179599628699,0.00029029924769638466,2.5903289108078815,2.5911001960244264,0.00029766707506267065,0.0076840848810516352,0.0076814136767125434,0.00034774905395213151,0.0029664514220532302,0.0029645374920268543,0.00064560830535063474,0.021935040195861899,0.99988537783724496,4.8149083037217723e-05,378
919,1.304396782841823,0.0014869551841423551,0.001487387744483485,0.00029081881488819515,2.5903290674948134,2.5911001960244264,0.00029760660386510214,0.0076868229349829091,0.0076841525774028986,0.00034751490852268156,0.0029675082719961411,0.0029655945336243025,0.00064531356196552414,0.021942758500788365,0.99988529010054839,4.8078008763729383e-05,379
920,1.3058176943699731,0.0014864249097162267,0.0014868580995671822,0.00029134579223234075,2.5903291967770117,2.5911001960244264,0.00029755670915301093,0.0076895600544441296,0.0076868905236264851,0.00034728357447518892,0.0029685647924641311,0.0029666512068582391,0.00064503221729207889,0.021950452116183967,0.99988519691493094,4.8060970716848033e-05,379
921,1.3072386058981234,0.0014858951925262403,0.0014863290236846606,0.00029188097083969054,2.5903293036855208,2.5911001960244264,0.00029751544926297631,0.0076922962376177661,0.0076896275137733287,0.00034705502180142696,0.0029696209770214027,0.0029677075111073157,0.0006447622978091119,0.021958120948836063,0.99988509897586075,4.8044070879301902e-05,379
922,1.3086595174262734,0.0014853653818388199,0.0014858003532602934,0.00029275226682984654,2.5903237386931139,2.5911001960244264,0.00029966318265261166,0.0076950441562016964,0.007692362707256279,0.00034858586983787198,0.0029706881967132212,0.0029687631219583151,0.00064844336709364851,0.021965816404466751,0.99988521508476191,4.8226959634846849e-05,379
923,1.3100804289544237,0.0014848367690684164,0.0014852724103876474,0.0002933073530379046,2.5903238190035824,2.5911001960244264,0.0002996321879158505,0.0076977784673993837,0.007695097777299085,0.00034836335779992524,0.0029717436912426189,0.0029698186851692641,0.00064818976423304943,0.021973629593766409,0.99988511045272399,4.8210382896969916e-05,379
924,1.3115013404825737,0.0014843087029439157,0.0014847450313677055,0.00029387431146201065,2.5903238971475302,2.5911001960244264,0.00029960202931840333,0.0077005118356657009,0.0076978318832212362,0.00034814380011417091,0.0029727988241723437,0.0029708738762909146,0.00064793995355749137,0.021981617638204113,0.99988500397924862,4.8193899854720588e-05,379
925,1.3129222520107238,0.0014837811794136773,0.0014842182143522842,0.00029445463906915148,2.5903239809316734,2.5911001960244264,0.00029956969396398233,0.0077032442586393388,0.0077005650216616667,0.00034792732353215613,0.0029738535856308904,0.0029719286940261083,0.00064769104610462721,0.021989578840143572,0.99988489680778536,4.8177516833148459e-05,379
926,1.314343163538874,0.0014832541942373502,0.0014836919574760772,0.00029504995057850645,2.5903240782964465,2.5911001960244264,0.00029953211734950704,0.0077059757340947211,0.0077032971891431781,0.00034771408732848114,0.0029749079656328703,0.0029729831370328675,0.00064744013379229061,0.021997513300945046,0.99988479010983022,4.8161254856255452e-05,379
927,1.3157640750670241,0.0014827277431942916,0.0014831662588848198,0.00029566185712580269,2.5903241970653923,2.5911001960244264,0.00029948628008471444,0.0077087062600513356,0.0077060283822184732,0.00034750427847391808,0.0029759619544088792,0.0029740372039807556,0.00064718438140160938,0.022005421170949436,0.9998846850469818,4.8091539230395332e-05,380
928,1.3171849865951744,0.0014822011735317693,0.0014826409545809092,0.00029662006015762128,2.5903186682803874,2.5911001960244264,0.00030162003971832867,0.0077114485825849031,0.0077087577543742446,0.00034906119719894772,0.002977026987843251,0.0029750905681694348,0.00065087755463111741,0.022013356206452055,0.99988480148289627,4.8276044234135076e-05,380
929,1.3186058981233244,0.0014816757781357017,0.0014821163671319012,0.00029727017794969679,2.5903188506263723,2.5911001960244264,0.00030154966575700602,0.0077141772128554139,0.0077114869882921868,0.00034885937917179994,0.0029780801737940587,0.0029761438790070972,0.00065060523471985072,0.022021211444768259,0.99988470308995081,4.8260525585726974e-05,380
930,1.3200268096514745,0.0014811509048624741,0.001481592332746858,0.00029794152860217004,2.5903190746807505,2.5911001960244264,0.00030146319500666394,0.007716904890190013,0.0077142152390788773,0.00034866166262905802,0.0029791329437440441,0.0029771968104185791,0.00065032090545358745,0.022029040828557903,0.99988460938516421,4.8245292172541338e-05,380
931,1.3214477211796247,0.0014806265503175477,0.0014810688498837414,0.00029863538499808577,2.5903193454365292,2.5911001960244264,0.00030135870048379613,0.007719631614504778,0.0077169425048083887,0.00034846828192820116,0.0029801852918655636,0.0029782493616605939,0.00065002287246030625,0.022036844686992015,0.99988452112789272,4.8230417458640732e-05,380
932,1.3228686327077748,0.0014801027114617333,0.0014805459171341885,0.0002993528720223768,2.5903196666833521,2.5911001960244264,0.00030123471962677879,0.0077223573863669272,0.0077196687842290721,0.00034827946807092485,0.0029812372139592491,0.0029793015322500862,0.00064970990287812821,0.022044623382243781,0.99988443890128598,4.8215965871901934e-05,380
933,1.324289544235925,0.001479579385800744,0.0014800235332385718,0.00030009484839471564,2.590320040874154,2.5911001960244264,0.00030109030575869544,0.0077250822070294841,0.0077223940768446058,0.00034809544269938413,0.0029822887076233658,0.0029803533219955056,0.00064938127086365505,0.02205237730228397,0.99988436309160877,4.8202010716982562e-05,380
934,1.3257104557640751,0.0014790559216761585,0.0014795015346407159,0.0003011912824176552,2.5903147708220855,2.5911001960244264,0.00030312421092245706,0.0077278189022508669,0.0077251175347196272,0.00034968626938020801,0.0029833512858355423,0.0029814044036476938,0.0006530084229655228,0.022060159839179409,0.99988451345710205,4.8336342346172508e-05,381
935,1.3271313672922251,0.0014785336167493493,0.0014789802452689035,0.0003019841008579459,2.5903152515600212,2.5911001960244264,0.00030293867663226654,0.0077305418347163252,0.0077278408546721297,0.0003495128969384222,0.0029844019294796627,0.0029824554320705544,0.00065264928628186729,0.022067865341380902,0.99988445092830269,4.8323769028091741e-05,381
936,1.3285522788203754,0.001478011820685353,0.0014784595019446366,0.00030280251754933284,2.5903157839325739,2.5911001960244264,0.00030273321466150782,0.0077332638237997374,0.0077305631913085499,0.00034934485681764913,0.002985452149026875,0.0029835060809959017,0.00065227553694935966,0.02207554730313676,0.99988439468200008,4.8311919719464825e-05,381
937,1.3299731903485255,0.0014774905332209794,0.0014779393040565325,0.00030364632317531835,2.5903163645934528,2.5911001960244264,0.00030250911646575844,0.0077359848734146301,0.0077332845474610296,0.00034918228302966781,0.0029865019497835681,0.0029845563515167621,0.00065188860174051862,0.022083206129650351,0.99988434424109951,4.8300867745520318e-05,381
938,1.3313941018766755,0.0014769697545644483,0.0014774196511425878,0.00030451509007038664,2.5903169888618671,2.5911001960244264,0.00030226818853280809,0.007738704988024701,0.0077360049267348836,0.00034902528054064008,0.0029875513388131431,0.0029856062450245575,0.00065149039389471276,0.022090842207973218,0.99988429892885533,4.829068281540624e-05,381
939,1.3328150134048258,0.0014764494854985709,0.0014769005428751658,0.00030540809181148356,2.590317650861012,2.5911001960244264,0.00030201269893582105,0.0077414241725548222,0.0077387243334326814,0.00034887392363583869,0.0029886003247445738,0.0029866557631798071,0.00065108325798364129,0.02209845589861606,0.99988425788884061,4.8281427261357121e-05,381
940,1.3342359249329758,0.001475929727174881,0.0014763819790416166,0.00030632442901336511,2.5903183436961701,2.5911001960244264,0.00030174530859746336,0.0077441424322872137,0.007741442772455101,0.00034872825537357816,0.0029896489175291726,0.0029877049078738606,0.00065066990056102038,0.02210604752796097,0.99988422011087397,4.8273154853331123e-05,381
941,1.3356568364611261,0.0014754098304498706,0.0014758637967854538,0.00030759365232213586,2.5903133400715341,2.5911001960244264,0.00030367638970487656,0.0077468726773698947,0.0077441593952741975,0.00035036495986290333,0.0029907087137017781,0.0029887533516288587,0.00065424002681714231,0.022113784946020381,0.99988440496597353,4.8414532312739441e-05,382
942,1.3370777479892761,0.0014748910984684028,0.0014753463214859613,0.00030855332807556133,2.5903140703262553,2.5911001960244264,0.00030339455779337509,0.00774958911105129,0.0077468759146342072,0.00035023104112942344,0.0029917565594952018,0.0029898017554552247,0.00065382396555570764,0.022121722303500742,0.9998843703535254,4.8408469805965216e-05,382
943,1.3384986595174262,0.0014743728827194948,0.0014748293904281093,0.00030953255446179213,2.5903148069307504,2.5911001960244264,0.00030311027527264993,0.007752304636602465,0.0077495914833463821,0.00035010274566257105,0.0029928040467745798,0.002990849792391944,0.00065341107654653724,0.022129636508000729,0.99988433537852872,4.8403468881416357e-05,382
944,1.3399195710455765,0.0014738551852899941,0.0014743130036018086,0.00031052992864882785,2.5903155412818522,2.5911001960244264,0.00030282686241859196,0.0077550192594954834,0.0077523061073689172,0.00034998000452887853,0.0029938511875884466,0.0029918974647385019,0.00065300461428595164,0.022137527708314991,0.99988429876248486,4.8399535577798841e-05,382
945,1.3413404825737265,0.0014733380083365789,0.0014737971609747442,0.00031154398334003593,2.590316265023286,2.5911001960244264,0.00030254754422201854,0.0077577329849157018,0.0077550197925428995,0.00034986272703149246,0.002994897993603095,0.0029929447747491862,0.00065260771611547273,0.02214539599788496,0.99988425925843105,4.8396655801800718e-05,382
946,1.3427613941018768,0.0014728213538113327,0.0014732818624630154,0.0003125733530125978,2.5903169703177671,2.5911001960244264,0.00030227534537686292,0.0077604458176358613,0.0077577325444373197,0.00034975080450371291,0.0029959444757387543,0.0029939917245732734,0.00065222330090414975,0.022153241415864573,0.99988421569083841,4.839481009322034e-05,382
947,1.3441823056300268,0.0014723045720371238,0.0014727669449780087,0.00031394847804096666,2.5903119115389575,2.5911001960244264,0.00030422771249002663,0.0077631707364847228,0.0077604435097000058,0.00035142666541005605,0.0029970022922345533,0.0029950379848710596,0.00065585390683393831,0.02216111835930766,0.99988438821852355,4.8596551487474699e-05,382
948,1.3456032171581769,0.0014717889672864882,0.0014722527340682544,0.00031500487045089454,2.5903125592850684,2.5911001960244264,0.00030397772365826898,0.0077658818025581385,0.0077631544091492878,0.00035132541040744586,0.0029980481601423179,0.0029960842197690545,0.00065550239219070079,0.022168917849715752,0.99988433359267603,4.8596711569700928e-05,382
949,1.3470241286863271,0.001471273889301271,0.001471739066446939,0.00031607311124179816,2.5903131706225695,2.5911001960244264,0.00030374178623600941,0.0077685919867549521,0.007765864388980667,0.00035122912758499297,0.0029990937292295851,0.0029971300997529843,0.00065516991630182515,0.022176694296519583,0.99988427216764897,4.8544335841660276e-05,383
950,1.3484450402144772,0.0014707593386174753,0.001471225941573799,0.00031715248021292299,2.5903137420931528,2.5911001960244264,0.00030352123491029218,0.0077713012912452748,0.0077685734523420839,0.00035113768569293181,0.0030001390043838958,0.0029981756260377547,0.00065485768381614358,0.022184447564952244,0.99988420339506923,4.8546161748430648e-05,383
951,1.3498659517426272,0.0014702453153348687,0.0014707133587500366,0.00031824244498991476,2.5903142717491905,2.5911001960244264,0.00030331682134168215,0.0077740097173945154,0.0077712816015358208,0.00035105095897637622,0.0030011839884373846,0.0029992207995118998,0.00065456632129396765,0.022192177494371156,0.99988412694449014,4.8548707484959374e-05,383
952,1.3512868632707775,0.0014697318188798432,0.0014702013171097859,0.00031934281685016798,2.5903147592316804,2.5911001960244264,0.00030312868408219741,0.0077767172657532404,0.007773988837970469,0.00035096883204218315,0.0030022286820694764,0.0030002656207190463,0.00065429585196516719,0.022199883907315407,0.99988404271537101,4.8551896784357721e-05,383
953,1.3527077747989276,0.0014692181958808946,0.0014696896524895361,0.00032078650607823725,2.5903094477958035,2.5911001960244264,0.00030517856076587311,0.0077794369818003474,0.0077766942989710907,0.00035267977932726207,0.0030032847961158375,0.0030013097567214951,0.00065805916564234252,0.022207620433242131,0.99988417280494912,4.8758842773774599e-05,383
954,1.3541286863270778,0.0014687057489888959,0.001469178689896882,0.00032190836365815164,2.5903098554974973,2.5911001960244264,0.00030502121382330243,0.0077821427804465803,0.0077793997096389572,0.00035260700182616732,0.0030043289083467335,0.0030023538732986996,0.00065782886740926372,0.022215279167091224,0.99988407378878241,4.8763196315194319e-05,383
955,1.3555495978552279,0.0014681938238022833,0.0014686682648804132,0.00032304168985939908,2.5903102294206728,2.5911001960244264,0.00030487690324198732,0.0077848476985424107,0.0077821042063413665,0.00035253861016260849,0.0030053727194998972,0.0030033976371433243,0.00065761600533571904,0.022222913849128667,0.99988396808579039,4.8767974752776551e-05,383
956,1.3569705093833779,0.0014676824173917202,0.0014681583759277711,0.0003241874608726091,2.5903105753251925,2.5911001960244264,0.0003047434060811192,0.0077875517338049779,0.0077848077869967659,0.00035247457397668397,0.0030064162220498651,0.0030044410474520211,0.00065741832395715114,0.022230524331369676,0.99988385648931,4.8719679721526479e-05,384
957,1.3583914209115282,0.0014671715264321379,0.0014676490213966782,0.00032534683536660479,2.5903109001987428,2.5911001960244264,0.00030461802553783415,0.0077902548834600186,0.0077875104488119642,0.0003524148912664439,0.0030074594068466099,0.0030054841031467972,0.00065723312186030029,0.022238110496223193,0.99988373997387836,4.8725163698720241e-05,384
958,1.3598123324396783,0.0014666611470446885,0.0014671401995368651,0.00032652127746748771,2.5903112120477751,2.5911001960244264,0.00030449767163069711,0.0077929571443700616,0.0077902121883961688,0.00035235959015102137,0.0030085022634053788,0.0030065268029190215,0.00065705733421015722,0.022245672264232637,0.99988361966564598,4.8730868593352892e-05,384
959,1.3612332439678285,0.0014661506217153832,0.0014666317451138358,0.00032804649159917751,2.5903057396267775,2.5911001960244264,0.00030660967833969432,0.0077956716360611375,0.0077929121336633503,0.00035410413340435993,0.0030095565619154951,0.003007568810198911,0.00066091645512597629,0.022253267265259689,0.99988371960776168,4.8940677453301453e-05,384
960,1.3626541554959786,0.0014656412524957363,0.0014661239829872035,0.00032925625463384975,2.5903060509715967,2.5911001960244264,0.00030648951902677502,0.0077983721178694178,0.0077956120160016075,0.00035405839363795679,0.0030105987340547382,0.003008610793192236,0.00066075042574481862,0.022261165076836349,0.99988359567709151,4.8946976526703008e-05,384
961,1.3640750670241286,0.0014651323816648235,0.0014656167478998129,0.00033048628550642455,2.5903063767924852,2.5911001960244264,0.00030636377287114917,0.0078010717009646671,0.0077983109637507382,0.00035401732846532377,0.0030116405421603248,0.0030096524154935543,0.00066058348018385076,0.022269036610400052,0.99988347188022209,4.895348385417796e-05,384
962,1.3654959785522789,0.0014646240044948146,0.0014651100379490564,0.00033173853270584627,2.5903067265210602,2.5911001960244264,0.00030622879986797261,0.0078037703822218338,0.0078010089726015053,0.00035398108501439836,0.0030126819740389481,0.0030106936754397762,0.00066041212209392479,0.022276882001415192,0.99988334957020131,4.8960203962748104e-05,384
963,1.3669168900804289,0.0014641161164411867,0.0014646038512714434,0.00033301484891857738,2.5903071092124055,2.5911001960244264,0.00030608110533039088,0.0078064681588989682,0.0078037060384250805,0.00035394983617875438,0.0030137230180681393,0.003011734571437435,0.00066023302636368888,0.022284701443220034,0.99988323005154556,4.8967155124197241e-05,384
964,1.368337801608579,0.0014636087129925735,0.0014640981860730867,0.0003343171142271323,2.5903075332575289,2.5911001960244264,0.00030591745086264394,0.0078091650287745052,0.0078064021574363049,0.00035392377723819868,0.003014763663584696,0.0030127751020257009,0.00066004314681772217,0.022292495185247049,0.99988311453850287,4.8920883677722745e-05,385
965,1.3697587131367293,0.001463101135267956,0.0014635928769097175,0.000335982532792707,2.5903022014469115,2.5911001960244264,0.00030797519090127308,0.0078118741964000437,0.0078090964526561875,0.00035570616404813701,0.0030158157577275832,0.0030138149287464184,0.00066388581531017562,0.022300318957115962,0.99988322785211692,4.9133053146864512e-05,385
966,1.3711796246648793,0.0014625946886828536,0.0014630882496425056,0.00033734189292590916,2.5903027278366642,2.5911001960244264,0.00030777203791109429,0.0078145692578112918,0.0078117906678707117,0.00035569180725850396,0.0030168555875080146,0.0030148547245901522,0.00066366810365445846,0.022308062162496364,0.9998831236045379,4.9141080982822034e-05,385
967,1.3726005361930296,0.0014620887154379208,0.0014625841391615164,0.00033873177640201082,2.5903033142244416,2.5911001960244264,0.00030754572949648893,0.0078172634099929646,0.0078144839284408057,0.00035568331544492249,0.0030178949959508961,0.0030158941520018077,0.00066343308095223813,0.022315780709236132,0.99988302609136737,4.9149546238592641e-05,385
968,1.3740214477211796,0.0014615832126362114,0.0014620805442053671,0.00034015333226803844,2.5903039639799679,2.5911001960244264,0.00030729496515813224,0.0078199566537815388,0.007817176233330338,0.00035568092213986038,0.0030189339793798863,0.0030169332105815043,0.00066317967907428439,0.022323475019225377,0.99988293581616683,4.9158607481959145e-05,385
969,1.3754423592493297,0.0014610781781146274,0.0014615774636893937,0.00034160732986804999,2.5903046788105408,2.5911001960244264,0.00030701908598755704,0.0078226489909174433,0.0078198675824300984,0.00035568485757921315,0.003019972536400458,0.0030179719002870931,0.0006629074688119604,0.022331145537506602,0.99988285304434765,4.9168098525785892e-05,385
970,1.3768632707774799,0.0014605736101822166,0.0014610748967131097,0.00034309434240563797,2.5903054586961298,2.5911001960244264,0.00030671809971531872,0.0078253404240420463,0.0078225579766009849,0.00035569534280018603,0.0030210106679777653,0.0030190102214508272,0.00066261667904414848,0.022338792722282889,0.99988277779253909,4.9178381261202651e-05,385
971,1.37828418230563,0.0014600688517513579,0.001460572678455954,0.00034495147829869164,2.5903004721179999,2.5911001960244264,0.00030864260195480136,0.0078280442472128432,0.0078252465384632021,0.00035752340017527139,0.0030220603097879683,0.0030200478354598654,0.0006663716728170355,0.022346471916005927,0.99988293451401344,4.9395007009230867e-05,385
972,1.3797050938337803,0.0014595652145780679,0.0014600711365385815,0.00034650500777175242,2.5903013737614291,2.5911001960244264,0.00030829462489446411,0.0078307338923938249,0.0078279350283535151,0.00035754819504404099,0.0030230976100756408,0.0030210854216923227,0.00066604815900601444,0.022354073718329221,0.9998828735082903,4.9353491210325175e-05,386
973,1.3811260053619303,0.0014590620430906692,0.0014595701065555446,0.00034809116916929671,2.5903023302594028,2.5911001960244264,0.00030792547746620879,0.0078334226462974579,0.0078306225717037214,0.00035758007337176561,0.0030241345015170444,0.0030221226426204563,0.00066571054007378552,0.022361653535261306,0.9998828185877181,4.9366624587188855e-05,386
974,1.3825469168900804,0.0014585593380910353,0.0014590695883042329,0.00034970930604525378,2.5903033351189215,2.5911001960244264,0.00030753766555517313,0.0078361105145670646,0.0078333091730804789,0.00035761916511768303,0.0030251709938084554,0.0030231595000067045,0.00066536145438123387,0.022369211772958981,0.99988276882267191,4.9380866684828388e-05,386
975,1.3839678284182306,0.0014580571010808932,0.0014585695817193062,0.0003513583752438557,2.5903043805938317,2.5911001960244264,0.00030713417868430507,0.0078387975033295133,0.0078359948377849133,0.00035766556801258181,0.0030262070983072867,0.0030241959958969651,0.00066500399215202672,0.022376748800102354,0.99988272309694892,4.93963030669611e-05,386
976,1.3853887399463807,0.0014575553338363066,0.0014580700868482514,0.00035303722131590863,2.5903054579222209,2.5911001960244264,0.00030671839839498311,0.0078414836190473184,0.0078386795717237563,0.00035771934519138188,0.0030272428277000429,0.0030252321325708628,0.00066464160139387903,0.022384264939865266,0.99988268014096704,4.9413018237562301e-05,386
977,1.3868096514745307,0.001457053381248742,0.0014575709394078489,0.000355082655062467,2.5903007043822646,2.5911001960244264,0.00030855296271002555,0.0078441822397183857,0.0078413624967468756,0.00035959859943726793,0.003028290200611696,0.0030262675711182547,0.00066835778592237336,0.022391814793691053,0.99988286414554739,4.9637355786299767e-05,386
978,1.388230563002681,0.0014565525603714071,0.0014570724683656054,0.00035681684026429736,2.5903018154075252,2.5911001960244264,0.00030812417756988117,0.0078468666372489108,0.0078440453876647276,0.00035966767716819357,0.003029325227884452,0.0030273029965031816,0.00066799768097422301,0.022399512551521152,0.99988282264708805,4.9656917304540561e-05,386
979,1.389651474530831,0.0014560522167097415,0.0014565745095635255,0.0003585761321200542,2.5903029287816617,2.5911001960244264,0.00030769448591297442,0.0078495501814094711,0.0078467273676110418,0.00035974409026634074,0.0030303599220734673,0.0030283380703109907,0.00066764400655866844,0.022407346496184713,0.99988277958926897,4.9624066206193635e-05,387
